<?xml version="1.0" encoding="UTF-8" standalone="yes"?>
<accordo-servizio-parte-comune xmlns="http://www.openspcoop2.org/core/registry" service-binding="soap" nome="SdIRiceviFile" descrizione="[Fatturazione Attiva] Permette al trasmittente di inviare allo SdI il file fattura" profilo-collaborazione="sincrono" formato-specifica="wsdl11" utilizzo-senza-azione="true" filtro-duplicati="disabilitato" conferma-ricezione="disabilitato" id-collaborazione="disabilitato" id-riferimento-richiesta="disabilitato" consegna-in-ordine="disabilitato" ora-registrazione="2018-07-18T14:45:21.864+02:00" versione="1">
    <soggetto-referente tipo="sdi" nome="CentroServiziFatturaPA"/>
    <port-type nome="SdIRiceviFile" style="document" profilo-collaborazione="sincrono" filtro-duplicati="abilitato">
        <azione nome="RiceviFile" soap-action="http://www.fatturapa.it/SdIRiceviFile/RiceviFile" profilo-collaborazione="sincrono" filtro-duplicati="abilitato">
            <message-input use="literal">
                <part name="parametersIn" element-name="fileSdIAccoglienza" element-namespace="http://www.fatturapa.gov.it/sdi/ws/trasmissione/v1.0/types"/>
            </message-input>
            <message-output use="literal">
                <part name="parametersOut" element-name="rispostaSdIRiceviFile" element-namespace="http://www.fatturapa.gov.it/sdi/ws/trasmissione/v1.0/types"/>
            </message-output>
        </azione>
    </port-type>
    <allegato tipo="xsd" file="TrasmissioneTypes_v1.0.xsd" ora-registrazione="2018-07-18T14:45:49.830+02:00"/>
</accordo-servizio-parte-comune>
