<?xml version="1.0" encoding="UTF-8" standalone="yes"?>
<plugin xmlns="http://www.openspcoop2.org/core/plugins">
    <tipo-plugin>MESSAGE_HANDLER</tipo-plugin>
    <class-name>org.openspcoop2.pdd.core.handlers.suap.SUAPResponseGenerator</class-name>
    <tipo>suapResponseGenerator</tipo>
    <label>SUAP ResponseGenerator</label>
    <stato>true</stato>
    <plugin-proprieta-compatibilita>
        <nome>FaseMessageHandler</nome>
        <valore>out</valore>
    </plugin-proprieta-compatibilita>
    <plugin-proprieta-compatibilita>
        <nome>RuoloMessageHandler</nome>
        <valore>risposta</valore>
    </plugin-proprieta-compatibilita>
</plugin>
