<?xml version="1.0" encoding="UTF-8" standalone="yes"?>
<accordo-servizio-parte-comune xmlns="http://www.openspcoop2.org/core/registry" service-binding="rest" nome="SIOPEPlus" profilo-collaborazione="sincrono" formato-specifica="openApi3" utilizzo-senza-azione="true" filtro-duplicati="disabilitato" conferma-ricezione="disabilitato" id-collaborazione="disabilitato" id-riferimento-richiesta="disabilitato" consegna-in-ordine="disabilitato" ora-registrazione="2018-07-24T16:51:02.959+02:00" versione="1">
    <soggetto-referente tipo="gw" nome="MinisteroEconomiaFinanze"/>
    <resource nome="GET_idA2A.PA.codEnte.disponibilita" path="/{idA2A}/PA/{codEnte}/disponibilita" method="GET" filtro-duplicati="disabilitato" conferma-ricezione="disabilitato" id-collaborazione="disabilitato" id-riferimento-richiesta="disabilitato" consegna-in-ordine="disabilitato">
        <request>
            <parameter nome="idA2A" descrizione="identificativo A2A del tramite della PA che origina la richiesta" parameter-type="dynamicPath" required="true" tipo="string"/>
            <parameter nome="codEnte" descrizione="codice IPA della PA" parameter-type="dynamicPath" required="true" tipo="string"/>
            <parameter nome="dataUploadDa" descrizione="Filtro dei risultati sulla data di invio iniziale nel formato \&quot;yyyy-MM-dd'T'HH:mm:ss.SSS\&quot;" parameter-type="query" required="false" tipo="time"/>
            <parameter nome="dataUploadA" descrizione="Filtro dei risultati sulla data di invio finale nel formato \&quot;yyyy-MM-dd'T'HH:mm:ss.SSS\&quot;" parameter-type="query" required="false" tipo="time"/>
            <parameter nome="download" descrizione="Filtro dei risultati sul fatto che siano stati già scaricati o meno." parameter-type="query" required="false" tipo="boolean"/>
            <parameter nome="pagina" descrizione="numero della pagina dei risultati richiesta" parameter-type="query" required="false" tipo="integer"/>
        </request>
        <response descrizione="Ricerca completata con successo" status="200">
            <representation media-type="application/json" nome="response_GET__{idA2A}_PA_{codEnte}_disponibilita_application_json" representation-type="json">
                <json tipo="object"/>
            </representation>
        </response>
        <response descrizione="URL non ben formata o limitazioni non rispettate (cfr. paragrafo Limitazioni alle richieste di inquiry)" status="400"/>
        <response descrizione="identificativo A2A di chi origina la richiesta non ancora abilitato" status="401"/>
        <response descrizione="assenza dell'header di richiesta &quot;Accept: application/json&quot;" status="406"/>
        <response descrizione="richieste più frequenti di quanto consentito dalle regole di throttling" status="429"/>
    </resource>
    <resource nome="GET_idA2A.PA.codEnte.disponibilita.progDisponibilita" path="/{idA2A}/PA/{codEnte}/disponibilita/{progDisponibilita}" method="GET" filtro-duplicati="disabilitato" conferma-ricezione="disabilitato" id-collaborazione="disabilitato" id-riferimento-richiesta="disabilitato" consegna-in-ordine="disabilitato">
        <request>
            <parameter nome="idA2A" descrizione="identificativo A2A del tramite della PA che origina la richiesta" parameter-type="dynamicPath" required="true" tipo="string"/>
            <parameter nome="codEnte" descrizione="codice IPA della PA" parameter-type="dynamicPath" required="true" tipo="string"/>
            <parameter nome="progDisponibilita" descrizione="progressivo assegnato da SIOPE+ all’atto dell’invio delle disponibilità liquide" parameter-type="dynamicPath" required="true" tipo="string"/>
        </request>
        <response descrizione="Disponibilità Liquide in formato ZIP" status="200">
            <representation media-type="application/zip" nome="response_GET__{idA2A}_PA_{codEnte}_disponibilita_{progDisponibilita}_application_zip" representation-type="json">
                <json tipo="binary"/>
            </representation>
        </response>
        <response descrizione="identificativo A2A di chi origina la richiesta non ancora abilitato" status="401"/>
        <response descrizione="assenza dell'header di richiesta &quot;Accept: application/json&quot;" status="406"/>
        <response descrizione="richieste più frequenti di quanto consentito dalle regole di throttling" status="429"/>
    </resource>
    <resource nome="GET_idA2A.PA.codEnte.esitoapplicativo" path="/{idA2A}/PA/{codEnte}/esitoapplicativo" method="GET" filtro-duplicati="disabilitato" conferma-ricezione="disabilitato" id-collaborazione="disabilitato" id-riferimento-richiesta="disabilitato" consegna-in-ordine="disabilitato">
        <request>
            <parameter nome="idA2A" descrizione="identificativo A2A del tramite della PA che origina la richiesta" parameter-type="dynamicPath" required="true" tipo="string"/>
            <parameter nome="codEnte" descrizione="codice IPA della PA" parameter-type="dynamicPath" required="true" tipo="string"/>
            <parameter nome="dataUploadDa" descrizione="Filtro dei risultati sulla data di upload iniziale nel formato \&quot;yyyy-MM-dd'T'HH:mm:ss.SSS\&quot;" parameter-type="query" required="false" tipo="time"/>
            <parameter nome="dataUploadA" descrizione="Filtro dei risultati sulla data di upload finale nel formato \&quot;yyyy-MM-dd'T'HH:mm:ss.SSS\&quot;" parameter-type="query" required="false" tipo="time"/>
            <parameter nome="download" descrizione="Filtro dei risultati sul fatto che siano stati già scaricati o meno." parameter-type="query" required="false" tipo="boolean"/>
            <parameter nome="pagina" descrizione="numero della pagina dei risultati richiesta" parameter-type="query" required="false" tipo="integer"/>
        </request>
        <response descrizione="Ricerca completata con successo" status="200">
            <representation media-type="application/json" nome="response_GET__{idA2A}_PA_{codEnte}_esitoapplicativo_application_json" representation-type="json">
                <json tipo="object"/>
            </representation>
        </response>
        <response descrizione="URL non ben formata o limitazioni non rispettate (cfr. paragrafo Limitazioni alle richieste di inquiry)" status="400"/>
        <response descrizione="identificativo A2A di chi origina la richiesta non ancora abilitato" status="401"/>
        <response descrizione="assenza dell'header di richiesta &quot;Accept: application/json&quot;" status="406"/>
        <response descrizione="richieste più frequenti di quanto consentito dalle regole di throttling" status="429"/>
    </resource>
    <resource nome="GET_idA2A.PA.codEnte.esitoapplicativo.progEsitoApplicativo" path="/{idA2A}/PA/{codEnte}/esitoapplicativo/{progEsitoApplicativo}" method="GET" filtro-duplicati="disabilitato" conferma-ricezione="disabilitato" id-collaborazione="disabilitato" id-riferimento-richiesta="disabilitato" consegna-in-ordine="disabilitato">
        <request>
            <parameter nome="idA2A" descrizione="identificativo A2A del tramite della PA che origina la richiesta" parameter-type="dynamicPath" required="true" tipo="string"/>
            <parameter nome="codEnte" descrizione="codice IPA della PA" parameter-type="dynamicPath" required="true" tipo="string"/>
            <parameter nome="progEsitoApplicativo" descrizione="Progressivo assegnato da SIOPE+ all'atto dell'invio del messaggio" parameter-type="dynamicPath" required="true" tipo="string"/>
        </request>
        <response descrizione="Messaggio esito applicativo in formato ZIP" status="200">
            <representation media-type="application/zip" nome="response_GET__{idA2A}_PA_{codEnte}_esitoapplicativo_{progEsitoApplicativo}_application_zip" representation-type="json">
                <json tipo="binary"/>
            </representation>
        </response>
        <response descrizione="URL non ben formata" status="400"/>
        <response descrizione="identificativo A2A di chi origina la richiesta non ancora abilitato" status="401"/>
        <response descrizione="assenza dell'header di richiesta &quot;Accept: application/json&quot;" status="406"/>
        <response descrizione="richieste più frequenti di quanto consentito dalle regole di throttling" status="429"/>
    </resource>
    <resource nome="POST_idA2A.PA.codEnte.flusso" path="/{idA2A}/PA/{codEnte}/flusso" method="POST" filtro-duplicati="disabilitato" conferma-ricezione="disabilitato" id-collaborazione="disabilitato" id-riferimento-richiesta="disabilitato" consegna-in-ordine="disabilitato">
        <request>
            <parameter nome="idA2A" descrizione="identificativo A2A del tramite della PA che origina la richiesta" parameter-type="dynamicPath" required="true" tipo="string"/>
            <parameter nome="codEnte" descrizione="codice IPA della PA" parameter-type="dynamicPath" required="true" tipo="string"/>
            <representation media-type="application/zip" nome="request_POST__{idA2A}_PA_{codEnte}_flusso_application_zip" representation-type="json">
                <json tipo="request_POST__{idA2A}_PA_{codEnte}_flusso_application_zip"/>
            </representation>
        </request>
        <response descrizione="Flusso ordinativi inviato con successo" status="201">
            <representation media-type="application/json" nome="response_POST__{idA2A}_PA_{codEnte}_flusso_application_json" representation-type="json">
                <json tipo="object"/>
            </representation>
        </response>
        <response descrizione="URL non ben formata" status="400"/>
        <response descrizione="identificativo A2A di chi origina la richiesta non ancora abilitato" status="401"/>
        <response descrizione="assenza dell'header di richiesta &quot;Accept: application/json&quot;" status="406"/>
        <response descrizione="body della richiesta troppo grande" status="413"/>
        <response descrizione="assenza dell'header della richiesta &quot;Content-Type: application/zip&quot; o header valorizzato diversamente oppure body della richiesta non in formato zip" status="415"/>
        <response descrizione="body della richiesta non aderente al suo schema XSD o comunque di complessità troppo elevata" status="422"/>
        <response descrizione="richieste più frequenti di quanto consentito dalle regole di throttling" status="429"/>
        <response descrizione="identificativo A2A del tramite della PA, specificato nel flusso ordinativi inviato, non ancora abilitato" status="460"/>
    </resource>
    <resource nome="GET_idA2A.PA.codEnte.flusso.ack" path="/{idA2A}/PA/{codEnte}/flusso/ack" method="GET" filtro-duplicati="disabilitato" conferma-ricezione="disabilitato" id-collaborazione="disabilitato" id-riferimento-richiesta="disabilitato" consegna-in-ordine="disabilitato">
        <request>
            <parameter nome="idA2A" descrizione="identificativo A2A del tramite della PA che origina la richiesta" parameter-type="dynamicPath" required="true" tipo="string"/>
            <parameter nome="codEnte" descrizione="codice IPA della PA" parameter-type="dynamicPath" required="true" tipo="string"/>
            <parameter nome="dataProduzioneDa" descrizione="Filtro dei risultati sulla data di produzione iniziale nel formato \&quot;yyyy-MM-dd'T'HH:mm:ss.SSS\&quot;" parameter-type="query" required="false" tipo="time"/>
            <parameter nome="dataProduzioneA" descrizione="Filtro dei risultati sulla data di produzione finale nel formato \&quot;yyyy-MM-dd'T'HH:mm:ss.SSS\&quot;" parameter-type="query" required="false" tipo="time"/>
            <parameter nome="download" descrizione="Filtro dei risultati sul fatto che siano stati già scaricati o meno." parameter-type="query" required="false" tipo="boolean"/>
            <parameter nome="pagina" descrizione="numero della pagina dei risultati richiesta" parameter-type="query" required="false" tipo="integer"/>
        </request>
        <response descrizione="Ricerca completata con successo" status="200">
            <representation media-type="application/json" nome="response_GET__{idA2A}_PA_{codEnte}_flusso_ack_application_json" representation-type="json">
                <json tipo="object"/>
            </representation>
        </response>
        <response descrizione="URL non ben formata" status="400"/>
        <response descrizione="identificativo A2A di chi origina la richiesta non ancora abilitato" status="401"/>
        <response descrizione="assenza dell'header di richiesta &quot;Accept: application/json&quot;" status="406"/>
        <response descrizione="richieste più frequenti di quanto consentito dalle regole di throttling" status="429"/>
    </resource>
    <resource nome="GET_idA2A.PA.codEnte.flusso.esitoflusso" path="/{idA2A}/PA/{codEnte}/flusso/esitoflusso" method="GET" filtro-duplicati="disabilitato" conferma-ricezione="disabilitato" id-collaborazione="disabilitato" id-riferimento-richiesta="disabilitato" consegna-in-ordine="disabilitato">
        <request>
            <parameter nome="idA2A" descrizione="identificativo A2A del tramite della PA che origina la richiesta" parameter-type="dynamicPath" required="true" tipo="string"/>
            <parameter nome="codEnte" descrizione="codice IPA della PA" parameter-type="dynamicPath" required="true" tipo="string"/>
            <parameter nome="dataUploadDa" descrizione="Filtro dei risultati sulla data di upload della BT nel formato \&quot;yyyy-MM-dd'T'HH:mm:ss.SSS\&quot;" parameter-type="query" required="false" tipo="time"/>
            <parameter nome="dataUploadA" descrizione="Filtro dei risultati sulla data di upload della BT nel formato \&quot;yyyy-MM-dd'T'HH:mm:ss.SSS\&quot;" parameter-type="query" required="false" tipo="time"/>
            <parameter nome="download" descrizione="Filtro dei risultati sul fatto che siano stati già scaricati o meno." parameter-type="query" required="false" tipo="boolean"/>
            <parameter nome="pagina" descrizione="numero della pagina dei risultati richiesta" parameter-type="query" required="false" tipo="integer"/>
        </request>
        <response descrizione="Ricerca completata con successo" status="200">
            <representation media-type="application/json" nome="response_GET__{idA2A}_PA_{codEnte}_flusso_esitoflusso_application_json" representation-type="json">
                <json tipo="object"/>
            </representation>
        </response>
        <response descrizione="URL non ben formata o limitazioni non rispettate (cfr. paragrafo Limitazioni alle richieste di inquiry)" status="400"/>
        <response descrizione="identificativo A2A di chi origina la richiesta non ancora abilitato" status="401"/>
        <response descrizione="assenza dell'header di richiesta &quot;Accept: application/json&quot;" status="406"/>
        <response descrizione="richieste più frequenti di quanto consentito dalle regole di throttling" status="429"/>
    </resource>
    <resource nome="GET_idA2A.PA.codEnte.flusso.progFlusso.ack" path="/{idA2A}/PA/{codEnte}/flusso/{progFlusso}/ack" method="GET" filtro-duplicati="disabilitato" conferma-ricezione="disabilitato" id-collaborazione="disabilitato" id-riferimento-richiesta="disabilitato" consegna-in-ordine="disabilitato">
        <request>
            <parameter nome="idA2A" descrizione="identificativo A2A del tramite della PA che origina la richiesta" parameter-type="dynamicPath" required="true" tipo="string"/>
            <parameter nome="codEnte" descrizione="codice IPA della PA" parameter-type="dynamicPath" required="true" tipo="string"/>
            <parameter nome="progFlusso" descrizione="Progressivo assegnato da SIOPE+ all'atto dell'invio del flusso ordinativi" parameter-type="dynamicPath" required="true" tipo="string"/>
        </request>
        <response descrizione="Ack flusso ordinativi in formato ZIP" status="200">
            <representation media-type="application/zip" nome="response_GET__{idA2A}_PA_{codEnte}_flusso_{progFlusso}_ack_application_zip" representation-type="json">
                <json tipo="binary"/>
            </representation>
        </response>
        <response descrizione="URL non ben formata" status="400"/>
        <response descrizione="identificativo A2A di chi origina la richiesta non ancora abilitato" status="401"/>
        <response descrizione="assenza dell'header di richiesta &quot;Accept: application/json&quot;" status="406"/>
        <response descrizione="richieste più frequenti di quanto consentito dalle regole di throttling" status="429"/>
    </resource>
    <resource nome="GET_idA2A.PA.codEnte.flusso.progFlusso.esitoflusso" path="/{idA2A}/PA/{codEnte}/flusso/{progFlusso}/esitoflusso" method="GET" filtro-duplicati="disabilitato" conferma-ricezione="disabilitato" id-collaborazione="disabilitato" id-riferimento-richiesta="disabilitato" consegna-in-ordine="disabilitato">
        <request>
            <parameter nome="idA2A" descrizione="identificativo A2A del tramite della PA che origina la richiesta" parameter-type="dynamicPath" required="true" tipo="string"/>
            <parameter nome="codEnte" descrizione="codice IPA della PA" parameter-type="dynamicPath" required="true" tipo="string"/>
            <parameter nome="progFlusso" descrizione="Progressivo assegnato da SIOPE+ all'atto dell'invio del flusso ordinativi" parameter-type="dynamicPath" required="true" tipo="string"/>
        </request>
        <response descrizione="Esito flusso ordinativi in formato ZIP" status="200">
            <representation media-type="application/zip" nome="response_GET__{idA2A}_PA_{codEnte}_flusso_{progFlusso}_esitoflusso_application_zip" representation-type="json">
                <json tipo="binary"/>
            </representation>
        </response>
        <response descrizione="URL non ben formata" status="400"/>
        <response descrizione="identificativo A2A di chi origina la richiesta non ancora abilitato" status="401"/>
        <response descrizione="assenza dell'header di richiesta &quot;Accept: application/json&quot;" status="406"/>
        <response descrizione="richieste più frequenti di quanto consentito dalle regole di throttling" status="429"/>
    </resource>
    <resource nome="GET_idA2A.PA.codEnte.giornale" path="/{idA2A}/PA/{codEnte}/giornale" method="GET" filtro-duplicati="disabilitato" conferma-ricezione="disabilitato" id-collaborazione="disabilitato" id-riferimento-richiesta="disabilitato" consegna-in-ordine="disabilitato">
        <request>
            <parameter nome="idA2A" descrizione="identificativo A2A del tramite della PA che origina la richiesta" parameter-type="dynamicPath" required="true" tipo="string"/>
            <parameter nome="codEnte" descrizione="codice IPA della PA" parameter-type="dynamicPath" required="true" tipo="string"/>
            <parameter nome="dataUploadDa" descrizione="Filtro dei risultati sulla data di invio iniziale nel formato \&quot;yyyy-MM-dd'T'HH:mm:ss.SSS\&quot;" parameter-type="query" required="false" tipo="time"/>
            <parameter nome="dataUploadA" descrizione="Filtro dei risultati sulla data di invio finale nel formato \&quot;yyyy-MM-dd'T'HH:mm:ss.SSS\&quot;" parameter-type="query" required="false" tipo="time"/>
            <parameter nome="download" descrizione="Filtro dei risultati sul fatto che siano stati già scaricati o meno." parameter-type="query" required="false" tipo="boolean"/>
            <parameter nome="pagina" descrizione="numero della pagina dei risultati richiesta" parameter-type="query" required="false" tipo="integer"/>
        </request>
        <response descrizione="Ricerca completata con successo" status="200">
            <representation media-type="application/json" nome="response_GET__{idA2A}_PA_{codEnte}_giornale_application_json" representation-type="json">
                <json tipo="object"/>
            </representation>
        </response>
        <response descrizione="URL non ben formata o limitazioni non rispettate (cfr. paragrafo Limitazioni alle richieste di inquiry)" status="400"/>
        <response descrizione="identificativo A2A di chi origina la richiesta non ancora abilitato" status="401"/>
        <response descrizione="assenza dell'header di richiesta &quot;Accept: application/json&quot;" status="406"/>
        <response descrizione="richieste più frequenti di quanto consentito dalle regole di throttling" status="429"/>
    </resource>
    <resource nome="GET_idA2A.PA.codEnte.giornale.progGiornale" path="/{idA2A}/PA/{codEnte}/giornale/{progGiornale}" method="GET" filtro-duplicati="disabilitato" conferma-ricezione="disabilitato" id-collaborazione="disabilitato" id-riferimento-richiesta="disabilitato" consegna-in-ordine="disabilitato">
        <request>
            <parameter nome="idA2A" descrizione="identificativo A2A del tramite della PA che origina la richiesta" parameter-type="dynamicPath" required="true" tipo="string"/>
            <parameter nome="codEnte" descrizione="codice IPA della PA" parameter-type="dynamicPath" required="true" tipo="string"/>
            <parameter nome="progGiornale" descrizione="Progressivo assegnato da SIOPE+ all'atto dell'invio del giornale di cassa" parameter-type="dynamicPath" required="true" tipo="string"/>
        </request>
        <response descrizione="Giornale di cassa in formato ZIP" status="200">
            <representation media-type="application/zip" nome="response_GET__{idA2A}_PA_{codEnte}_giornale_{progGiornale}_application_zip" representation-type="json">
                <json tipo="binary"/>
            </representation>
        </response>
        <response descrizione="URL non ben formata" status="400"/>
        <response descrizione="identificativo A2A di chi origina la richiesta non ancora abilitato" status="401"/>
        <response descrizione="assenza dell'header di richiesta &quot;Accept: application/json&quot;" status="406"/>
        <response descrizione="richieste più frequenti di quanto consentito dalle regole di throttling" status="429"/>
    </resource>
</accordo-servizio-parte-comune>
