<?xml version="1.0" encoding="UTF-8" standalone="yes"?>
<accordo-servizio-parte-comune xmlns="http://www.openspcoop2.org/core/registry" service-binding="rest" nome="SIOPEPlus" profilo-collaborazione="sincrono" formato-specifica="openApi3" utilizzo-senza-azione="true" filtro-duplicati="disabilitato" conferma-ricezione="disabilitato" id-collaborazione="disabilitato" id-riferimento-richiesta="disabilitato" consegna-in-ordine="disabilitato" ora-registrazione="2018-11-16T15:05:41.567+01:00" versione="1">
    <soggetto-referente tipo="gw" nome="MinisteroEconomiaFinanze"/>
    <resource nome="GET_idA2A.PA.codEnte.esitoapplicativo" path="/{idA2A}/PA/{codEnte}/esitoapplicativo/" method="GET" filtro-duplicati="disabilitato" conferma-ricezione="disabilitato" id-collaborazione="disabilitato" id-riferimento-richiesta="disabilitato" consegna-in-ordine="disabilitato">
        <request/>
        <response descrizione="Ricerca completata con successo" status="200">
            <representation media-type="application/json" nome="response_GET__{idA2A}_PA_{codEnte}_esitoapplicativo__200_application_json" representation-type="json">
                <json tipo="FlussiPaginatiUpload"/>
            </representation>
        </response>
        <response descrizione="Bad Request" status="400"/>
        <response descrizione="Identificativo A2A di chi origina la richiesta non ancora abilitato" status="401"/>
        <response descrizione="Not Found" status="404"/>
        <response descrizione="Assenza dell'header di richiesta `Accept: application/json`" status="406"/>
        <response descrizione="richieste più frequenti di quanto consentito dalle regole di throttling" status="429">
            <parameter nome="Retry-After" parameter-type="header" required="false" tipo="./v3.yaml#/Retry-After"/>
            <parameter nome="X-RateLimit-Limit" parameter-type="header" required="false" tipo="./v3.yaml#/X-RateLimit-Limit"/>
            <parameter nome="X-RateLimit-Remaining" parameter-type="header" required="false" tipo="./v3.yaml#/X-RateLimit-Remaining"/>
            <parameter nome="X-RateLimit-Reset" parameter-type="header" required="false" tipo="./v3.yaml#/X-RateLimit-Reset"/>
        </response>
        <response descrizione="Servizio non disponibile" status="503">
            <parameter nome="Retry-After" parameter-type="header" required="false" tipo="./v3.yaml#/Retry-After"/>
        </response>
        <response descrizione="Errore non atteso" status="-2"/>
    </resource>
    <resource nome="POST_idA2A.PA.codEnte.esitoapplicativo" path="/{idA2A}/PA/{codEnte}/esitoapplicativo/" method="POST" filtro-duplicati="disabilitato" conferma-ricezione="disabilitato" id-collaborazione="disabilitato" id-riferimento-richiesta="disabilitato" consegna-in-ordine="disabilitato">
        <request>
            <representation media-type="application/zip" nome="request_POST__{idA2A}_PA_{codEnte}_esitoapplicativo__application_zip" representation-type="json">
                <json tipo="request_POST__{idA2A}_PA_{codEnte}_esitoapplicativo__application_zip"/>
            </representation>
        </request>
        <response descrizione="Esito applicativo inviato con successo" status="201">
            <parameter nome="X-RateLimit-Limit" parameter-type="header" required="false" tipo="./v3.yaml#/X-RateLimit-Limit"/>
            <parameter nome="X-RateLimit-Remaining" parameter-type="header" required="false" tipo="./v3.yaml#/X-RateLimit-Remaining"/>
            <parameter nome="X-RateLimit-Reset" parameter-type="header" required="false" tipo="./v3.yaml#/X-RateLimit-Reset"/>
            <representation media-type="application/json" nome="response_POST__{idA2A}_PA_{codEnte}_esitoapplicativo__201_application_json" representation-type="json">
                <json tipo="FlussoDataUpload"/>
            </representation>
        </response>
        <response descrizione="Bad Request" status="400"/>
        <response descrizione="Identificativo A2A di chi origina la richiesta non ancora abilitato" status="401"/>
        <response descrizione="Not Found" status="404"/>
        <response descrizione="Assenza dell'header di richiesta `Accept: application/json`" status="406"/>
        <response descrizione="body della richiesta troppo grande" status="413"/>
        <response descrizione="assenza dell'header della richiesta `Content-Type: application/zip` o header valorizzato diversamente oppure body della richiesta non in formato zip" status="415"/>
        <response descrizione="body della richiesta non aderente al suo schema XSD o comunque di complessità troppo elevata" status="422"/>
        <response descrizione="richieste più frequenti di quanto consentito dalle regole di throttling" status="429">
            <parameter nome="Retry-After" parameter-type="header" required="false" tipo="./v3.yaml#/Retry-After"/>
            <parameter nome="X-RateLimit-Limit" parameter-type="header" required="false" tipo="./v3.yaml#/X-RateLimit-Limit"/>
            <parameter nome="X-RateLimit-Remaining" parameter-type="header" required="false" tipo="./v3.yaml#/X-RateLimit-Remaining"/>
            <parameter nome="X-RateLimit-Reset" parameter-type="header" required="false" tipo="./v3.yaml#/X-RateLimit-Reset"/>
        </response>
        <response descrizione="identificativo A2A del tramite della PA oppure codice UNI_UO della PA, entrambi specificati nel messaggio inviato, non ancora abilitato" status="460"/>
        <response descrizione="identificativo A2A del tramite della BT oppure codice ABI della BT, entrambi specificati nel messaggio inviato, non censiti in anagrafica" status="461"/>
        <response descrizione="Servizio non disponibile" status="503">
            <parameter nome="Retry-After" parameter-type="header" required="false" tipo="./v3.yaml#/Retry-After"/>
        </response>
        <response descrizione="Errore non atteso" status="-2"/>
    </resource>
    <resource nome="GET_idA2A.PA.codEnte.esitoapplicativo.ack" path="/{idA2A}/PA/{codEnte}/esitoapplicativo/ack/" method="GET" filtro-duplicati="disabilitato" conferma-ricezione="disabilitato" id-collaborazione="disabilitato" id-riferimento-richiesta="disabilitato" consegna-in-ordine="disabilitato">
        <request/>
        <response descrizione="Ricerca completata con successo" status="200">
            <representation media-type="application/json" nome="response_GET__{idA2A}_PA_{codEnte}_esitoapplicativo_ack__200_application_json" representation-type="json">
                <json tipo="FlussiPaginatiProduzione"/>
            </representation>
        </response>
        <response descrizione="Bad Request" status="400"/>
        <response descrizione="Identificativo A2A di chi origina la richiesta non ancora abilitato" status="401"/>
        <response descrizione="Not Found" status="404"/>
        <response descrizione="Assenza dell'header di richiesta `Accept: application/json`" status="406"/>
        <response descrizione="richieste più frequenti di quanto consentito dalle regole di throttling" status="429">
            <parameter nome="Retry-After" parameter-type="header" required="false" tipo="./v3.yaml#/Retry-After"/>
            <parameter nome="X-RateLimit-Limit" parameter-type="header" required="false" tipo="./v3.yaml#/X-RateLimit-Limit"/>
            <parameter nome="X-RateLimit-Remaining" parameter-type="header" required="false" tipo="./v3.yaml#/X-RateLimit-Remaining"/>
            <parameter nome="X-RateLimit-Reset" parameter-type="header" required="false" tipo="./v3.yaml#/X-RateLimit-Reset"/>
        </response>
        <response descrizione="Servizio non disponibile" status="503">
            <parameter nome="Retry-After" parameter-type="header" required="false" tipo="./v3.yaml#/Retry-After"/>
        </response>
        <response descrizione="Errore non atteso" status="-2"/>
    </resource>
    <resource nome="GET_idA2A.PA.codEnte.esitoapplicativo.progEsitoApplicativo" path="/{idA2A}/PA/{codEnte}/esitoapplicativo/{progEsitoApplicativo}" method="GET" filtro-duplicati="disabilitato" conferma-ricezione="disabilitato" id-collaborazione="disabilitato" id-riferimento-richiesta="disabilitato" consegna-in-ordine="disabilitato">
        <request/>
        <response descrizione="Messaggio esito applicativo in formato ZIP" status="200">
            <representation media-type="application/zip" nome="response_GET__{idA2A}_PA_{codEnte}_esitoapplicativo_{progEsitoApplicativo}_200_application_zip" representation-type="json">
                <json tipo="response_GET__{idA2A}_PA_{codEnte}_esitoapplicativo_{progEsitoApplicativo}_200_application_zip"/>
            </representation>
        </response>
        <response descrizione="Bad Request" status="400"/>
        <response descrizione="Identificativo A2A di chi origina la richiesta non ancora abilitato" status="401"/>
        <response descrizione="Not Found" status="404"/>
        <response descrizione="Assenza dell'header di richiesta `Accept: application/zip`" status="406"/>
        <response descrizione="richieste più frequenti di quanto consentito dalle regole di throttling" status="429">
            <parameter nome="Retry-After" parameter-type="header" required="false" tipo="./v3.yaml#/Retry-After"/>
            <parameter nome="X-RateLimit-Limit" parameter-type="header" required="false" tipo="./v3.yaml#/X-RateLimit-Limit"/>
            <parameter nome="X-RateLimit-Remaining" parameter-type="header" required="false" tipo="./v3.yaml#/X-RateLimit-Remaining"/>
            <parameter nome="X-RateLimit-Reset" parameter-type="header" required="false" tipo="./v3.yaml#/X-RateLimit-Reset"/>
        </response>
        <response descrizione="Servizio non disponibile" status="503">
            <parameter nome="Retry-After" parameter-type="header" required="false" tipo="./v3.yaml#/Retry-After"/>
        </response>
        <response descrizione="Errore non atteso" status="-2"/>
    </resource>
    <resource nome="GET_idA2A.PA.codEnte.esitoapplicativo.progEsitoApplicativo.ack" path="/{idA2A}/PA/{codEnte}/esitoapplicativo/{progEsitoApplicativo}/ack" method="GET" filtro-duplicati="disabilitato" conferma-ricezione="disabilitato" id-collaborazione="disabilitato" id-riferimento-richiesta="disabilitato" consegna-in-ordine="disabilitato">
        <request/>
        <response descrizione="Ack messaggio esito applicativo in formato ZIP" status="200">
            <representation media-type="application/zip" nome="response_GET__{idA2A}_PA_{codEnte}_esitoapplicativo_{progEsitoApplicativo}_ack_200_application_zip" representation-type="json">
                <json tipo="response_GET__{idA2A}_PA_{codEnte}_esitoapplicativo_{progEsitoApplicativo}_ack_200_application_zip"/>
            </representation>
        </response>
        <response descrizione="Bad Request" status="400"/>
        <response descrizione="Identificativo A2A di chi origina la richiesta non ancora abilitato" status="401"/>
        <response descrizione="Not Found" status="404"/>
        <response descrizione="Assenza dell'header di richiesta `Accept: application/zip`" status="406"/>
        <response descrizione="richieste più frequenti di quanto consentito dalle regole di throttling" status="429">
            <parameter nome="Retry-After" parameter-type="header" required="false" tipo="./v3.yaml#/Retry-After"/>
            <parameter nome="X-RateLimit-Limit" parameter-type="header" required="false" tipo="./v3.yaml#/X-RateLimit-Limit"/>
            <parameter nome="X-RateLimit-Remaining" parameter-type="header" required="false" tipo="./v3.yaml#/X-RateLimit-Remaining"/>
            <parameter nome="X-RateLimit-Reset" parameter-type="header" required="false" tipo="./v3.yaml#/X-RateLimit-Reset"/>
        </response>
        <response descrizione="Servizio non disponibile" status="503">
            <parameter nome="Retry-After" parameter-type="header" required="false" tipo="./v3.yaml#/Retry-After"/>
        </response>
        <response descrizione="Errore non atteso" status="-2"/>
    </resource>
    <resource nome="GET_idA2A.PA.codEnte.flusso" path="/{idA2A}/PA/{codEnte}/flusso/" method="GET" filtro-duplicati="disabilitato" conferma-ricezione="disabilitato" id-collaborazione="disabilitato" id-riferimento-richiesta="disabilitato" consegna-in-ordine="disabilitato">
        <request/>
        <response descrizione="Ricerca completata con successo" status="200">
            <representation media-type="application/json" nome="response_GET__{idA2A}_PA_{codEnte}_flusso__200_application_json" representation-type="json">
                <json tipo="FlussiPaginatiUpload"/>
            </representation>
        </response>
        <response descrizione="Bad Request" status="400"/>
        <response descrizione="Identificativo A2A di chi origina la richiesta non ancora abilitato" status="401"/>
        <response descrizione="Not Found" status="404"/>
        <response descrizione="Assenza dell'header di richiesta `Accept: application/json`" status="406"/>
        <response descrizione="richieste più frequenti di quanto consentito dalle regole di throttling" status="429">
            <parameter nome="Retry-After" parameter-type="header" required="false" tipo="./v3.yaml#/Retry-After"/>
            <parameter nome="X-RateLimit-Limit" parameter-type="header" required="false" tipo="./v3.yaml#/X-RateLimit-Limit"/>
            <parameter nome="X-RateLimit-Remaining" parameter-type="header" required="false" tipo="./v3.yaml#/X-RateLimit-Remaining"/>
            <parameter nome="X-RateLimit-Reset" parameter-type="header" required="false" tipo="./v3.yaml#/X-RateLimit-Reset"/>
        </response>
        <response descrizione="Servizio non disponibile" status="503">
            <parameter nome="Retry-After" parameter-type="header" required="false" tipo="./v3.yaml#/Retry-After"/>
        </response>
        <response descrizione="Errore non atteso" status="-2"/>
    </resource>
    <resource nome="POST_idA2A.PA.codEnte.flusso" path="/{idA2A}/PA/{codEnte}/flusso/" method="POST" filtro-duplicati="disabilitato" conferma-ricezione="disabilitato" id-collaborazione="disabilitato" id-riferimento-richiesta="disabilitato" consegna-in-ordine="disabilitato">
        <request>
            <representation media-type="application/zip" nome="request_POST__{idA2A}_PA_{codEnte}_flusso__application_zip" representation-type="json">
                <json tipo="request_POST__{idA2A}_PA_{codEnte}_flusso__application_zip"/>
            </representation>
        </request>
        <response descrizione="Flusso ordinativi inviato con successo" status="201">
            <parameter nome="X-RateLimit-Limit" parameter-type="header" required="false" tipo="./v3.yaml#/X-RateLimit-Limit"/>
            <parameter nome="X-RateLimit-Remaining" parameter-type="header" required="false" tipo="./v3.yaml#/X-RateLimit-Remaining"/>
            <parameter nome="X-RateLimit-Reset" parameter-type="header" required="false" tipo="./v3.yaml#/X-RateLimit-Reset"/>
            <representation media-type="application/json" nome="response_POST__{idA2A}_PA_{codEnte}_flusso__201_application_json" representation-type="json">
                <json tipo="FlussoDataUpload"/>
            </representation>
        </response>
        <response descrizione="Bad Request" status="400"/>
        <response descrizione="Identificativo A2A di chi origina la richiesta non ancora abilitato" status="401"/>
        <response descrizione="Not Found" status="404"/>
        <response descrizione="Assenza dell'header di richiesta `Accept: application/json`" status="406"/>
        <response descrizione="body della richiesta troppo grande" status="413"/>
        <response descrizione="assenza dell'header della richiesta `Content-Type: application/zip` o header valorizzato diversamente oppure body della richiesta non in formato zip" status="415"/>
        <response descrizione="body della richiesta non aderente al suo schema XSD o comunque di complessità troppo elevata" status="422"/>
        <response descrizione="richieste più frequenti di quanto consentito dalle regole di throttling" status="429">
            <parameter nome="Retry-After" parameter-type="header" required="false" tipo="./v3.yaml#/Retry-After"/>
            <parameter nome="X-RateLimit-Limit" parameter-type="header" required="false" tipo="./v3.yaml#/X-RateLimit-Limit"/>
            <parameter nome="X-RateLimit-Remaining" parameter-type="header" required="false" tipo="./v3.yaml#/X-RateLimit-Remaining"/>
            <parameter nome="X-RateLimit-Reset" parameter-type="header" required="false" tipo="./v3.yaml#/X-RateLimit-Reset"/>
        </response>
        <response descrizione="identificativo A2A del tramite della PA oppure codice UNI_UO della PA, entrambi specificati nel messaggio inviato, non ancora abilitato" status="460"/>
        <response descrizione="identificativo A2A del tramite della BT oppure codice ABI della BT, entrambi specificati nel messaggio inviato, non censiti in anagrafica" status="461"/>
        <response descrizione="Servizio non disponibile" status="503">
            <parameter nome="Retry-After" parameter-type="header" required="false" tipo="./v3.yaml#/Retry-After"/>
        </response>
        <response descrizione="Errore non atteso" status="-2"/>
    </resource>
    <resource nome="GET_idA2A.PA.codEnte.flusso.ack" path="/{idA2A}/PA/{codEnte}/flusso/ack/" method="GET" filtro-duplicati="disabilitato" conferma-ricezione="disabilitato" id-collaborazione="disabilitato" id-riferimento-richiesta="disabilitato" consegna-in-ordine="disabilitato">
        <request/>
        <response descrizione="Ricerca completata con successo" status="200">
            <representation media-type="application/json" nome="response_GET__{idA2A}_PA_{codEnte}_flusso_ack__200_application_json" representation-type="json">
                <json tipo="FlussiPaginatiProduzione"/>
            </representation>
        </response>
        <response descrizione="Bad Request" status="400"/>
        <response descrizione="Identificativo A2A di chi origina la richiesta non ancora abilitato" status="401"/>
        <response descrizione="Not Found" status="404"/>
        <response descrizione="Assenza dell'header di richiesta `Accept: application/json`" status="406"/>
        <response descrizione="richieste più frequenti di quanto consentito dalle regole di throttling" status="429">
            <parameter nome="Retry-After" parameter-type="header" required="false" tipo="./v3.yaml#/Retry-After"/>
            <parameter nome="X-RateLimit-Limit" parameter-type="header" required="false" tipo="./v3.yaml#/X-RateLimit-Limit"/>
            <parameter nome="X-RateLimit-Remaining" parameter-type="header" required="false" tipo="./v3.yaml#/X-RateLimit-Remaining"/>
            <parameter nome="X-RateLimit-Reset" parameter-type="header" required="false" tipo="./v3.yaml#/X-RateLimit-Reset"/>
        </response>
        <response descrizione="Servizio non disponibile" status="503">
            <parameter nome="Retry-After" parameter-type="header" required="false" tipo="./v3.yaml#/Retry-After"/>
        </response>
        <response descrizione="Errore non atteso" status="-2"/>
    </resource>
    <resource nome="GET_idA2A.PA.codEnte.flusso.esitoflusso" path="/{idA2A}/PA/{codEnte}/flusso/esitoflusso/" method="GET" filtro-duplicati="disabilitato" conferma-ricezione="disabilitato" id-collaborazione="disabilitato" id-riferimento-richiesta="disabilitato" consegna-in-ordine="disabilitato">
        <request/>
        <response descrizione="Ricerca completata con successo" status="200">
            <representation media-type="application/json" nome="response_GET__{idA2A}_PA_{codEnte}_flusso_esitoflusso__200_application_json" representation-type="json">
                <json tipo="FlussiPaginatiUpload"/>
            </representation>
        </response>
        <response descrizione="Bad Request" status="400"/>
        <response descrizione="Identificativo A2A di chi origina la richiesta non ancora abilitato" status="401"/>
        <response descrizione="Not Found" status="404"/>
        <response descrizione="Assenza dell'header di richiesta `Accept: application/json`" status="406"/>
        <response descrizione="richieste più frequenti di quanto consentito dalle regole di throttling" status="429">
            <parameter nome="Retry-After" parameter-type="header" required="false" tipo="./v3.yaml#/Retry-After"/>
            <parameter nome="X-RateLimit-Limit" parameter-type="header" required="false" tipo="./v3.yaml#/X-RateLimit-Limit"/>
            <parameter nome="X-RateLimit-Remaining" parameter-type="header" required="false" tipo="./v3.yaml#/X-RateLimit-Remaining"/>
            <parameter nome="X-RateLimit-Reset" parameter-type="header" required="false" tipo="./v3.yaml#/X-RateLimit-Reset"/>
        </response>
        <response descrizione="Servizio non disponibile" status="503">
            <parameter nome="Retry-After" parameter-type="header" required="false" tipo="./v3.yaml#/Retry-After"/>
        </response>
        <response descrizione="Errore non atteso" status="-2"/>
    </resource>
    <resource nome="GET_idA2A.PA.codEnte.flusso.esitoflusso.ack" path="/{idA2A}/PA/{codEnte}/flusso/esitoflusso/ack/" method="GET" filtro-duplicati="disabilitato" conferma-ricezione="disabilitato" id-collaborazione="disabilitato" id-riferimento-richiesta="disabilitato" consegna-in-ordine="disabilitato">
        <request/>
        <response descrizione="Ricerca completata con successo" status="200">
            <representation media-type="application/json" nome="response_GET__{idA2A}_PA_{codEnte}_flusso_esitoflusso_ack__200_application_json" representation-type="json">
                <json tipo="FlussiPaginatiProduzione"/>
            </representation>
        </response>
        <response descrizione="Bad Request" status="400"/>
        <response descrizione="Identificativo A2A di chi origina la richiesta non ancora abilitato" status="401"/>
        <response descrizione="Not Found" status="404"/>
        <response descrizione="Assenza dell'header di richiesta `Accept: application/json`" status="406"/>
        <response descrizione="richieste più frequenti di quanto consentito dalle regole di throttling" status="429">
            <parameter nome="Retry-After" parameter-type="header" required="false" tipo="./v3.yaml#/Retry-After"/>
            <parameter nome="X-RateLimit-Limit" parameter-type="header" required="false" tipo="./v3.yaml#/X-RateLimit-Limit"/>
            <parameter nome="X-RateLimit-Remaining" parameter-type="header" required="false" tipo="./v3.yaml#/X-RateLimit-Remaining"/>
            <parameter nome="X-RateLimit-Reset" parameter-type="header" required="false" tipo="./v3.yaml#/X-RateLimit-Reset"/>
        </response>
        <response descrizione="Servizio non disponibile" status="503">
            <parameter nome="Retry-After" parameter-type="header" required="false" tipo="./v3.yaml#/Retry-After"/>
        </response>
        <response descrizione="Errore non atteso" status="-2"/>
    </resource>
    <resource nome="GET_idA2A.PA.codEnte.flusso.progFlusso" path="/{idA2A}/PA/{codEnte}/flusso/{progFlusso}" method="GET" filtro-duplicati="disabilitato" conferma-ricezione="disabilitato" id-collaborazione="disabilitato" id-riferimento-richiesta="disabilitato" consegna-in-ordine="disabilitato">
        <request/>
        <response descrizione="Flusso ordinativi in formato ZIP" status="200">
            <representation media-type="application/zip" nome="response_GET__{idA2A}_PA_{codEnte}_flusso_{progFlusso}_200_application_zip" representation-type="json">
                <json tipo="response_GET__{idA2A}_PA_{codEnte}_flusso_{progFlusso}_200_application_zip"/>
            </representation>
        </response>
        <response descrizione="Bad Request" status="400"/>
        <response descrizione="Identificativo A2A di chi origina la richiesta non ancora abilitato" status="401"/>
        <response descrizione="Not Found" status="404"/>
        <response descrizione="Assenza dell'header di richiesta `Accept: application/zip`" status="406"/>
        <response descrizione="richieste più frequenti di quanto consentito dalle regole di throttling" status="429">
            <parameter nome="Retry-After" parameter-type="header" required="false" tipo="./v3.yaml#/Retry-After"/>
            <parameter nome="X-RateLimit-Limit" parameter-type="header" required="false" tipo="./v3.yaml#/X-RateLimit-Limit"/>
            <parameter nome="X-RateLimit-Remaining" parameter-type="header" required="false" tipo="./v3.yaml#/X-RateLimit-Remaining"/>
            <parameter nome="X-RateLimit-Reset" parameter-type="header" required="false" tipo="./v3.yaml#/X-RateLimit-Reset"/>
        </response>
        <response descrizione="Servizio non disponibile" status="503">
            <parameter nome="Retry-After" parameter-type="header" required="false" tipo="./v3.yaml#/Retry-After"/>
        </response>
        <response descrizione="Errore non atteso" status="-2"/>
    </resource>
    <resource nome="GET_idA2A.PA.codEnte.flusso.progFlusso.ack" path="/{idA2A}/PA/{codEnte}/flusso/{progFlusso}/ack" method="GET" filtro-duplicati="disabilitato" conferma-ricezione="disabilitato" id-collaborazione="disabilitato" id-riferimento-richiesta="disabilitato" consegna-in-ordine="disabilitato">
        <request/>
        <response descrizione="Ack flusso ordinativi in formato ZIP" status="200">
            <representation media-type="application/zip" nome="response_GET__{idA2A}_PA_{codEnte}_flusso_{progFlusso}_ack_200_application_zip" representation-type="json">
                <json tipo="response_GET__{idA2A}_PA_{codEnte}_flusso_{progFlusso}_ack_200_application_zip"/>
            </representation>
        </response>
        <response descrizione="Bad Request" status="400"/>
        <response descrizione="Identificativo A2A di chi origina la richiesta non ancora abilitato" status="401"/>
        <response descrizione="Not Found" status="404"/>
        <response descrizione="richieste più frequenti di quanto consentito dalle regole di throttling" status="429">
            <parameter nome="Retry-After" parameter-type="header" required="false" tipo="./v3.yaml#/Retry-After"/>
            <parameter nome="X-RateLimit-Limit" parameter-type="header" required="false" tipo="./v3.yaml#/X-RateLimit-Limit"/>
            <parameter nome="X-RateLimit-Remaining" parameter-type="header" required="false" tipo="./v3.yaml#/X-RateLimit-Remaining"/>
            <parameter nome="X-RateLimit-Reset" parameter-type="header" required="false" tipo="./v3.yaml#/X-RateLimit-Reset"/>
        </response>
        <response descrizione="Servizio non disponibile" status="503">
            <parameter nome="Retry-After" parameter-type="header" required="false" tipo="./v3.yaml#/Retry-After"/>
        </response>
        <response descrizione="Errore non atteso" status="-2"/>
    </resource>
    <resource nome="GET_idA2A.PA.codEnte.flusso.progFlusso.esitoflusso" path="/{idA2A}/PA/{codEnte}/flusso/{progFlusso}/esitoflusso" method="GET" filtro-duplicati="disabilitato" conferma-ricezione="disabilitato" id-collaborazione="disabilitato" id-riferimento-richiesta="disabilitato" consegna-in-ordine="disabilitato">
        <request/>
        <response descrizione="Esito flusso ordinativi in formato ZIP" status="200">
            <representation media-type="application/zip" nome="response_GET__{idA2A}_PA_{codEnte}_flusso_{progFlusso}_esitoflusso_200_application_zip" representation-type="json">
                <json tipo="response_GET__{idA2A}_PA_{codEnte}_flusso_{progFlusso}_esitoflusso_200_application_zip"/>
            </representation>
        </response>
        <response descrizione="Bad Request" status="400"/>
        <response descrizione="Identificativo A2A di chi origina la richiesta non ancora abilitato" status="401"/>
        <response descrizione="Not Found" status="404"/>
        <response descrizione="Assenza dell'header di richiesta `Accept: application/zip`" status="406"/>
        <response descrizione="richieste più frequenti di quanto consentito dalle regole di throttling" status="429">
            <parameter nome="Retry-After" parameter-type="header" required="false" tipo="./v3.yaml#/Retry-After"/>
            <parameter nome="X-RateLimit-Limit" parameter-type="header" required="false" tipo="./v3.yaml#/X-RateLimit-Limit"/>
            <parameter nome="X-RateLimit-Remaining" parameter-type="header" required="false" tipo="./v3.yaml#/X-RateLimit-Remaining"/>
            <parameter nome="X-RateLimit-Reset" parameter-type="header" required="false" tipo="./v3.yaml#/X-RateLimit-Reset"/>
        </response>
        <response descrizione="Servizio non disponibile" status="503">
            <parameter nome="Retry-After" parameter-type="header" required="false" tipo="./v3.yaml#/Retry-After"/>
        </response>
        <response descrizione="Errore non atteso" status="-2"/>
    </resource>
    <resource nome="POST_idA2A.PA.codEnte.flusso.progFlusso.esitoflusso" path="/{idA2A}/PA/{codEnte}/flusso/{progFlusso}/esitoflusso/" method="POST" filtro-duplicati="disabilitato" conferma-ricezione="disabilitato" id-collaborazione="disabilitato" id-riferimento-richiesta="disabilitato" consegna-in-ordine="disabilitato">
        <request>
            <representation media-type="application/zip" nome="request_POST__{idA2A}_PA_{codEnte}_flusso_{progFlusso}_esitoflusso__application_zip" representation-type="json">
                <json tipo="request_POST__{idA2A}_PA_{codEnte}_flusso_{progFlusso}_esitoflusso__application_zip"/>
            </representation>
        </request>
        <response descrizione="Flusso ordinativi inviato con successo" status="201">
            <parameter nome="X-RateLimit-Limit" parameter-type="header" required="false" tipo="./v3.yaml#/X-RateLimit-Limit"/>
            <parameter nome="X-RateLimit-Remaining" parameter-type="header" required="false" tipo="./v3.yaml#/X-RateLimit-Remaining"/>
            <parameter nome="X-RateLimit-Reset" parameter-type="header" required="false" tipo="./v3.yaml#/X-RateLimit-Reset"/>
            <representation media-type="application/json" nome="response_POST__{idA2A}_PA_{codEnte}_flusso_{progFlusso}_esitoflusso__201_application_json" representation-type="json">
                <json tipo="FlussoDataUpload"/>
            </representation>
        </response>
        <response descrizione="Bad Request" status="400"/>
        <response descrizione="Identificativo A2A di chi origina la richiesta non ancora abilitato" status="401"/>
        <response descrizione="Not Found" status="404"/>
        <response descrizione="Assenza dell'header di richiesta `Accept: application/json`" status="406"/>
        <response descrizione="body della richiesta troppo grande" status="413"/>
        <response descrizione="assenza dell'header della richiesta `Content-Type: application/zip` o header valorizzato diversamente oppure body della richiesta non in formato zip" status="415"/>
        <response descrizione="body della richiesta non aderente al suo schema XSD o comunque di complessità troppo elevata" status="422"/>
        <response descrizione="richieste più frequenti di quanto consentito dalle regole di throttling" status="429">
            <parameter nome="Retry-After" parameter-type="header" required="false" tipo="./v3.yaml#/Retry-After"/>
            <parameter nome="X-RateLimit-Limit" parameter-type="header" required="false" tipo="./v3.yaml#/X-RateLimit-Limit"/>
            <parameter nome="X-RateLimit-Remaining" parameter-type="header" required="false" tipo="./v3.yaml#/X-RateLimit-Remaining"/>
            <parameter nome="X-RateLimit-Reset" parameter-type="header" required="false" tipo="./v3.yaml#/X-RateLimit-Reset"/>
        </response>
        <response descrizione="identificativo A2A del tramite della PA oppure codice UNI_UO della PA, entrambi specificati nel messaggio inviato, non ancora abilitato" status="460"/>
        <response descrizione="identificativo A2A del tramite della BT oppure codice ABI della BT, entrambi specificati nel messaggio inviato, non censiti in anagrafica" status="461"/>
        <response descrizione="Servizio non disponibile" status="503">
            <parameter nome="Retry-After" parameter-type="header" required="false" tipo="./v3.yaml#/Retry-After"/>
        </response>
        <response descrizione="Errore non atteso" status="-2"/>
    </resource>
    <resource nome="GET_idA2A.PA.codEnte.flusso.progFlusso.esitoflusso.ack" path="/{idA2A}/PA/{codEnte}/flusso/{progFlusso}/esitoflusso/ack" method="GET" filtro-duplicati="disabilitato" conferma-ricezione="disabilitato" id-collaborazione="disabilitato" id-riferimento-richiesta="disabilitato" consegna-in-ordine="disabilitato">
        <request/>
        <response descrizione="Ack esito flusso ordinativi in formato ZIP" status="200">
            <representation media-type="application/zip" nome="response_GET__{idA2A}_PA_{codEnte}_flusso_{progFlusso}_esitoflusso_ack_200_application_zip" representation-type="json">
                <json tipo="response_GET__{idA2A}_PA_{codEnte}_flusso_{progFlusso}_esitoflusso_ack_200_application_zip"/>
            </representation>
        </response>
        <response descrizione="Bad Request" status="400"/>
        <response descrizione="Identificativo A2A di chi origina la richiesta non ancora abilitato" status="401"/>
        <response descrizione="Not Found" status="404"/>
        <response descrizione="Assenza dell'header di richiesta `Accept: application/zip`" status="406"/>
        <response descrizione="richieste più frequenti di quanto consentito dalle regole di throttling" status="429">
            <parameter nome="X-RateLimit-Limit" parameter-type="header" required="false" tipo="./v3.yaml#/X-RateLimit-Limit"/>
            <parameter nome="X-RateLimit-Remaining" parameter-type="header" required="false" tipo="./v3.yaml#/X-RateLimit-Remaining"/>
            <parameter nome="X-RateLimit-Reset" parameter-type="header" required="false" tipo="./v3.yaml#/X-RateLimit-Reset"/>
            <parameter nome="Retry-After" parameter-type="header" required="false" tipo="./v3.yaml#/Retry-After"/>
        </response>
        <response descrizione="Servizio non disponibile" status="503">
            <parameter nome="Retry-After" parameter-type="header" required="false" tipo="./v3.yaml#/Retry-After"/>
        </response>
        <response descrizione="Errore non atteso" status="-2"/>
    </resource>
    <resource nome="GET_idA2A.PA.codEnte.giornale" path="/{idA2A}/PA/{codEnte}/giornale/" method="GET" filtro-duplicati="disabilitato" conferma-ricezione="disabilitato" id-collaborazione="disabilitato" id-riferimento-richiesta="disabilitato" consegna-in-ordine="disabilitato">
        <request/>
        <response descrizione="Ricerca completata con successo" status="200">
            <representation media-type="application/json" nome="response_GET__{idA2A}_PA_{codEnte}_giornale__200_application_json" representation-type="json">
                <json tipo="FlussiPaginatiUpload"/>
            </representation>
        </response>
        <response descrizione="Bad Request" status="400"/>
        <response descrizione="Identificativo A2A di chi origina la richiesta non ancora abilitato" status="401"/>
        <response descrizione="Not Found" status="404"/>
        <response descrizione="Assenza dell'header di richiesta `Accept: application/json`" status="406"/>
        <response descrizione="richieste più frequenti di quanto consentito dalle regole di throttling" status="429">
            <parameter nome="Retry-After" parameter-type="header" required="false" tipo="./v3.yaml#/Retry-After"/>
            <parameter nome="X-RateLimit-Limit" parameter-type="header" required="false" tipo="./v3.yaml#/X-RateLimit-Limit"/>
            <parameter nome="X-RateLimit-Remaining" parameter-type="header" required="false" tipo="./v3.yaml#/X-RateLimit-Remaining"/>
            <parameter nome="X-RateLimit-Reset" parameter-type="header" required="false" tipo="./v3.yaml#/X-RateLimit-Reset"/>
        </response>
        <response descrizione="Servizio non disponibile" status="503">
            <parameter nome="Retry-After" parameter-type="header" required="false" tipo="./v3.yaml#/Retry-After"/>
        </response>
        <response descrizione="Errore non atteso" status="-2"/>
    </resource>
    <resource nome="POST_idA2A.PA.codEnte.giornale" path="/{idA2A}/PA/{codEnte}/giornale/" method="POST" filtro-duplicati="disabilitato" conferma-ricezione="disabilitato" id-collaborazione="disabilitato" id-riferimento-richiesta="disabilitato" consegna-in-ordine="disabilitato">
        <request>
            <representation media-type="application/zip" nome="request_POST__{idA2A}_PA_{codEnte}_giornale__application_zip" representation-type="json">
                <json tipo="request_POST__{idA2A}_PA_{codEnte}_giornale__application_zip"/>
            </representation>
        </request>
        <response descrizione="Giornale di cassa inviato con successo" status="201">
            <parameter nome="X-RateLimit-Limit" parameter-type="header" required="false" tipo="./v3.yaml#/X-RateLimit-Limit"/>
            <parameter nome="X-RateLimit-Remaining" parameter-type="header" required="false" tipo="./v3.yaml#/X-RateLimit-Remaining"/>
            <parameter nome="X-RateLimit-Reset" parameter-type="header" required="false" tipo="./v3.yaml#/X-RateLimit-Reset"/>
            <representation media-type="application/json" nome="response_POST__{idA2A}_PA_{codEnte}_giornale__201_application_json" representation-type="json">
                <json tipo="FlussoDataUpload"/>
            </representation>
        </response>
        <response descrizione="Bad Request" status="400"/>
        <response descrizione="Identificativo A2A di chi origina la richiesta non ancora abilitato" status="401"/>
        <response descrizione="Not Found" status="404"/>
        <response descrizione="Assenza dell'header di richiesta `Accept: application/json`" status="406"/>
        <response descrizione="body della richiesta troppo grande" status="413"/>
        <response descrizione="assenza dell'header della richiesta `Content-Type: application/zip` o header valorizzato diversamente oppure body della richiesta non in formato zip" status="415"/>
        <response descrizione="body della richiesta non aderente al suo schema XSD o comunque di complessità troppo elevata" status="422"/>
        <response descrizione="richieste più frequenti di quanto consentito dalle regole di throttling" status="429">
            <parameter nome="Retry-After" parameter-type="header" required="false" tipo="./v3.yaml#/Retry-After"/>
            <parameter nome="X-RateLimit-Limit" parameter-type="header" required="false" tipo="./v3.yaml#/X-RateLimit-Limit"/>
            <parameter nome="X-RateLimit-Remaining" parameter-type="header" required="false" tipo="./v3.yaml#/X-RateLimit-Remaining"/>
            <parameter nome="X-RateLimit-Reset" parameter-type="header" required="false" tipo="./v3.yaml#/X-RateLimit-Reset"/>
        </response>
        <response descrizione="identificativo A2A del tramite della PA oppure codice UNI_UO della PA, entrambi specificati nel messaggio inviato, non ancora abilitato" status="460"/>
        <response descrizione="identificativo A2A del tramite della BT oppure codice ABI della BT, entrambi specificati nel messaggio inviato, non censiti in anagrafica" status="461"/>
        <response descrizione="Servizio non disponibile" status="503">
            <parameter nome="Retry-After" parameter-type="header" required="false" tipo="./v3.yaml#/Retry-After"/>
        </response>
        <response descrizione="Errore non atteso" status="-2"/>
    </resource>
    <resource nome="GET_idA2A.PA.codEnte.giornale.ack" path="/{idA2A}/PA/{codEnte}/giornale/ack/" method="GET" filtro-duplicati="disabilitato" conferma-ricezione="disabilitato" id-collaborazione="disabilitato" id-riferimento-richiesta="disabilitato" consegna-in-ordine="disabilitato">
        <request/>
        <response descrizione="Bad Request" status="400"/>
        <response descrizione="Ricerca completata con successo" status="200">
            <representation media-type="application/json" nome="response_GET__{idA2A}_PA_{codEnte}_giornale_ack__200_application_json" representation-type="json">
                <json tipo="FlussiPaginatiProduzione"/>
            </representation>
        </response>
        <response descrizione="Identificativo A2A di chi origina la richiesta non ancora abilitato" status="401"/>
        <response descrizione="Not Found" status="404"/>
        <response descrizione="Assenza dell'header di richiesta `Accept: application/json`" status="406"/>
        <response descrizione="richieste più frequenti di quanto consentito dalle regole di throttling" status="429">
            <parameter nome="Retry-After" parameter-type="header" required="false" tipo="./v3.yaml#/Retry-After"/>
            <parameter nome="X-RateLimit-Limit" parameter-type="header" required="false" tipo="./v3.yaml#/X-RateLimit-Limit"/>
            <parameter nome="X-RateLimit-Remaining" parameter-type="header" required="false" tipo="./v3.yaml#/X-RateLimit-Remaining"/>
            <parameter nome="X-RateLimit-Reset" parameter-type="header" required="false" tipo="./v3.yaml#/X-RateLimit-Reset"/>
        </response>
        <response descrizione="Servizio non disponibile" status="503">
            <parameter nome="Retry-After" parameter-type="header" required="false" tipo="./v3.yaml#/Retry-After"/>
        </response>
        <response descrizione="Errore non atteso" status="-2"/>
    </resource>
    <resource nome="GET_idA2A.PA.codEnte.giornale.progGiornale" path="/{idA2A}/PA/{codEnte}/giornale/{progGiornale}" method="GET" filtro-duplicati="disabilitato" conferma-ricezione="disabilitato" id-collaborazione="disabilitato" id-riferimento-richiesta="disabilitato" consegna-in-ordine="disabilitato">
        <request/>
        <response descrizione="Giornale di cassa in formato ZIP" status="200">
            <representation media-type="application/zip" nome="response_GET__{idA2A}_PA_{codEnte}_giornale_{progGiornale}_200_application_zip" representation-type="json">
                <json tipo="response_GET__{idA2A}_PA_{codEnte}_giornale_{progGiornale}_200_application_zip"/>
            </representation>
        </response>
        <response descrizione="Bad Request" status="400"/>
        <response descrizione="Identificativo A2A di chi origina la richiesta non ancora abilitato" status="401"/>
        <response descrizione="Not Found" status="404"/>
        <response descrizione="Assenza dell'header di richiesta `Accept: application/zip`" status="406"/>
        <response descrizione="richieste più frequenti di quanto consentito dalle regole di throttling" status="429">
            <parameter nome="Retry-After" parameter-type="header" required="false" tipo="./v3.yaml#/Retry-After"/>
            <parameter nome="X-RateLimit-Limit" parameter-type="header" required="false" tipo="./v3.yaml#/X-RateLimit-Limit"/>
            <parameter nome="X-RateLimit-Remaining" parameter-type="header" required="false" tipo="./v3.yaml#/X-RateLimit-Remaining"/>
            <parameter nome="X-RateLimit-Reset" parameter-type="header" required="false" tipo="./v3.yaml#/X-RateLimit-Reset"/>
        </response>
        <response descrizione="Servizio non disponibile" status="503">
            <parameter nome="Retry-After" parameter-type="header" required="false" tipo="./v3.yaml#/Retry-After"/>
        </response>
        <response descrizione="Errore non atteso" status="-2"/>
    </resource>
    <resource nome="GET_idA2A.PA.codEnte.giornale.progGiornale.ack" path="/{idA2A}/PA/{codEnte}/giornale/{progGiornale}/ack" method="GET" filtro-duplicati="disabilitato" conferma-ricezione="disabilitato" id-collaborazione="disabilitato" id-riferimento-richiesta="disabilitato" consegna-in-ordine="disabilitato">
        <request/>
        <response descrizione="Ack flusso ordinativi in formato ZIP" status="200">
            <representation media-type="application/zip" nome="response_GET__{idA2A}_PA_{codEnte}_giornale_{progGiornale}_ack_200_application_zip" representation-type="json">
                <json tipo="response_GET__{idA2A}_PA_{codEnte}_giornale_{progGiornale}_ack_200_application_zip"/>
            </representation>
        </response>
        <response descrizione="Bad Request" status="400"/>
        <response descrizione="Identificativo A2A di chi origina la richiesta non ancora abilitato" status="401"/>
        <response descrizione="Not Found" status="404"/>
        <response descrizione="Assenza dell'header di richiesta `Accept: application/zip`" status="406"/>
        <response descrizione="richieste più frequenti di quanto consentito dalle regole di throttling" status="429">
            <parameter nome="Retry-After" parameter-type="header" required="false" tipo="./v3.yaml#/Retry-After"/>
            <parameter nome="X-RateLimit-Limit" parameter-type="header" required="false" tipo="./v3.yaml#/X-RateLimit-Limit"/>
            <parameter nome="X-RateLimit-Remaining" parameter-type="header" required="false" tipo="./v3.yaml#/X-RateLimit-Remaining"/>
            <parameter nome="X-RateLimit-Reset" parameter-type="header" required="false" tipo="./v3.yaml#/X-RateLimit-Reset"/>
        </response>
        <response descrizione="Servizio non disponibile" status="503">
            <parameter nome="Retry-After" parameter-type="header" required="false" tipo="./v3.yaml#/Retry-After"/>
        </response>
        <response descrizione="Errore non atteso" status="-2"/>
    </resource>
    <allegato tipo="yaml" file="v3.yaml" ora-registrazione="2018-11-16T15:05:49.569+01:00"/>
</accordo-servizio-parte-comune>
