<?xml version="1.0" encoding="UTF-8"?>
<openspcoop2 xmlns="http://www.openspcoop2.org/protocol/information_missing">

	<wizard step="4" step-in-delete="1" descrizione="VerificaAnagrafica - AgenzieEntrate" intestazione-originale="false" >
                <requisiti>
                        <protocollo nome="spcoop"/>
                </requisiti>
        </wizard> 
	<operazione>

		<soggetto tipo="RIFERIMENTO" descrizione="Soggetto"
			  protocollo="spcoop" tipo-pdd="operativo" >
			<replace-match>
				<nome tipo="EMPTY" />
				<tipo tipo="EQUALS" valore="spc" />
			</replace-match>
			<header>
				<item tipo="note" valore="Selezionare il soggetto PA che deve interagire con l'AgenziaEntrate"/>
			</header>
		</soggetto>

	</operazione>

	<operazione>

		<fruitore tipo="CONNETTORE" descrizione="Configurazione HTTPS - Fruizione Servizio VerificaAnagrafica"
			protocollo="spcoop">
		        <replace-match>
		        	<!-- <nome tipo="EMPTY" /> e' gia' il valore inserito allo step precedente -->
				<tipo tipo="EQUALS" valore="spc" />
				<nome-servizio tipo="EQUALS" valore="VerificaAnagrafica" />
				<tipo-servizio tipo="EQUALS" valore="spc" />
		        </replace-match>
			<header>
				<item tipo="note" valore="Registrare l'endpoint a cui vengono inviate le richieste di consultazione del servizio."/>
				<item tipo="subtitle" label="Connettore"/>
			</header>
			<default>
				<proprieta nome="interfaccia" valore="standard"/>
				<proprieta nome="connettore" valore="http"/>
				<proprieta nome="endpointtype" valore="https"/>
				<proprieta nome="endpointtype_ckb" valore="abilitato"/>
				<proprieta nome="endpointtype_https" valore="abilitato"/>
				<proprieta nome="url" valore="https://agenziaentrate.spcoop.gov.it/openspcoop/PA"/>
				<proprieta nome="httpsstato" valore="abilitato"/>
			</default>
		</fruitore>

	</operazione>

	<operazione>

		<input descrizione="Configurazione Cornice Sicurezza SAML - Fruizione Servizio VerificaAnagrafica">
			<proprieta use-in-delete="false" placeholder="CODICE_ENTE" nome="Codice Ente" >
				<header>
					<item tipo="subtitle" label="Dati Utenza"/>
				</header>
			</proprieta>
			<proprieta use-in-delete="false" placeholder="CODICE_UTENTE" nome="User" />
			<proprieta use-in-delete="false" placeholder="CODICE_IP_UTENTE" nome="IP-User" />

			<proprieta use-in-delete="false" placeholder="KEYSTORE_PATH" nome="Path" >
				<header>
					<item tipo="subtitle" label="XML Signature - Keystore"/>
					<item tipo="note" valore="Utilizzare il certificato di firma ottenuto da AgenziaEntrate"/>
				</header>
			</proprieta>
			<proprieta use-in-delete="false" placeholder="KEYSTORE_TYPE" nome="Tipo (jks/pkcs12)" default="jks" />
			<proprieta use-in-delete="false" placeholder="KEYSTORE_PASSWORD" nome="Password" />
			<proprieta use-in-delete="false" placeholder="KEY_ALIAS" nome="Alias Chiave Privata" />
			<proprieta use-in-delete="false" placeholder="KEY_PASSWORD" nome="Password Chiave Privata" />

		</input>

	</operazione>
	
	<operazione>

		<servizio-applicativo tipo="CREDENZIALI_ACCESSO_PDD" descrizione="Fruizione Servizio VerificaAnagrafica">
			<replace-match>
				<nome tipo="EQUALS" valore="VerificaAnagrafica" />
			</replace-match>
			<header>
				<item tipo="note" valore="Definire la modalità di autenticazione dell'applicativo interno."/>
				<item tipo="note" valore="Le credenziali indicate dovranno essere utilizzate dall'applicativo interno per fruire del servizio VerificaAnagrafica"/>
				<item tipo="subtitle" label="Credenziali di Accesso"/>
			</header>
			<default>
				<proprieta nome="tipoauthCredenziali" valore="basic"/>
				<proprieta nome="utenteCredenziali" valore="VerificaAnagrafica"/>
			</default>
		</servizio-applicativo>
		<servizio-applicativo tipo="ALLINEA_CREDENZIALI_PD" descrizione="Allineo tipo di autenticazione nelle porteDelegate riferite">
			<replace-match>
		                <nome tipo="EQUALS" valore="VerificaAnagrafica" />
		        </replace-match>
		</servizio-applicativo>

	</operazione>

	<operazione>

		<accordo-servizio-parte-comune tipo="STATO_ARCHIVIO" descrizione="StatiAccordiImpostatiAOperativi" stato="operativo">
			<replace-match>
				<nome tipo="ALL" />
			</replace-match>
		</accordo-servizio-parte-comune>


		<accordo-servizio-parte-specifica tipo="STATO_ARCHIVIO" descrizione="StatiAccordiImpostatiAOperativi" stato="operativo">
		        <replace-match>
		                <nome tipo="ALL" />
		        </replace-match>
		</accordo-servizio-parte-specifica>

		<fruitore tipo="STATO_ARCHIVIO" descrizione="StatiAccordiImpostatiAOperativi" stato="operativo">
		        <replace-match>
		                <nome tipo="ALL" />
		        </replace-match>
		</fruitore>

	</operazione>

</openspcoop2>
