<?xml version="1.0" encoding="UTF-8"?>
<accordo-servizio-parte-comune xmlns="http://www.openspcoop2.org/core/registry" nome="TrasmissioneFatture" profilo-collaborazione="oneway" versione="1">
    	<soggetto-referente tipo="SPC" nome="CentroServiziFatturaPA"/>
        <port-type nome="TrasmissioneFatture" profilo-collaborazione="oneway" style="document">
            <azione nome="RicevutaConsegna" profilo-collaborazione="oneway">
                <message-input use="literal"
                    soap-namespace="http://www.fatturapa.gov.it/sdi/ws/trasmissione/v1.0">
                    <part name="ricevuta" element-name="ricevutaConsegna"
                        element-namespace="http://www.fatturapa.gov.it/sdi/ws/trasmissione/v1.0/types"
                    />
                </message-input>
            </azione>
            <azione nome="NotificaMancataConsegna" profilo-collaborazione="oneway">
                <message-input use="literal"
                    soap-namespace="http://www.fatturapa.gov.it/sdi/ws/trasmissione/v1.0">
                    <part name="mancataConsegna" element-name="notificaMancataConsegna"
                        element-namespace="http://www.fatturapa.gov.it/sdi/ws/trasmissione/v1.0/types"
                    />
                </message-input>
            </azione>
            <azione nome="NotificaScarto" profilo-collaborazione="oneway">
                <message-input use="literal"
                    soap-namespace="http://www.fatturapa.gov.it/sdi/ws/trasmissione/v1.0">
                    <part name="scarto" element-name="notificaScarto"
                        element-namespace="http://www.fatturapa.gov.it/sdi/ws/trasmissione/v1.0/types"
                    />
                </message-input>
            </azione>
            <azione nome="NotificaEsito" profilo-collaborazione="oneway">
                <message-input use="literal"
                    soap-namespace="http://www.fatturapa.gov.it/sdi/ws/trasmissione/v1.0">
                    <part name="esito" element-name="notificaEsito"
                        element-namespace="http://www.fatturapa.gov.it/sdi/ws/trasmissione/v1.0/types"
                    />
                </message-input>
            </azione>
            <azione nome="NotificaDecorrenzaTermini" profilo-collaborazione="oneway">
                <message-input use="literal"
                    soap-namespace="http://www.fatturapa.gov.it/sdi/ws/trasmissione/v1.0">
                    <part name="decorrenzaTermini" element-name="notificaDecorrenzaTermini"
                        element-namespace="http://www.fatturapa.gov.it/sdi/ws/trasmissione/v1.0/types"
                    />
                </message-input>
            </azione>
            <azione nome="AttestazioneTrasmissioneFattura" profilo-collaborazione="oneway">
                <message-input use="literal"
                    soap-namespace="http://www.fatturapa.gov.it/sdi/ws/trasmissione/v1.0">
                    <part name="attestazioneTrasmissioneFattura"
                        element-name="attestazioneTrasmissioneFattura"
                        element-namespace="http://www.fatturapa.gov.it/sdi/ws/trasmissione/v1.0/types"
                    />
                </message-input>
            </azione>
        </port-type>
    	<allegato tipo="XSD" file="TrasmissioneTypes_v1.1.xsd"/>
</accordo-servizio-parte-comune>
