<?xml version="1.0" encoding="UTF-8" standalone="yes"?>
<accordo-servizio-parte-specifica xmlns="http://www.openspcoop2.org/core/registry" tipo="modipa" nome="SignalHubTestYesDigest" versione="1" accordo-servizio-parte-comune="modipa/ENTE:SignalHubTest:1" tipologia-servizio="normale" ora-registrazione="2025-12-16T18:12:11.739+01:00" descrizione="">
    <configurazione-servizio>
        <connettore tipo="disabilitato" nome="CNT_modipa/DemoSoggettoErogatore_modipa/SignalHubTestYesDigest/1"/>
    </configurazione-servizio>
    <protocol-property name="modipaInfoGenDescriptorId" value="yesDigest1,yesDigest2,yesDigest3"/>
    <protocol-property name="modipaInfoGenEserviceId" value="eServiceMultiple"/>
    <protocol-property name="modipaInfoGenSignalHub" boolean-value="true"/>
    <protocol-property name="modipaInfoGenSignalHubAlg" value="SHA-256"/>
    <protocol-property name="modipaInfoGenSignalHubOp" value="GET_pseudonymization"/>
    <protocol-property name="modipaInfoGenSignalHubPseudonymization" boolean-value="true"/>
    <protocol-property name="modipaInfoGenSignalHubPulisherRole" value="-"/>
    <protocol-property name="modipaInfoGenSignalHubPulisherSA" value="SignalHubCryptoInfoBasic"/>
    <protocol-property name="modipaInfoGenSignalHubPulisherText" value="Pubblicatore"/>
    <protocol-property name="modipaInfoGenSignalHubSeedLifetime" number-value="1"/>
    <protocol-property name="modipaInfoGenSignalHubSeedSize" number-value="16"/>
    <proprieta-oggetto utente-richiedente="amministratore" data-creazione="2025-12-16T18:12:11.714+01:00" utente-ultima-modifica="amministratore" data-ultima-modifica="2025-12-22T09:03:40.860+01:00"/>
</accordo-servizio-parte-specifica>
