<?xml version="1.0" encoding="UTF-8"?>
<openspcoop2 xmlns="http://www.openspcoop2.org/protocol/information_missing">

	<wizard step="4" step-in-delete="1" descrizione="pagoPA - Piattaforma Pagamenti Telematici SGPDD" intestazione-originale="false" >
                <requisiti>
                        <protocollo nome="spcoop"/>
			<input descrizione="Servizi pagoPA">
				<proprieta tipo="checkbox" default="yes" nome="PagamentiEnte" label="Iniziativa Ente (Modello 1)" 
					reload-on-change="true" use-in-delete="false">
					<header>
						<item tipo="note" valore="Selezionare il tipo di pagamenti che si desidera attuare"/>
					</header>
				</proprieta>
				<proprieta tipo="checkbox" default="no" nome="PagamentiPSP" label="Iniziativa PSP (Modello 3)"  
					step-increment-condition="yes" step-increment="1" reload-on-change="true" use-in-delete="false">
					<conditions>
						<proprieta nome="PagamentiEnte" valore="yes" />
					</conditions>
				</proprieta>
				<proprieta tipo="checkbox" default="yes" nome="PagamentiPSPnotEnte" label="Iniziativa PSP (Modello 3)"  
					step-increment-condition="yes" step-increment="1" reload-on-change="true" use-in-delete="false">
					<conditions>
						<proprieta not="true" nome="PagamentiEnte" valore="yes" />
					</conditions>
				</proprieta>

				<proprieta tipo="hidden" nome="SezionePSP" use-in-delete="false">
					<conditions and="false">
						<proprieta nome="PagamentiPSP" valore="yes" />
						<proprieta nome="PagamentiPSPnotEnte" valore="yes" />
					</conditions>
					<header>
						<item tipo="subtitle" label="Pagamenti ad Iniziativa PSP"/>
					</header>
				</proprieta>
				<proprieta tipo="checkbox" default="no" nome="PagamentiSpontanei" label="Pagamenti Spontanei"  
					step-increment-condition="yes" step-increment="1" use-in-delete="false">
					<conditions and="false">
						<proprieta nome="PagamentiPSP" valore="yes" />
						<proprieta nome="PagamentiPSPnotEnte" valore="yes" />
					</conditions>
				</proprieta>
				<proprieta tipo="checkbox" default="no" nome="AvvisaturaDigitalePull" label="Avvisatura Digitale Pull"  
					step-increment-condition="yes" step-increment="1" use-in-delete="false">
					<conditions and="false">
						<proprieta nome="PagamentiPSP" valore="yes" />
						<proprieta nome="PagamentiPSPnotEnte" valore="yes" />
					</conditions>
				</proprieta>
				<proprieta tipo="checkbox" default="no" nome="AvvisaturaDigitalePush" label="Avvisatura Digitale Push"  
					step-increment-condition="yes" step-increment="2" use-in-delete="false">
					<conditions and="false">
						<proprieta nome="PagamentiPSP" valore="yes" />
						<proprieta nome="PagamentiPSPnotEnte" valore="yes" />
					</conditions>
				</proprieta>

			</input>
                </requisiti>
        </wizard> 
	<operazione>

		<soggetto tipo="RIFERIMENTO" descrizione="Soggetto"
			  protocollo="spcoop" tipo-pdd="operativo" >
			<replace-match>
				<nome tipo="EMPTY" />
				<tipo tipo="EQUALS" valore="spc" />
			</replace-match>
			<header>
				<item tipo="note" valore="Selezionare il soggetto PA che deve interagire con la piattaforma dei servizi pagoPA SGPDD"/>
			</header>
		</soggetto>

	</operazione>

	<operazione>

		<fruitore tipo="CONNETTORE" descrizione="Fruizione Servizio PagamentiTelematiciRPT60E (Richieste di Pagamento inviate al Nodo)"
			protocollo="spcoop">
		        <replace-match>
		        	<!-- <nome tipo="EMPTY" /> e' gia' il valore inserito allo step precedente -->
				<tipo tipo="EQUALS" valore="spc" />
				<nome-servizio tipo="EQUALS" valore="PagamentiTelematiciRPT60E" />
				<tipo-servizio tipo="EQUALS" valore="spc" />
		        </replace-match>
			<header>
				<item tipo="note" valore="Definire l'endpoint a cui vengono inviate le richieste di pagamento."/>
				<item tipo="note" valore="Utilizzare l'endpoint della piattaforma target ottenuta durante l'accreditamento del canale"/>
				<item tipo="subtitle" label="Connettore"/>
			</header>
			<default>
				<proprieta nome="interfaccia" valore="standard"/>
				<proprieta nome="connettore" valore="http"/>
				<proprieta nome="endpointtype" valore="https"/>
				<proprieta nome="endpointtype_ckb" valore="abilitato"/>
				<proprieta nome="endpointtype_https" valore="abilitato"/>
				<proprieta nome="url" valore="https://PortaEquivalenteProd.sia.eu/openspcoop/PA"/>
				<proprieta nome="httpsstato" valore="abilitato"/>
			</default>
		</fruitore>

	</operazione>

	<operazione>

		<servizio-applicativo tipo="CREDENZIALI_ACCESSO_PDD" descrizione="Fruizione Servizio PagamentiTelematiciRPT60E (Richieste di Pagamento inviate al Nodo)">
			<replace-match>
				<nome tipo="EQUALS" valore="PagamentiTelematiciRPT" />
			</replace-match>
			<header>
				<item tipo="note" valore="Definire la modalità di autenticazione dell'applicativo interno."/>
				<item tipo="note" valore="Le credenziali indicate dovranno essere utilizzate dall'applicativo interno per fruire del servizio PagamentiTelematiciRPT60E"/>
				<item tipo="subtitle" label="Credenziali di Accesso"/>
			</header>
			<default>
				<proprieta nome="tipoauthCredenziali" valore="basic"/>
				<proprieta nome="utenteCredenziali" valore="PagamentiTelematiciRPT"/>
			</default>
		</servizio-applicativo>
		<servizio-applicativo tipo="ALLINEA_CREDENZIALI_PD" descrizione="Allineo tipo di autenticazione nelle porteDelegate riferite">
			<replace-match>
		                <nome tipo="EQUALS" valore="PagamentiTelematiciRPT" />
		        </replace-match>
		</servizio-applicativo>

	</operazione>

	<operazione>

		<servizio-applicativo tipo="CONNETTORE" descrizione="Erogazione Servizio PagamentiTelematiciRT60E (Ricevute Telematiche ricevute dal Nodo)"
			protocollo="spcoop">
		        <replace-match>
		                <nome tipo="ENDS_WITH" valore="/spc_PagamentiTelematiciRT/v1" />
		        </replace-match>
			<header>
				<item tipo="note" valore="Definire l'endpoint dell'applicativo interno a cui vengono consegnate le ricevute telematiche"/>
				<item tipo="subtitle" label="Connettore"/>
			</header>
			<default>
				<proprieta nome="interfaccia" valore="standard"/>
				<proprieta nome="connettore" valore="http"/>
				<proprieta nome="sbustamento" valore="disabilitato"/>
				<proprieta nome="sbustamentoInformazioniProtocolloRichiesta" valore="abilitato"/>
				<proprieta nome="endpointtype" valore="http"/>
				<proprieta nome="endpointtype_ckb" valore="abilitato"/>
				<proprieta nome="endpointtype_https" valore="disabilitato"/>
				<proprieta nome="url" valore="https://..."/>
			</default>
		</servizio-applicativo>

	</operazione>

	<operazione>

		<servizio-applicativo tipo="CONNETTORE" descrizione="Erogazione Servizio PagamentiTelematiciCCP60E (Verifiche Attivazione Pagamento ricevute dal Nodo)"
			protocollo="spcoop">
			<conditions and="false">
				<proprieta nome="PagamentiPSP" valore="yes" />
				<proprieta nome="PagamentiPSPnotEnte" valore="yes" />
			</conditions>
		        <replace-match>
		                <nome tipo="ENDS_WITH" valore="/spc_PagamentiTelematiciCCP/v1" />
		        </replace-match>
			<header>
				<item tipo="note" valore="Definire l'endpoint dell'applicativo interno a cui vengono consegnate le verifiche di attivazione pagamento"/>
				<item tipo="subtitle" label="Connettore"/>
			</header>
			<default>
				<proprieta nome="interfaccia" valore="standard"/>
				<proprieta nome="connettore" valore="http"/>
				<proprieta nome="sbustamento" valore="disabilitato"/>
				<proprieta nome="sbustamentoInformazioniProtocolloRichiesta" valore="abilitato"/>
				<proprieta nome="endpointtype" valore="http"/>
				<proprieta nome="endpointtype_ckb" valore="abilitato"/>
				<proprieta nome="endpointtype_https" valore="disabilitato"/>
				<proprieta nome="url" valore="https://..."/>
			</default>
		</servizio-applicativo>

	</operazione>

	<operazione>

		<servizio-applicativo tipo="CONNETTORE" descrizione="Erogazione Servizio GenerazioneAvvisi60E (Pagamenti Spontanei)"
			protocollo="spcoop">
			<conditions>
				<proprieta nome="PagamentiSpontanei" valore="yes" />
			</conditions>
		        <replace-match>
		                <nome tipo="ENDS_WITH" valore="/spc_GenerazioneAvvisi/v1" />
		        </replace-match>
			<header>
				<item tipo="note" valore="Definire l'endpoint dell'applicativo interno a cui vengono consegnate la generazione degli avvisi per i pagamenti spontanei"/>
				<item tipo="subtitle" label="Connettore"/>
			</header>
			<default>
				<proprieta nome="interfaccia" valore="standard"/>
				<proprieta nome="connettore" valore="http"/>
				<proprieta nome="sbustamento" valore="disabilitato"/>
				<proprieta nome="sbustamentoInformazioniProtocolloRichiesta" valore="abilitato"/>
				<proprieta nome="endpointtype" valore="http"/>
				<proprieta nome="endpointtype_ckb" valore="abilitato"/>
				<proprieta nome="endpointtype_https" valore="disabilitato"/>
				<proprieta nome="url" valore="https://..."/>
			</default>
		</servizio-applicativo>

	</operazione>

	<operazione>

		<servizio-applicativo tipo="CONNETTORE" descrizione="Erogazione Servizio ChiediElencoAvvisiDigitali60E (Avvisatura Digitale Pull)"
			protocollo="spcoop">
			<conditions>
				<proprieta nome="AvvisaturaDigitalePull" valore="yes" />
			</conditions>
		        <replace-match>
		                <nome tipo="ENDS_WITH" valore="/spc_ChiediElencoAvvisiDigitali/v1" />
		        </replace-match>
			<header>
				<item tipo="note" valore="Definire l'endpoint dell'applicativo interno per l'avvisatura digitale 'Pull'"/>
				<item tipo="subtitle" label="Connettore"/>
			</header>
			<default>
				<proprieta nome="interfaccia" valore="standard"/>
				<proprieta nome="connettore" valore="http"/>
				<proprieta nome="sbustamento" valore="disabilitato"/>
				<proprieta nome="sbustamentoInformazioniProtocolloRichiesta" valore="abilitato"/>
				<proprieta nome="endpointtype" valore="http"/>
				<proprieta nome="endpointtype_ckb" valore="abilitato"/>
				<proprieta nome="endpointtype_https" valore="disabilitato"/>
				<proprieta nome="url" valore="https://..."/>
			</default>
		</servizio-applicativo>

	</operazione>

	<operazione>

		<fruitore tipo="CONNETTORE" descrizione="Fruizione Servizio NodoInviaAvvisoDigitale60E (Avvisatura Digitale Push)"
			protocollo="spcoop">
			<conditions>
				<proprieta nome="AvvisaturaDigitalePush" valore="yes" />
			</conditions>
		        <replace-match>
		        	<!-- <nome tipo="EMPTY" /> e' gia' il valore inserito allo step precedente -->
				<tipo tipo="EQUALS" valore="spc" />
				<nome-servizio tipo="EQUALS" valore="NodoInviaAvvisoDigitale60E" />
				<tipo-servizio tipo="EQUALS" valore="spc" />
		        </replace-match>
			<header>
				<item tipo="note" valore="Definire l'endpoint a cui vengono inviate le richieste di avvisatura digitale 'Push'."/>
				<item tipo="note" valore="Utilizzare l'endpoint della piattaforma target ottenuta durante l'accreditamento del canale"/>
				<item tipo="subtitle" label="Connettore"/>
			</header>
			<default>
				<proprieta nome="interfaccia" valore="standard"/>
				<proprieta nome="connettore" valore="http"/>
				<proprieta nome="endpointtype" valore="https"/>
				<proprieta nome="endpointtype_ckb" valore="abilitato"/>
				<proprieta nome="endpointtype_https" valore="abilitato"/>
				<proprieta nome="url" valore="https://PortaEquivalenteProd.sia.eu/openspcoop/PA"/>
				<proprieta nome="httpsstato" valore="abilitato"/>
			</default>
		</fruitore>

	</operazione>

	<operazione>

		<servizio-applicativo tipo="CREDENZIALI_ACCESSO_PDD" descrizione="Fruizione Servizio NodoInviaAvvisoDigitale60E (Avvisatura Digitale Push)">
			<conditions>
				<proprieta nome="AvvisaturaDigitalePush" valore="yes" />
			</conditions>
			<replace-match>
				<nome tipo="EQUALS" valore="NodoInviaAvvisoDigitale" />
			</replace-match>
			<header>
				<item tipo="note" valore="Definire la modalità di autenticazione dell'applicativo interno."/>
				<item tipo="note" valore="Le credenziali indicate dovranno essere utilizzate dall'applicativo interno per fruire del servizio NodoInviaAvvisoDigitale60E"/>
				<item tipo="subtitle" label="Credenziali di Accesso"/>
			</header>
			<default>
				<proprieta nome="tipoauthCredenziali" valore="basic"/>
				<proprieta nome="utenteCredenziali" valore="NodoInviaAvvisoDigitale"/>
			</default>
		</servizio-applicativo>
		<servizio-applicativo tipo="ALLINEA_CREDENZIALI_PD" descrizione="Allineo tipo di autenticazione nelle porteDelegate riferite">
			<replace-match>
		                <nome tipo="EQUALS" valore="NodoInviaAvvisoDigitale" />
		        </replace-match>
		</servizio-applicativo>

	</operazione>

	<operazione>

		<accordo-servizio-parte-comune tipo="STATO_ARCHIVIO" descrizione="StatiAccordiImpostatiAOperativi" stato="operativo">
			<replace-match>
				<nome tipo="ALL" />
			</replace-match>
		</accordo-servizio-parte-comune>


		<accordo-servizio-parte-specifica tipo="STATO_ARCHIVIO" descrizione="StatiAccordiImpostatiAOperativi" stato="operativo">
		        <replace-match>
		                <nome tipo="ALL" />
		        </replace-match>
		</accordo-servizio-parte-specifica>

		<fruitore tipo="STATO_ARCHIVIO" descrizione="StatiAccordiImpostatiAOperativi" stato="operativo">
		        <replace-match>
		                <nome tipo="ALL" />
		        </replace-match>
		</fruitore>

	</operazione>

	<operazione>

		<porta-delegata tipo="STATO" descrizione="NodoInviaAvvisoDigitale60E StatoAbilitato" stato="abilitato">
			<conditions>
				<proprieta nome="AvvisaturaDigitalePush" valore="yes" />
			</conditions>
			<replace-match>
				<nome tipo="ENDS_WITH" valore="/spc_NodoInviaAvvisoDigitale60E/v1" />
			</replace-match>
		</porta-delegata>
		<porta-delegata tipo="STATO" descrizione="NodoInviaAvvisoDigitale60E StatoDisabilitato" stato="disabilitato">
			<conditions not="true">
				<proprieta nome="AvvisaturaDigitalePush" valore="yes" />
			</conditions>
			<replace-match>
				<nome tipo="ENDS_WITH" valore="/spc_NodoInviaAvvisoDigitale60E/v1" />
			</replace-match>
		</porta-delegata>

		<porta-applicativa tipo="STATO" descrizione="PagamentiTelematiciCCP60E StatoAbilitato" stato="abilitato">
			<conditions and="false">
				<proprieta nome="PagamentiPSP" valore="yes" />
				<proprieta nome="PagamentiPSPnotEnte" valore="yes" />
			</conditions>
			<replace-match>
				<nome tipo="ENDS_WITH" valore="/spc_PagamentiTelematiciCCP60E/v1" />
			</replace-match>
		</porta-applicativa>
		<porta-applicativa tipo="STATO" descrizione="PagamentiTelematiciCCP60E StatoDisabilitato" stato="disabilitato">
			<conditions not="true" and="false">
				<proprieta nome="PagamentiPSP" valore="yes" />
				<proprieta nome="PagamentiPSPnotEnte" valore="yes" />
			</conditions>
			<replace-match>
				<nome tipo="ENDS_WITH" valore="/spc_PagamentiTelematiciCCP60E/v1" />
			</replace-match>
		</porta-applicativa>

		<porta-applicativa tipo="STATO" descrizione="GenerazioneAvvisi60E StatoAbilitato" stato="abilitato">
			<conditions>
				<proprieta nome="PagamentiSpontanei" valore="yes" />
			</conditions>
			<replace-match>
				<nome tipo="ENDS_WITH" valore="/spc_GenerazioneAvvisi60E/v1" />
			</replace-match>
		</porta-applicativa>
		<porta-applicativa tipo="STATO" descrizione="GenerazioneAvvisi60E StatoDisabilitato" stato="disabilitato">
			<conditions not="true">
				<proprieta nome="PagamentiSpontanei" valore="yes" />
			</conditions>
			<replace-match>
				<nome tipo="ENDS_WITH" valore="/spc_GenerazioneAvvisi60E/v1" />
			</replace-match>
		</porta-applicativa>

		<porta-applicativa tipo="STATO" descrizione="ChiediElencoAvvisiDigitali60E StatoAbilitato" stato="abilitato">
			<conditions>
				<proprieta nome="AvvisaturaDigitalePull" valore="yes" />
			</conditions>
			<replace-match>
				<nome tipo="ENDS_WITH" valore="/spc_ChiediElencoAvvisiDigitali60E/v1" />
			</replace-match>
		</porta-applicativa>
		<porta-applicativa tipo="STATO" descrizione="ChiediElencoAvvisiDigitali60E StatoDisabilitato" stato="disabilitato">
			<conditions not="true">
				<proprieta nome="AvvisaturaDigitalePull" valore="yes" />
			</conditions>
			<replace-match>
				<nome tipo="ENDS_WITH" valore="/spc_ChiediElencoAvvisiDigitali60E/v1" />
			</replace-match>
		</porta-applicativa>

	</operazione>

</openspcoop2>
