<registro-servizi xmlns="http://www.openspcoop2.org/core/registry">

	<accordo-servizio-parte-comune xmlns="http://www.openspcoop2.org/core/registry" service-binding="soap" nome="api-soap-status" descrizione="Monitoraggio dello stato di GovWay" profilo-collaborazione="sincrono" formato-specifica="wsdl11" utilizzo-senza-azione="true" filtro-duplicati="disabilitato" conferma-ricezione="disabilitato" id-collaborazione="disabilitato" id-riferimento-richiesta="disabilitato" consegna-in-ordine="disabilitato" ora-registrazione="2020-11-30T17:08:17.695+01:00" versione="1">
	    <soggetto-referente tipo="gw" nome="SOGGETTO_LOCALE"/>

    <port-type nome="api-soap-status" style="document" profilo-collaborazione="sincrono" filtro-duplicati="abilitato">
        <azione nome="echo" style="document" soap-action="echo" profilo-collaborazione="sincrono" filtro-duplicati="abilitato">
            <message-input use="literal">
                <part name="msg" element-name="getStatus" element-namespace="https://govway.org/apiStatus"/>
            </message-input>
            <message-output use="literal">
                <part name="msg" element-name="problem" element-namespace="urn:ietf:rfc:7807"/>
            </message-output>
        </azione>
    </port-type>
    <gruppi>
        <gruppo nome="API-GovWay"/>
    </gruppi>
	</accordo-servizio-parte-comune>

	<gruppo xmlns="http://www.openspcoop2.org/core/registry" nome="API-GovWay" />

	<soggetto xmlns="http://www.openspcoop2.org/core/registry" tipo="gw" nome="SOGGETTO_LOCALE">

		<accordo-servizio-parte-specifica xmlns="http://www.openspcoop2.org/core/registry" tipo="gw" nome="api-soap-status" versione="1" accordo-servizio-parte-comune="gw/SOGGETTO_LOCALE:api-soap-status:1" tipologia-servizio="normale" port-type="api-soap-status" ora-registrazione="2019-04-11T16:05:44.698+02:00" descrizione="">
		    <configurazione-servizio>
			<connettore tipo="disabilitato" nome="CNT_gw/SOGGETTO_LOCALE_gw/api-soap-status/1"/>
		    </configurazione-servizio>
		</accordo-servizio-parte-specifica>

	</soggetto>

</registro-servizi>
