<?xml version="1.0" encoding="UTF-8" standalone="yes"?>
<ns2:porta-delegata xmlns:ns2="http://www.openspcoop2.org/core/config" nome="modipa_DemoSoggettoFruitoreEsternoTestInterno/modipa_DemoSoggettoErogatore/modipa_DemoAutorizzazioneGenerazioneTokenRest/v1" descrizione="Subscription from modipa/DemoSoggettoFruitoreEsternoTestInterno for service modipa/DemoSoggettoErogatore:modipa/DemoAutorizzazioneGenerazioneTokenRest:1" autenticazione="basic" autorizzazione="authenticated" ricevuta-asincrona-simmetrica="abilitato" ricevuta-asincrona-asimmetrica="abilitato" allega-body="disabilitato" scarta-body="disabilitato" ricerca-porta-azione-delegata="abilitato" stato="abilitato">
    <ns2:soggetto-erogatore tipo="modipa" nome="DemoSoggettoErogatore"/>
    <ns2:servizio tipo="modipa" nome="DemoAutorizzazioneGenerazioneTokenRest" versione="1"/>
    <ns2:azione identificazione="interfaceBased" force-interface-based="abilitato"/>
    <ns2:servizio-applicativo nome="ApplicativoBlockingIDA01ExampleExternalClient1"/>
    <ns2:servizio-applicativo nome="ApplicativoBlockingIDA01ExampleExternalClient2"/>
    <ns2:servizio-applicativo nome="ApplicativoBlockingIDA01ExampleExternalClient3"/>
    <ns2:servizio-applicativo nome="ApplicativoBlockingIDA01ExampleExternalClientToken1"/>
    <ns2:servizio-applicativo nome="ApplicativoBlockingIDA01ExampleExternalClientToken2"/>
    <ns2:servizio-applicativo nome="ApplicativoBlockingIDA01ExampleExternalClient4"/>
    <ns2:servizio-applicativo nome="ApplicativoBlockingIDA01ExampleExternalClientToken3"/>
</ns2:porta-delegata>
