<?xml version="1.0" encoding="UTF-8" standalone="yes"?>
<ns2:porta-delegata xmlns:ns2="http://www.openspcoop2.org/core/config" nome="__modipa_DemoSoggettoFruitoreEsternoTestInterno/modipa_DemoSoggettoErogatore/modipa_DemoAutorizzazioneGenerazioneModITokenRest/v1__Specific1" descrizione="Internal Subscription 'Specific1' for modipa_DemoSoggettoFruitoreEsternoTestInterno/modipa_DemoSoggettoErogatore/modipa_DemoAutorizzazioneGenerazioneModITokenRest/v1" autenticazione="basic" autorizzazione="authenticated" ricevuta-asincrona-simmetrica="abilitato" ricevuta-asincrona-asimmetrica="abilitato" allega-body="disabilitato" scarta-body="disabilitato" ricerca-porta-azione-delegata="disabilitato" stato="abilitato">
    <ns2:soggetto-erogatore tipo="modipa" nome="DemoSoggettoErogatore"/>
    <ns2:servizio tipo="modipa" nome="DemoAutorizzazioneGenerazioneModITokenRest" versione="1"/>
    <ns2:azione identificazione="delegatedBy" nome-porta-delegante="modipa_DemoSoggettoFruitoreEsternoTestInterno/modipa_DemoSoggettoErogatore/modipa_DemoAutorizzazioneGenerazioneModITokenRest/v1" force-interface-based="disabilitato">
        <ns2:azione-delegata>httpsRequired</ns2:azione-delegata>
    </ns2:azione>
    <ns2:servizio-applicativo nome="ApplicativoBlockingIDA01ExampleExternalClient1"/>
    <ns2:servizio-applicativo nome="ApplicativoBlockingIDA01ExampleExternalClient4"/>
    <ns2:servizio-applicativo nome="ApplicativoBlockingIDA01ExampleExternalClient1ConClientIdTokenClient2"/>
</ns2:porta-delegata>
