<?xml version="1.0" encoding="UTF-8" standalone="yes"?>
<accordo-servizio-parte-comune xmlns="http://www.openspcoop2.org/core/registry" service-binding="rest" nome="BigInterface-SwaggerRequestValidatorTest" descrizione="fhir" profilo-collaborazione="sincrono" formato-specifica="openApi3" utilizzo-senza-azione="true" filtro-duplicati="disabilitato" conferma-ricezione="disabilitato" consegna-in-ordine="disabilitato" ora-registrazione="2022-12-02T14:26:31.017+01:00" versione="1">
    <soggetto-referente tipo="gw" nome="ENTE"/>
    <resource nome="POST_CarePlan" path="/CarePlan" method="POST" filtro-duplicati="disabilitato" conferma-ricezione="disabilitato" consegna-in-ordine="disabilitato">
        <request>
            <representation media-type="application/fhir+json" nome="CarePlan" representation-type="json">
                <json tipo="CarePlan"/>
            </representation>
        </request>
        <response descrizione="Resource created" status="201">
            <parameter nome="Location" parameter-type="header" required="false" tipo="string" restrizioni="type=string; style=simple; explode=false"/>
        </response>
        <response descrizione="Bad Request" status="400">
            <representation media-type="application/problem+json" nome="response_POST__CarePlan_400_application_problem+json" representation-type="json">
                <json tipo="Problem"/>
            </representation>
        </response>
        <response descrizione="Not Found" status="404">
            <representation media-type="application/problem+json" nome="response_POST__CarePlan_404_application_problem+json" representation-type="json">
                <json tipo="Problem"/>
            </representation>
        </response>
    </resource>
    <resource nome="GET_CarePlan.careplan_id" path="/CarePlan/{careplan_id}" method="GET" filtro-duplicati="disabilitato" conferma-ricezione="disabilitato" consegna-in-ordine="disabilitato">
        <request>
            <parameter nome="careplan_id" descrizione="Identificativo del Careplan" parameter-type="dynamicPath" required="true" tipo="string" restrizioni="type=string; pattern=^[A-Za-z0-9\-\.]{1,64}$; style=simple; explode=false"/>
        </request>
        <response descrizione="OK" status="200">
            <representation media-type="application/fhir+json" nome="response_GET__CarePlan_{careplan_id}_200_application_fhir+json" representation-type="json">
                <json tipo="CarePlan"/>
            </representation>
        </response>
        <response descrizione="Not Found" status="404">
            <representation media-type="application/problem+json" nome="response_GET__CarePlan_{careplan_id}_404_application_problem+json" representation-type="json">
                <json tipo="Problem"/>
            </representation>
        </response>
    </resource>
    <resource nome="POST_Invoice" path="/Invoice" method="POST" filtro-duplicati="disabilitato" conferma-ricezione="disabilitato" consegna-in-ordine="disabilitato">
        <request>
            <representation media-type="application/fhir+json" nome="Invoice" representation-type="json">
                <json tipo="Invoice"/>
            </representation>
        </request>
        <response descrizione="OK" status="201">
            <representation media-type="application/fhir+json" nome="response_POST__Invoice_201_application_fhir+json" representation-type="json">
                <json tipo="Invoice"/>
            </representation>
        </response>
        <response descrizione="Bad Request" status="400">
            <representation media-type="application/problem+json" nome="response_POST__Invoice_400_application_problem+json" representation-type="json">
                <json tipo="Problem"/>
            </representation>
        </response>
        <response descrizione="Not Found" status="404">
            <representation media-type="application/problem+json" nome="response_POST__Invoice_404_application_problem+json" representation-type="json">
                <json tipo="Problem"/>
            </representation>
        </response>
        <response descrizione="Entità non elaborabile" status="422">
            <representation media-type="application/problem+json" nome="response_POST__Invoice_422_application_problem+json" representation-type="json">
                <json tipo="Problem"/>
            </representation>
        </response>
    </resource>
    <resource nome="DELETE_Invoice.invoice_id" path="/Invoice/{invoice_id}" method="DELETE" filtro-duplicati="disabilitato" conferma-ricezione="disabilitato" consegna-in-ordine="disabilitato">
        <request>
            <parameter nome="invoice_id" descrizione="Identificativo Invoice" parameter-type="dynamicPath" required="true" tipo="string" restrizioni="type=string; pattern=^[A-Za-z0-9\-\.]{1,64}$; style=simple; explode=false"/>
        </request>
        <response descrizione="OK" status="200"/>
        <response descrizione="Not Found" status="404">
            <representation media-type="application/problem+json" nome="response_DELETE__Invoice_{invoice_id}_404_application_problem+json" representation-type="json">
                <json tipo="Problem"/>
            </representation>
        </response>
    </resource>
    <resource nome="GET_Invoice.invoice_id" path="/Invoice/{invoice_id}" method="GET" filtro-duplicati="disabilitato" conferma-ricezione="disabilitato" consegna-in-ordine="disabilitato">
        <request>
            <parameter nome="invoice_id" descrizione="Identificativo Invoice" parameter-type="dynamicPath" required="true" tipo="string" restrizioni="type=string; pattern=^[A-Za-z0-9\-\.]{1,64}$; style=simple; explode=false"/>
        </request>
        <response descrizione="OK" status="200">
            <representation media-type="application/fhir+json" nome="response_GET__Invoice_{invoice_id}_200_application_fhir+json" representation-type="json">
                <json tipo="Invoice"/>
            </representation>
        </response>
        <response descrizione="Not Found" status="404">
            <representation media-type="application/problem+json" nome="response_GET__Invoice_{invoice_id}_404_application_problem+json" representation-type="json">
                <json tipo="Problem"/>
            </representation>
        </response>
    </resource>
    <resource nome="PATCH_Invoice.invoice_id" path="/Invoice/{invoice_id}" method="PATCH" filtro-duplicati="disabilitato" conferma-ricezione="disabilitato" consegna-in-ordine="disabilitato">
        <request>
            <parameter nome="invoice_id" descrizione="Identificativo Invoice" parameter-type="dynamicPath" required="true" tipo="string" restrizioni="type=string; pattern=^[A-Za-z0-9\-\.]{1,64}$; style=simple; explode=false"/>
            <representation media-type="application/json-patch+json" nome="Invoice" representation-type="json">
                <json tipo="Invoice"/>
            </representation>
        </request>
        <response descrizione="OK" status="200"/>
        <response descrizione="Not Found" status="404">
            <representation media-type="application/problem+json" nome="response_PATCH__Invoice_{invoice_id}_404_application_problem+json" representation-type="json">
                <json tipo="Problem"/>
            </representation>
        </response>
        <response descrizione="Precondition Failed" status="412">
            <representation media-type="application/problem+json" nome="response_PATCH__Invoice_{invoice_id}_412_application_problem+json" representation-type="json">
                <json tipo="Problem"/>
            </representation>
        </response>
    </resource>
    <resource nome="PUT_Invoice.invoice_id" path="/Invoice/{invoice_id}" method="PUT" filtro-duplicati="disabilitato" conferma-ricezione="disabilitato" consegna-in-ordine="disabilitato">
        <request>
            <parameter nome="invoice_id" descrizione="Identificativo Invoice" parameter-type="dynamicPath" required="true" tipo="string" restrizioni="type=string; pattern=^[A-Za-z0-9\-\.]{1,64}$; style=simple; explode=false"/>
            <representation media-type="application/fhir+json" nome="Invoice" representation-type="json">
                <json tipo="Invoice"/>
            </representation>
        </request>
        <response descrizione="Resource created" status="201">
            <parameter nome="Location" parameter-type="header" required="false" tipo="string" restrizioni="type=string; style=simple; explode=false"/>
        </response>
        <response descrizione="Bad Request" status="400">
            <representation media-type="application/problem+json" nome="response_PUT__Invoice_{invoice_id}_400_application_problem+json" representation-type="json">
                <json tipo="Problem"/>
            </representation>
        </response>
        <response descrizione="Not Found" status="404">
            <representation media-type="application/problem+json" nome="response_PUT__Invoice_{invoice_id}_404_application_problem+json" representation-type="json">
                <json tipo="Problem"/>
            </representation>
        </response>
        <response descrizione="Entità non elaborabile" status="422">
            <representation media-type="application/problem+json" nome="response_PUT__Invoice_{invoice_id}_422_application_problem+json" representation-type="json">
                <json tipo="Problem"/>
            </representation>
        </response>
    </resource>
    <gruppi>
        <gruppo nome="TestValidazione"/>
    </gruppi>
</accordo-servizio-parte-comune>
