<?xml version="1.0" encoding="UTF-8" standalone="yes"?>
<ns2:porta-delegata xmlns:ns2="http://www.openspcoop2.org/core/config" nome="sdi_@OPENSPCOOP2_NOME_SOGGETTO@/sdi_CentroServiziFatturaPA/sdi_SdIRiceviFile/1" descrizione="Subscription from sdi/@OPENSPCOOP2_NOME_SOGGETTO@ for service sdi/CentroServiziFatturaPA:sdi/SdIRiceviFile:1" autenticazione="basic" autorizzazione="authenticated" autorizzazione-contenuto="" ricevuta-asincrona-simmetrica="abilitato" ricevuta-asincrona-asimmetrica="abilitato" allega-body="disabilitato" scarta-body="disabilitato" ricerca-porta-azione-delegata="abilitato" stato="abilitato">
    <ns2:soggetto-erogatore tipo="sdi" nome="CentroServiziFatturaPA"/>
    <ns2:servizio tipo="sdi" nome="SdIRiceviFile" versione="1"/>
    <ns2:azione identificazione="urlBased" pattern=".*/(?:sdi_)?@OPENSPCOOP2_NOME_SOGGETTO@/(?:sdi_)?CentroServiziFatturaPA/(?:sdi_)?SdIRiceviFile/1/([^/|^?]*).*" force-interface-based="abilitato"/>
    <ns2:servizio-applicativo nome="SdiRiceviFile"/>
    <ns2:mtom-processor>
        <ns2:request-flow mode="packaging">
            <ns2:parameter nome="File" pattern="//File" content-type="text/xml" required="true"/>
        </ns2:request-flow>
        <ns2:response-flow mode="disable"/>
    </ns2:mtom-processor>
    <ns2:correlazione-applicativa-risposta>
        <ns2:elemento nome="" identificazione="contentBased" pattern="//{http://www.fatturapa.gov.it/sdi/ws/trasmissione/v1.0/types}rispostaSdIRiceviFile/IdentificativoSdI/text()" identificazione-fallita="accetta"/>
    </ns2:correlazione-applicativa-risposta>
</ns2:porta-delegata>
