<?xml version="1.0" encoding="UTF-8" standalone="yes"?>
<ns2:generic-properties xmlns:ns2="http://www.openspcoop2.org/core/config" nome="Vault-JwsRequest" tipologia="attributeAuthority" tipo="attributeAuthority">
    <ns2:property nome="policy.attributeAuthority.request.jwt.claims" valore="attributes=[${requiredAttributes:jsonList()}]"/>
    <ns2:property nome="policy.attributeAuthority.request.position" valore="bearer"/>
    <ns2:property nome="aaSignatureIncludeCertShaMode" valore="-"/>
    <ns2:property nome="policy.endpoint.https.stato" valore="false"/>
    <ns2:property nome="policy.attributeAuthority.request.jwsHeader.joseContentType" valore="false"/>
    <ns2:property nome="policy.attributeAuthority.request.jws.signature.include.key.id" valore="false"/>
    <ns2:property nome="policy.attributeAuthority.request.jwt.expired" valore="300"/>
    <ns2:property nome="endpointConfig_@@@_connectionTimeout" valore="10000"/>
    <ns2:property nome="endpointConfig_@@@_readConnectionTimeout" valore="120000"/>
    <ns2:property nome="policy.attributeAuthority.request.templateType" valore="jwt"/>
    <ns2:property nome="policy.attributeAuthority.request.jwsHeader.joseType" valore="JWT"/>
    <ns2:property nome="policy.attributeAuthority.request.type" valore="jws"/>
    <ns2:property nome="policy.attributeAuthority.request.jwt.audience" valore="audAAJwsReqTest"/>
    <ns2:property nome="policy.endpoint.proxy.stato" valore="false"/>
    <ns2:property nome="policy.endpoint.https.client.stato" valore="false"/>
    <ns2:property nome="policy.attributeAuthority.request.jws.key.alias" valore="ExampleClient1"/>
    <ns2:property nome="policy.attributeAuthority.request.jws.keystore.type" valore="pkcs12"/>
    <ns2:property nome="policy.attributeAuthority.request.jws.keystore.file" valore="/etc/govway/keys/xca/ExampleClient1.p12"/>
    <ns2:property nome="policy.endpoint.bearer.stato" valore="false"/>
    <ns2:property nome="policy.attributeAuthority.httpMethod" valore="GET"/>
    <ns2:property nome="policy.saveErrorInCache" valore="false"/>
    <ns2:property nome="policy.endpoint.basic.stato" valore="false"/>
    <ns2:property nome="policy.endpoint.url" valore="http://127.0.0.1:8080/govway/SoggettoInternoVaultTest/AuthorizationServerDummy/v1/aaJwsReq/JWSRequest"/>
    <ns2:property nome="policy.attributeAuthority.request.jws.keystore.password" valore="123456"/>
    <ns2:property nome="policy.attributeAuthority.request.jws.key.password" valore="123456"/>
    <ns2:property nome="policy.attributeAuthority.request.jwt.subject" valore="subAAJwsReqTest"/>
    <ns2:property nome="policy.attributeAuthority.request.jws.signature.include.cert" valore="true"/>
    <ns2:property nome="policy.attributeAuthority.response.type" valore="json"/>
    <ns2:property nome="aaSignatureIncludeCertMode" valore="x5c"/>
    <ns2:property nome="policy.attributeAuthority.request.jws.signature.algorithm" valore="RS256"/>
    <ns2:property nome="policy.attributeAuthority.request.jwt.issuer" valore="issAAJwsReqTest"/>
    <ns2:proprieta-oggetto utente-richiedente="amministratore" data-creazione="2024-07-03T10:44:49.955+02:00" utente-ultima-modifica="amministratore" data-ultima-modifica="2024-07-04T14:26:50.448+02:00"/>
</ns2:generic-properties>
