<?xml version="1.0" encoding="UTF-8" standalone="yes"?>
<ns2:generic-properties xmlns:ns2="http://www.openspcoop2.org/core/config" nome="Vault-OtherProperties" tipologia="attributeAuthority" tipo="attributeAuthority">
    <ns2:property nome="policy.endpoint.proxy.stato" valore="true"/>
    <ns2:property nome="policy.endpoint.https.client.stato" valore="false"/>
    <ns2:property nome="policy.endpoint.basic.username" valore="user"/>
    <ns2:property nome="endpointConfig_@@@_proxyUsername" valore="userProxy"/>
    <ns2:property nome="policy.attributeAuthority.request.template" valore="test"/>
    <ns2:property nome="policy.attributeAuthority.httpMethod" valore="GET"/>
    <ns2:property nome="policy.attributeAuthority.request.position" valore="bearer"/>
    <ns2:property nome="endpointConfig_@@@_proxyHostname" valore="testProxy"/>
    <ns2:property nome="policy.endpoint.basic.stato" valore="true"/>
    <ns2:property nome="policy.saveErrorInCache" valore="false"/>
    <ns2:property nome="policy.endpoint.url" valore="http://test"/>
    <ns2:property nome="policy.endpoint.https.stato" valore="false"/>
    <ns2:property nome="policy.endpoint.basic.password" valore="123456basic"/>
    <ns2:property nome="policy.attributeAuthority.response.type" valore="json"/>
    <ns2:property nome="endpointConfig_@@@_connectionTimeout" valore="5000"/>
    <ns2:property nome="endpointConfig_@@@_proxyType" valore="http"/>
    <ns2:property nome="endpointConfig_@@@_readConnectionTimeout" valore="10000"/>
    <ns2:property nome="endpointConfig_@@@_proxyPassword" valore="123proxy"/>
    <ns2:property nome="policy.attributeAuthority.request.templateType" valore="template"/>
    <ns2:property nome="policy.attributeAuthority.request.type" valore="custom"/>
    <ns2:property nome="endpointConfig_@@@_proxyPort" valore="32"/>
    <ns2:proprieta-oggetto utente-richiedente="amministratore" data-creazione="2024-07-04T12:59:44.219+02:00" utente-ultima-modifica="amministratore" data-ultima-modifica="2024-07-05T20:22:26.009+02:00"/>
</ns2:generic-properties>
