<?xml version="1.0" encoding="UTF-8" standalone="yes"?>
<ns2:porta-delegata xmlns:ns2="http://www.openspcoop2.org/core/config" nome="spc_@OPENSPCOOP2_NOME_SOGGETTO@/spc_AgenziaEntrate/spc_VerificaAnagrafica/v1" descrizione="Subscription from spc/@OPENSPCOOP2_NOME_SOGGETTO@ for service spc/AgenziaEntrate:spc/VerificaAnagrafica:1" autenticazione="basic" autenticazione-opzionale="disabilitato" autorizzazione="authenticated" autorizzazione-contenuto="" ricevuta-asincrona-simmetrica="abilitato" ricevuta-asincrona-asimmetrica="abilitato" allega-body="disabilitato" scarta-body="disabilitato" ricerca-porta-azione-delegata="abilitato" stato="abilitato">
    <ns2:soggetto-erogatore tipo="spc" nome="AgenziaEntrate"/>
    <ns2:servizio tipo="spc" nome="VerificaAnagrafica" versione="1"/>
    <ns2:azione identificazione="urlBased" pattern=".*/(?:spc_)?@OPENSPCOOP2_NOME_SOGGETTO@/(?:spc_)?AgenziaEntrate/(?:spc_)?VerificaAnagrafica/v1/([^/|^?]*).*" force-interface-based="abilitato"/>
    <ns2:servizio-applicativo nome="VerificaAnagrafica"/>
    <ns2:message-security>
        <ns2:request-flow mode="messageSecurity.wss4j.sender.saml">
            <ns2:parameter nome="samlPropRefId_@@@_openspcoop2.saml.issuer.value" valore="@CODICE_ENTE@"/>
            <ns2:parameter nome="samlPropRefId_@@@_openspcoop2.saml.authn.statement.enabled" valore="false"/>
            <ns2:parameter nome="signaturePropRefId_@@@_org.apache.ws.security.crypto.merlin.keystore.password" valore="@KEYSTORE_PASSWORD@"/>
            <ns2:parameter nome="samlPropRefId_@@@_openspcoop2.saml.attribute.statement.enabled" valore="true"/>
            <ns2:parameter nome="issuerFormatCustomChoise" valore="false"/>
            <ns2:parameter nome="attributeStatementNumber" valore="02"/>
            <ns2:parameter nome="confirmationtTimeMode" valore="default"/>
            <ns2:parameter nome="signatureActionChoice" valore="true"/>
            <ns2:parameter nome="samlPropRefId_@@@_openspcoop2.saml.attribute.statement.ATTR_2.name.format" valore="UNSPECIFIED"/>
            <ns2:parameter nome="samlPropRefId_@@@_openspcoop2.saml.attribute.statement.ATTR_1.name.format" valore="UNSPECIFIED"/>
            <ns2:parameter nome="samlPropRefId_@@@_openspcoop2.saml.version" valore="2.0"/>
            <ns2:parameter nome="signaturePropRefId_convertParamsIntoSamlPropRefId" valore="samlPropRefId"/>
            <ns2:parameter nome="signatureAlgorithm" valore="http://www.w3.org/2001/04/xmldsig-more#rsa-sha256"/>
            <ns2:parameter nome="subjectFormatCustomChoise" valore="false"/>
            <ns2:parameter nome="signaturePropRefId_@@@_org.apache.ws.security.crypto.merlin.file" valore="@KEYSTORE_PATH@"/>
            <ns2:parameter nome="signatureC14nAlgorithmExclusive" valore="http://www.w3.org/2001/10/xml-exc-c14n#"/>
            <ns2:parameter nome="samlPropRefId_@@@_openspcoop2.saml.issuer.format" valore="UNSPECIFIED"/>
            <ns2:parameter nome="samlPropRefId_@@@_openspcoop2.saml.assertion.sign.sendKeyValue" valore="false"/>
            <ns2:parameter nome="samlPropRefId_@@@_openspcoop2.saml.attribute.statement.ATTR_1.values" valore="@CODICE_UTENTE@"/>
            <ns2:parameter nome="samlPropRefId_@@@_openspcoop2.saml.subject.confirmation.method" valore="BEARER"/>
            <ns2:parameter nome="samlPropRefId_@@@_openspcoop2.saml.conditions.notBefore.minutes" valore="0"/>
            <ns2:parameter nome="samlPropRefId_@@@_openspcoop2.saml.attribute.statement.ATTR_2.values" valore="@CODICE_IP_UTENTE@"/>
            <ns2:parameter nome="subjectConfirmationMethodCustomChoise" valore="false"/>
            <ns2:parameter nome="samlPropRefId_@@@_openspcoop2.saml.assertion.sign" valore="true"/>
            <ns2:parameter nome="signatureUser" valore="@KEY_ALIAS@"/>
            <ns2:parameter nome="action" valore="SAMLTokenUnsigned"/>
            <ns2:parameter nome="signatureDigestAlgorithm" valore="http://www.w3.org/2001/04/xmlenc#sha256"/>
            <ns2:parameter nome="samlPropRefId_@@@_openspcoop2.saml.conditions.notOnOrAfter.minutes" valore="60"/>
            <ns2:parameter nome="samlPropRefId_@@@_openspcoop2.saml.subject.nameID.format" valore="UNSPECIFIED"/>
            <ns2:parameter nome="signaturePropRefId_@@@_org.apache.ws.security.crypto.merlin.keystore.type" valore="@KEYSTORE_TYPE@"/>
            <ns2:parameter nome="passwordCallbackRef" valore="true"/>
            <ns2:parameter nome="samlPropRefId_@@@_openspcoop2.saml.attribute.statement.ATTR_1.values.separator" valore=","/>
            <ns2:parameter nome="samlPropRefId_@@@_openspcoop2.saml.attribute.statement.ATTR_1.name.qualified" valore="User"/>
            <ns2:parameter nome="signaturePropRefId_@@@_org.apache.ws.security.crypto.provider" valore="org.apache.ws.security.components.crypto.Merlin"/>
            <ns2:parameter nome="securityEngine" valore="wss4j"/>
            <ns2:parameter nome="signaturePassword" valore="@KEY_PASSWORD@"/>
            <ns2:parameter nome="samlPropRefId_@@@_openspcoop2.saml.subject.nameID.value" valore="@CODICE_ENTE@"/>
            <ns2:parameter nome="attributeStatementFormatCustomChoise_1" valore="false"/>
            <ns2:parameter nome="attributeStatementFormatCustomChoise_2" valore="false"/>
            <ns2:parameter nome="samlPropRefId_@@@_openspcoop2.saml.attribute.statement.ATTR_2.name.qualified" valore="IP-User"/>
            <ns2:parameter nome="samlPropRefId_@@@_openspcoop2.saml.attribute.statement.ATTR_2.values.separator" valore=","/>
            <ns2:parameter nome="mustUnderstand" valore="false"/>
        </ns2:request-flow>
    </ns2:message-security>
</ns2:porta-delegata>
