<?xml version="1.0" encoding="UTF-8" standalone="yes"?>
<fruitore xmlns="http://www.openspcoop2.org/core/registry" tipo="modipa" nome="DemoSoggettoFruitore" ora-registrazione="2022-09-27T14:54:16.046+02:00">
    <connettore tipo="http" nome="CNT_SF_modipa/DemoSoggettoFruitore_modipa/DemoSoggettoErogatore_modipa/RestBlockingIDAR03CustomHeaderDuplicati/1">
        <property nome="location" valore="http://localhost:8090"/>
    </connettore>
    <protocol-property name="modipaSecurityMessageHttpHeaders" value="Digest,Content-Type,Content-Encoding"/>
    <protocol-property name="modipaSecurityMessageRequestAud" value="testsuite"/>
    <protocol-property name="modipaSecurityMessageRequestClaims" value="integrationInfoString=${integration:info[clientClaimString]}&#10;optionalNotFound_integrationInfoString=?{integration:info[clientClaimStringNotExists]}&#10;optionalNotFound_integrationInfoBoolean=cast(?{integration:info[clientClaimBooleanNotExists]} as boolean)&#10;optionalNotFound_integrationInfoLong=cast(?{integration:info[clientClaimLongNotExists]} as long)&#10;optionalNotFound_integrationInfoDouble=cast(?{integration:info[clientClaimDoubleNotExists]} as double)&#10;optionalNotFound_integrationInfoListTest=cast(?{integration:info[clientClaimLeve2Complex.clientClaimLeve4Complex.clientClaimLeve4ListStringIntNotExists]} as string array)&#10;optionalNotFound_complex_integrationInfo=?{integration:claim(clientClaimLeve2ComplexNotExists)}"/>
    <protocol-property name="modipaSecurityMessageRequestClaimsAuth" value="level2_integrationInfoAuthorizationString=${integration:info[clientClaimLeve2String]}&#10;integrationInfoAuthorizationBoolean=cast(${integration:info[clientClaimBoolean]} as boolean)&#10;integrationInfoAuthorizationList0=${integration:info[clientClaimList][0]}&#10;integrationInfoAuthorizationList=${integration:info[clientClaimList]}&#10;optional_integrationInfoAuthorizationString=?{integration:info[clientClaimString]}&#10;optional_integrationInfoAuthorizationListTest=cast(?{integration:info[clientClaimLeve2Complex.clientClaimLeve4Complex.clientClaimLeve4ListStringInt]} as string array)&#10;optional_complex_integrationInfoAuthorization=?{integration:claim(clientClaimLeve2Complex)}&#10;optionalNotFound_integrationInfoAuthorizationString=?{integration:info[clientClaimStringNotExists]}&#10;optionalNotFound_integrationInfoAuthorizationBoolean=cast(?{integration:info[clientClaimBooleanNotExists]} as boolean)&#10;optionalNotFound_integrationInfoAuthorizationLong=cast(?{integration:info[clientClaimLongNotExists]} as long)&#10;optionalNotFound_integrationInfoAuthorizationDouble=cast(?{integration:info[clientClaimDoubleNotExists]} as double)&#10;optionalNotFound_integrationInfoAuthorizationListTest=cast(?{integration:info[clientClaimLeve2Complex.clientClaimLeve4Complex.clientClaimLeve4ListStringIntNotExists]} as string array)&#10;optionalNotFound_complex_integrationInfoAuthorization=?{integration:claim(clientClaimLeve2ComplexNotExists)}"/>
    <protocol-property name="modipaSecurityMessageRequestClaimsModi" value="level2_integrationInfoIntegrityString=${integration:info[clientClaimLeve2String]}&#10;complex_integrationInfoIntegrity=${integration:claim(clientClaimLeve2Complex)}&#10;complex_integrationInfoIntegrityListTest1=cast(${integration:info[clientClaimLeve2Complex.clientClaimLeve4Complex.clientClaimLeve4ListStringInt]} as string array)&#10;complex_integrationInfoIntegrityListTest2=${integration:claim(clientClaimLeve4ListStringInt)}&#10;optional_integrationInfoIntegrityBoolean=cast(?{integration:info[clientClaimBoolean]} as boolean)&#10;optional_integrationInfoIntegrityLong=cast(?{integration:info[clientClaimLong]} as long)&#10;optional_integrationInfoIntegrityDouble=cast(?{integration:info[clientClaimDouble]} as double)&#10;optionalNotFound_integrationInfoIntegrityString=?{integration:info[clientClaimStringNotExists]}&#10;optionalNotFound_integrationInfoIntegrityBoolean=cast(?{integration:info[clientClaimBooleanNotExists]} as boolean)&#10;optionalNotFound_integrationInfoIntegrityLong=cast(?{integration:info[clientClaimLongNotExists]} as long)&#10;optionalNotFound_integrationInfoIntegrityDouble=cast(?{integration:info[clientClaimDoubleNotExists]} as double)&#10;optionalNotFound_integrationInfoIntegrityListTest=cast(?{integration:info[clientClaimLeve2Complex.clientClaimLeve4Complex.clientClaimLeve4ListStringIntNotExists]} as string array)&#10;optionalNotFound_complex_integrationInfoIntegrity=?{integration:claim(clientClaimLeve2ComplexNotExists)}"/>
    <protocol-property name="modipaSecurityMessageRequestExp" number-value="300"/>
    <protocol-property name="modipaSecurityMessageRequestIntegrityAud"/>
    <protocol-property name="modipaSecurityMessageRequestIntegrityAudMode" value="same"/>
    <protocol-property name="modipaSecurityMessageRequestJti" value="same"/>
    <protocol-property name="modipaSecurityMessageRequestJtiIdMsg" value="modi"/>
    <protocol-property name="modipaSecurityMessageResponseAud" boolean-value="true"/>
    <protocol-property name="modipaSecurityMessageResponseAudExpected"/>
    <protocol-property name="modipaSecurityMessageResponseDuplicateJti" value="modi"/>
    <protocol-property name="modipaSecurityMessageResponseIatMode" value="default"/>
    <protocol-property name="modipaSecurityMessageResponseIatTtl"/>
    <protocol-property name="modipaSecurityMessageResponseIntegrityAud"/>
    <protocol-property name="modipaSecurityMessageResponseIntegrityAudMode" value="same"/>
    <protocol-property name="modipaSecurityMessageRestRequestAlg" value="RS256"/>
    <protocol-property name="modipaSecurityMessageRestRequestDigestEncoding" value="BASE64"/>
    <protocol-property name="modipaSecurityMessageRestRequestX509Cert" value="x5c,x5t"/>
    <protocol-property name="modipaSecurityMessageRestRequestX509CertUseCertificateChain" boolean-value="false"/>
    <protocol-property name="modipaSecurityMessageRestResponseX509Cert" value="x5c,x5t"/>
    <protocol-property name="modipaSecurityMessageRestResponseX509CertAsReq" value="true"/>
    <protocol-property name="modipaSslTruststoreCRLs"/>
    <protocol-property name="modipaSslTruststoreMode" value="default"/>
    <protocol-property name="modipaSslTruststorePassword"/>
    <protocol-property name="modipaSslTruststorePath"/>
    <protocol-property name="modipaSslTruststoreType" value="jks"/>
    <protocol-property name="modipaTruststoreCRLs"/>
    <protocol-property name="modipaTruststoreMode" value="default"/>
    <protocol-property name="modipaTruststorePassword"/>
    <protocol-property name="modipaTruststorePath"/>
    <protocol-property name="modipaTruststoreType" value="jks"/>
</fruitore>
