<?xml version="1.0" encoding="UTF-8" standalone="yes"?>
<accordo-servizio-parte-comune xmlns="http://www.openspcoop2.org/core/registry" service-binding="rest" nome="VaultTestConnettori" profilo-collaborazione="sincrono" formato-specifica="openApi3" utilizzo-senza-azione="true" filtro-duplicati="disabilitato" conferma-ricezione="disabilitato" id-collaborazione="disabilitato" id-riferimento-richiesta="disabilitato" consegna-in-ordine="disabilitato" ora-registrazione="2024-07-03T16:14:39.698+02:00" versione="1">
    <soggetto-referente tipo="modipa" nome="ENTE"/>
    <resource nome="modi-archivio" path="/modi-archivio" filtro-duplicati="disabilitato" conferma-ricezione="disabilitato" id-collaborazione="disabilitato" id-riferimento-richiesta="disabilitato" consegna-in-ordine="disabilitato">
        <request/>
        <protocol-property name="modipaInteractionAsyncActionRequest" value="-"/>
        <protocol-property name="modipaInteractionAsyncApiRequest" value="-"/>
        <protocol-property name="modipaInteractionAsyncProfile" value="PUSH"/>
        <protocol-property name="modipaInteractionAsyncProfile__LABEL"/>
        <protocol-property name="modipaInteractionAsyncRole" value="Richiesta"/>
        <protocol-property name="modipaInteractionAsyncRole__LABEL"/>
        <protocol-property name="modipaInteractionAsyncServiceRequest" value="-"/>
        <protocol-property name="modipaInteractionProfile" value="crud"/>
        <protocol-property name="modipaInteractionProfile__LABEL"/>
        <protocol-property name="modipaSecurityMessageConfig"/>
        <protocol-property name="modipaSecurityMessageCorniceSicurezza" boolean-value="false"/>
        <protocol-property name="modipaSecurityMessageCorniceSicurezzaOpzionale" boolean-value="false"/>
        <protocol-property name="modipaSecurityMessageCorniceSicurezzaPattern"/>
        <protocol-property name="modipaSecurityMessageCorniceSicurezzaSchema"/>
        <protocol-property name="modipaSecurityMessageHeaderCustomMode"/>
        <protocol-property name="modipaSecurityMessageHeaderCustomName"/>
        <protocol-property name="modipaSecurityMessageHeaderName"/>
        <protocol-property name="modipaSecurityMessageProfile"/>
        <protocol-property name="modipaSecurityMessageProfileActionMode" value="default"/>
        <protocol-property name="modipaSecurityMessageRequestDigest" boolean-value="false"/>
        <protocol-property name="modipaSecurityMessageSorgenteToken"/>
        <protocol-property name="modipaSecurityRequest"/>
        <protocol-property name="modipaSecurityRequestContentType"/>
        <protocol-property name="modipaSecurityResponse"/>
        <protocol-property name="modipaSecurityResponseContentType"/>
        <protocol-property name="modipaSecurityResponseReturnCode"/>
    </resource>
    <resource nome="modi-path" path="/modi-path" filtro-duplicati="disabilitato" conferma-ricezione="disabilitato" id-collaborazione="disabilitato" id-riferimento-richiesta="disabilitato" consegna-in-ordine="disabilitato">
        <request/>
        <protocol-property name="modipaInteractionAsyncActionRequest" value="-"/>
        <protocol-property name="modipaInteractionAsyncApiRequest" value="-"/>
        <protocol-property name="modipaInteractionAsyncProfile" value="PUSH"/>
        <protocol-property name="modipaInteractionAsyncProfile__LABEL"/>
        <protocol-property name="modipaInteractionAsyncRole" value="Richiesta"/>
        <protocol-property name="modipaInteractionAsyncRole__LABEL"/>
        <protocol-property name="modipaInteractionAsyncServiceRequest" value="-"/>
        <protocol-property name="modipaInteractionProfile" value="crud"/>
        <protocol-property name="modipaInteractionProfile__LABEL"/>
        <protocol-property name="modipaSecurityMessageConfig"/>
        <protocol-property name="modipaSecurityMessageCorniceSicurezza" boolean-value="false"/>
        <protocol-property name="modipaSecurityMessageCorniceSicurezzaOpzionale" boolean-value="false"/>
        <protocol-property name="modipaSecurityMessageCorniceSicurezzaPattern"/>
        <protocol-property name="modipaSecurityMessageCorniceSicurezzaSchema"/>
        <protocol-property name="modipaSecurityMessageHeaderCustomMode"/>
        <protocol-property name="modipaSecurityMessageHeaderCustomName"/>
        <protocol-property name="modipaSecurityMessageHeaderName"/>
        <protocol-property name="modipaSecurityMessageProfile"/>
        <protocol-property name="modipaSecurityMessageProfileActionMode" value="default"/>
        <protocol-property name="modipaSecurityMessageRequestDigest" boolean-value="false"/>
        <protocol-property name="modipaSecurityMessageSorgenteToken"/>
        <protocol-property name="modipaSecurityRequest"/>
        <protocol-property name="modipaSecurityRequestContentType"/>
        <protocol-property name="modipaSecurityResponse"/>
        <protocol-property name="modipaSecurityResponseContentType"/>
        <protocol-property name="modipaSecurityResponseReturnCode"/>
    </resource>
    <protocol-property name="modipaSecurityChannelProfile" value="idac01"/>
    <protocol-property name="modipaSecurityMessageConfig" value="entrambi"/>
    <protocol-property name="modipaSecurityMessageCorniceSicurezza" boolean-value="false"/>
    <protocol-property name="modipaSecurityMessageCorniceSicurezzaOpzionale" boolean-value="false"/>
    <protocol-property name="modipaSecurityMessageCorniceSicurezzaPattern"/>
    <protocol-property name="modipaSecurityMessageCorniceSicurezzaSchema"/>
    <protocol-property name="modipaSecurityMessageHeaderCustomMode"/>
    <protocol-property name="modipaSecurityMessageHeaderCustomName"/>
    <protocol-property name="modipaSecurityMessageHeaderName" value="autonlyreq_modipa"/>
    <protocol-property name="modipaSecurityMessageProfile" value="idam0301"/>
    <protocol-property name="modipaSecurityMessageRequestDigest" boolean-value="false"/>
    <protocol-property name="modipaSecurityMessageSorgenteToken" value="locale"/>
    <protocol-property name="modipaSecurityRequest"/>
    <protocol-property name="modipaSecurityRequestContentType"/>
    <protocol-property name="modipaSecurityResponse"/>
    <protocol-property name="modipaSecurityResponseContentType"/>
    <protocol-property name="modipaSecurityResponseReturnCode"/>
    <gruppi>
        <gruppo nome="secrets-vault"/>
    </gruppi>
    <proprieta-oggetto utente-richiedente="amministratore" data-creazione="2024-07-03T16:08:01.426+02:00" utente-ultima-modifica="amministratore" data-ultima-modifica="2024-07-03T16:14:39.717+02:00"/>
</accordo-servizio-parte-comune>
