<?xml version="1.0" encoding="UTF-8" standalone="yes"?>
<accordo-servizio-parte-specifica xmlns="http://www.openspcoop2.org/core/registry" tipo="modipa" nome="RestBlockingIDAR03CustomHeaderDuplicati" versione="1" accordo-servizio-parte-comune="modipa/ENTE:RestBlockingIDAR03CustomHeaderDuplicati:1" tipologia-servizio="normale" ora-registrazione="2022-09-27T14:53:26.726+02:00">
    <configurazione-servizio>
        <connettore tipo="disabilitato" nome="CNT_modipa/DemoSoggettoErogatore_modipa/RestBlockingIDAR03CustomHeaderDuplicati/1"/>
    </configurazione-servizio>
    <protocol-property name="modipaKeyAlias"/>
    <protocol-property name="modipaKeyPassword"/>
    <protocol-property name="modipaKeystoreCertMode" value="default"/>
    <protocol-property name="modipaKeystoreMode" value="archive"/>
    <protocol-property name="modipaKeystorePassword"/>
    <protocol-property name="modipaKeystorePath"/>
    <protocol-property name="modipaKeystoreType" value="jks"/>
    <protocol-property name="modipaSecurityMessageHttpHeaders" value="Digest,Content-Type,Content-Encoding"/>
    <protocol-property name="modipaSecurityMessageRequestAud" value="testsuite"/>
    <protocol-property name="modipaSecurityMessageRequestDuplicateJti" value="modi"/>
    <protocol-property name="modipaSecurityMessageRequestIatMode" value="default"/>
    <protocol-property name="modipaSecurityMessageRequestIatTtl"/>
    <protocol-property name="modipaSecurityMessageRequestIntegrityAud"/>
    <protocol-property name="modipaSecurityMessageRequestIntegrityAudMode" value="same"/>
    <protocol-property name="modipaSecurityMessageResponseClaims" value="integrationInfoString=${integrationResponse:info[clientClaimString]}&#10;optionalNotFound_integrationInfoString=?{integrationResponse:info[clientClaimStringNotExists]}&#10;optionalNotFound_integrationInfoBoolean=cast(?{integrationResponse:info[clientClaimBooleanNotExists]} as boolean)&#10;optionalNotFound_integrationInfoLong=cast(?{integrationResponse:info[clientClaimLongNotExists]} as long)&#10;optionalNotFound_integrationInfoDouble=cast(?{integrationResponse:info[clientClaimDoubleNotExists]} as double)&#10;optionalNotFound_integrationInfoListTest=cast(?{integrationResponse:info[clientClaimLeve2Complex.clientClaimLeve4Complex.clientClaimLeve4ListStringIntNotExists]} as string array)&#10;optionalNotFound_complex_integrationInfo=?{integrationResponse:claim(clientClaimLeve2ComplexNotExists)}"/>
    <protocol-property name="modipaSecurityMessageResponseClaimsAuth" value="level2_integrationInfoAuthorizationString=${integrationResponse:info[clientClaimLeve2String]}&#10;integrationInfoAuthorizationBoolean=cast(${integrationResponse:info[clientClaimBoolean]} as boolean)&#10;integrationInfoAuthorizationList0=${integrationResponse:info[clientClaimList][0]}&#10;integrationInfoAuthorizationList=${integrationResponse:info[clientClaimList]}&#10;optional_integrationInfoAuthorizationString=?{integrationResponse:info[clientClaimString]}&#10;optional_integrationInfoAuthorizationListTest=cast(?{integrationResponse:info[clientClaimLeve2Complex.clientClaimLeve4Complex.clientClaimLeve4ListStringInt]} as string array)&#10;optional_complex_integrationInfoAuthorization=?{integrationResponse:claim(clientClaimLeve2Complex)}&#10;optionalNotFound_integrationInfoAuthorizationString=?{integrationResponse:info[clientClaimStringNotExists]}&#10;optionalNotFound_integrationInfoAuthorizationBoolean=cast(?{integrationResponse:info[clientClaimBooleanNotExists]} as boolean)&#10;optionalNotFound_integrationInfoAuthorizationLong=cast(?{integrationResponse:info[clientClaimLongNotExists]} as long)&#10;optionalNotFound_integrationInfoAuthorizationDouble=cast(?{integrationResponse:info[clientClaimDoubleNotExists]} as double)&#10;optionalNotFound_integrationInfoAuthorizationListTest=cast(?{integrationResponse:info[clientClaimLeve2Complex.clientClaimLeve4Complex.clientClaimLeve4ListStringIntNotExists]} as string array)&#10;optionalNotFound_complex_integrationInfoAuthorization=?{integrationResponse:claim(clientClaimLeve2ComplexNotExists)}"/>
    <protocol-property name="modipaSecurityMessageResponseClaimsModi" value="level2_integrationInfoIntegrityString=${integrationResponse:info[clientClaimLeve2String]}&#10;complex_integrationInfoIntegrity=${integrationResponse:claim(clientClaimLeve2Complex)}&#10;complex_integrationInfoIntegrityListTest1=cast(${integrationResponse:info[clientClaimLeve2Complex.clientClaimLeve4Complex.clientClaimLeve4ListStringInt]} as string array)&#10;complex_integrationInfoIntegrityListTest2=${integrationResponse:claim(clientClaimLeve4ListStringInt)}&#10;optional_integrationInfoIntegrityBoolean=cast(?{integrationResponse:info[clientClaimBoolean]} as boolean)&#10;optional_integrationInfoIntegrityLong=cast(?{integrationResponse:info[clientClaimLong]} as long)&#10;optional_integrationInfoIntegrityDouble=cast(?{integrationResponse:info[clientClaimDouble]} as double)&#10;optionalNotFound_integrationInfoIntegrityString=?{integrationResponse:info[clientClaimStringNotExists]}&#10;optionalNotFound_integrationInfoIntegrityBoolean=cast(?{integrationResponse:info[clientClaimBooleanNotExists]} as boolean)&#10;optionalNotFound_integrationInfoIntegrityLong=cast(?{integrationResponse:info[clientClaimLongNotExists]} as long)&#10;optionalNotFound_integrationInfoIntegrityDouble=cast(?{integrationResponse:info[clientClaimDoubleNotExists]} as double)&#10;optionalNotFound_integrationInfoIntegrityListTest=cast(?{integrationResponse:info[clientClaimLeve2Complex.clientClaimLeve4Complex.clientClaimLeve4ListStringIntNotExists]} as string array)&#10;optionalNotFound_complex_integrationInfoIntegrity=?{integrationResponse:claim(clientClaimLeve2ComplexNotExists)}"/>
    <protocol-property name="modipaSecurityMessageResponseExp" number-value="300"/>
    <protocol-property name="modipaSecurityMessageResponseJti" value="same"/>
    <protocol-property name="modipaSecurityMessageResponseJtiIdMsg" value="modi"/>
    <protocol-property name="modipaSecurityMessageRestRequestX509Cert" value="x5c,x5t"/>
    <protocol-property name="modipaSecurityMessageRestResponseAlg" value="RS256"/>
    <protocol-property name="modipaSecurityMessageRestResponseDigestEncoding" value="BASE64"/>
    <protocol-property name="modipaSecurityMessageRestResponseX509Cert" value="x5c,x5t"/>
    <protocol-property name="modipaSecurityMessageRestResponseX509CertAsReq" value="true"/>
    <protocol-property name="modipaSecurityMessageRestResponseX509CertUseCertificateChain" boolean-value="false"/>
    <protocol-property name="modipaSecurityMessageRestResponseX509Url"/>
    <protocol-property name="modipaSslTruststoreCRLs"/>
    <protocol-property name="modipaSslTruststoreMode" value="default"/>
    <protocol-property name="modipaSslTruststorePassword"/>
    <protocol-property name="modipaSslTruststorePath"/>
    <protocol-property name="modipaSslTruststoreType" value="jks"/>
    <protocol-property name="modipaTruststoreCRLs"/>
    <protocol-property name="modipaTruststoreMode" value="default"/>
    <protocol-property name="modipaTruststorePassword"/>
    <protocol-property name="modipaTruststorePath"/>
    <protocol-property name="modipaTruststoreType" value="jks"/>
</accordo-servizio-parte-specifica>
