<?xml version="1.0" encoding="UTF-8" standalone="yes"?>
<accordo-servizio-parte-specifica xmlns="http://www.openspcoop2.org/core/registry" tipo="modipa" nome="SignalHubTest" versione="1" accordo-servizio-parte-comune="modipa/ENTE:SignalHubTest:1" tipologia-servizio="normale" ora-registrazione="2025-05-09T16:18:41.210+02:00" descrizione="">
    <configurazione-servizio>
        <connettore tipo="disabilitato" nome="CNT_modipa/DemoSoggettoErogatore_modipa/SignalHubTest/1"/>
    </configurazione-servizio>
    <protocol-property name="modipaInfoGenEserviceId" value="eServiceTestID"/>
    <protocol-property name="modipaInfoGenSignalHub" boolean-value="true"/>
    <protocol-property name="modipaInfoGenSignalHubAlg" value="SHA-256"/>
    <protocol-property name="modipaInfoGenSignalHubOp" value="GET_pseudonymization"/>
    <protocol-property name="modipaInfoGenSignalHubPulisherRole" value="SignalHubRole1"/>
    <protocol-property name="modipaInfoGenSignalHubPulisherSA" value="SignalHubCryptoInfoBasic"/>
    <protocol-property name="modipaInfoGenSignalHubPulisherText" value="Pubblicatore"/>
    <protocol-property name="modipaInfoGenSignalHubSeedLifetime" number-value="5"/>
    <protocol-property name="modipaInfoGenSignalHubSeedSize" number-value="16"/>
    <proprieta-oggetto utente-richiedente="amministratore" data-creazione="2025-05-09T16:18:41.210+02:00" utente-ultima-modifica="amministratore" data-ultima-modifica="2025-05-09T16:18:41.302+02:00"/>
</accordo-servizio-parte-specifica>
