<?xml version="1.0" encoding="UTF-8" standalone="yes"?>
<accordo-servizio-parte-comune xmlns="http://www.openspcoop2.org/core/registry" service-binding="rest" nome="TestAttributeAuthority" profilo-collaborazione="sincrono" formato-specifica="openApi3" utilizzo-senza-azione="true" filtro-duplicati="disabilitato" conferma-ricezione="disabilitato" consegna-in-ordine="disabilitato" ora-registrazione="2021-08-24T09:47:32.042+02:00" versione="1">
    <soggetto-referente tipo="gw" nome="ENTE"/>
    <resource nome="connettoriMultipli_multipleAA" path="/connettoriMultipli_multipleAA" filtro-duplicati="disabilitato" conferma-ricezione="disabilitato" consegna-in-ordine="disabilitato">
        <request/>
    </resource>
    <resource nome="connettoriMultipli_singleAA" path="/connettoriMultipli_singleAA" filtro-duplicati="disabilitato" conferma-ricezione="disabilitato" consegna-in-ordine="disabilitato">
        <request/>
    </resource>
    <resource nome="contenuti_multipleAA" path="/contenuti_multipleAA" filtro-duplicati="disabilitato" conferma-ricezione="disabilitato" consegna-in-ordine="disabilitato">
        <request/>
    </resource>
    <resource nome="contenuti_singleAA" path="/contenuti_singleAA" filtro-duplicati="disabilitato" conferma-ricezione="disabilitato" consegna-in-ordine="disabilitato">
        <request/>
    </resource>
    <resource nome="contenuti_singleAA_jwksKID" path="/contenuti_singleAA_jwksKID" filtro-duplicati="disabilitato" conferma-ricezione="disabilitato" id-collaborazione="disabilitato" id-riferimento-richiesta="disabilitato" consegna-in-ordine="disabilitato">
        <request/>
    </resource>
    <resource nome="contenuti_singleAA_jwksKID_dynamic" path="/contenuti_singleAA_jwksKID_dynamic" filtro-duplicati="disabilitato" conferma-ricezione="disabilitato" id-collaborazione="disabilitato" id-riferimento-richiesta="disabilitato" consegna-in-ordine="disabilitato">
        <request/>
    </resource>
    <resource nome="contenuti_singleAA_keyPairProtected" path="/contenuti_singleAA_keyPairProtected" filtro-duplicati="disabilitato" conferma-ricezione="disabilitato" id-collaborazione="disabilitato" id-riferimento-richiesta="disabilitato" consegna-in-ordine="disabilitato">
        <request/>
    </resource>
    <resource nome="contenuti_singleAA_keyPairUnprotected" path="/contenuti_singleAA_keyPairUnprotected" filtro-duplicati="disabilitato" conferma-ricezione="disabilitato" id-collaborazione="disabilitato" id-riferimento-richiesta="disabilitato" consegna-in-ordine="disabilitato">
        <request/>
    </resource>
    <resource nome="tokenClaims_multipleAA" path="/tokenClaims_multipleAA" filtro-duplicati="disabilitato" conferma-ricezione="disabilitato" consegna-in-ordine="disabilitato">
        <request/>
    </resource>
    <resource nome="tokenClaims_singleAA" path="/tokenClaims_singleAA" filtro-duplicati="disabilitato" conferma-ricezione="disabilitato" consegna-in-ordine="disabilitato">
        <request/>
    </resource>
    <resource nome="trasformazione_multipleAA" path="/trasformazione_multipleAA" filtro-duplicati="disabilitato" conferma-ricezione="disabilitato" consegna-in-ordine="disabilitato">
        <request/>
    </resource>
    <resource nome="trasformazione_singleAA" path="/trasformazione_singleAA" filtro-duplicati="disabilitato" conferma-ricezione="disabilitato" consegna-in-ordine="disabilitato">
        <request/>
    </resource>
    <resource nome="xacmlPolicy_multipleAA" path="/xacmlPolicy_multipleAA" filtro-duplicati="disabilitato" conferma-ricezione="disabilitato" consegna-in-ordine="disabilitato">
        <request/>
    </resource>
    <resource nome="xacmlPolicy_singleAA" path="/xacmlPolicy_singleAA" filtro-duplicati="disabilitato" conferma-ricezione="disabilitato" consegna-in-ordine="disabilitato">
        <request/>
    </resource>
    <gruppi>
        <gruppo nome="TestAttributeAuthority"/>
    </gruppi>
</accordo-servizio-parte-comune>
