<?xml version="1.0" encoding="UTF-8" standalone="yes"?>
<ns2:generic-properties xmlns:ns2="http://www.openspcoop2.org/core/config" nome="MODI-NegoziazioneTokenPDND2" tipologia="retrievePolicyToken" tipo="retrieveToken">
    <ns2:property nome="policy.retrieveToken.jwt.pdnd" valore="false"/>
    <ns2:property nome="policy.retrieveToken.jwt.signature.include.cert" valore="true"/>
    <ns2:property nome="policy.retrieveToken.jwt.audience" valore="AUDIENCE-${busta:servizioApplicativoFruitore}"/>
    <ns2:property nome="policy.retrieveToken.jwt.signature.include.key.id.value" valore="KID-${busta:servizioApplicativoFruitore}"/>
    <ns2:property nome="policy.retrieveToken.jwt.subject.mode" valore="custom"/>
    <ns2:property nome="policy.retrieveToken.jwt.signature.joseType" valore="JWT"/>
    <ns2:property nome="policy.retrieveToken.jwt.clientId.mode" valore="custom"/>
    <ns2:property nome="policy.retrieveToken.jwt.issuer" valore="${busta:mittente}/${busta:servizioApplicativoFruitore}"/>
    <ns2:property nome="policy.retrieveToken.jwt.signature.algorithm" valore="RS256"/>
    <ns2:property nome="policy.retrieveToken.jwt.clientId" valore="${busta:mittente}/${busta:servizioApplicativoFruitore}"/>
    <ns2:property nome="policy.retrieveToken.jwt.signature.keystorePassword" valore="-"/>
    <ns2:property nome="policy.endpoint.https.stato" valore="false"/>
    <ns2:property nome="policy.retrieveToken.jwt.jti" valore="${transaction:id}"/>
    <ns2:property nome="endpointConfig_@@@_connectionTimeout" valore="5000"/>
    <ns2:property nome="policy.retrieveToken.jwt.signature.include.key.id" valore="custom"/>
    <ns2:property nome="policy.tokenForward.mode" valore="RFC6750_header"/>
    <ns2:property nome="policy.retrieveToken.jwt.signature.keyPassword" valore="-"/>
    <ns2:property nome="policy.retrieveToken.jwt.claims" valore="purposeId=PID-${busta:servizioApplicativoFruitore}"/>
    <ns2:property nome="endpointConfig_@@@_readConnectionTimeout" valore="10000"/>
    <ns2:property nome="policy.retrieveToken.jwt.signature.keyAlias" valore="-"/>
    <ns2:property nome="policy.retrieveToken.endpoint.url" valore="http://127.0.0.1:8080/govway/rest/DemoSoggettoErogatore/AuthorizationServerDummy/v1/tokenJwt/${busta:servizioApplicativoFruitore}"/>
    <ns2:property nome="policy.retrieveToken.mode" valore="rfc7523_x509"/>
    <ns2:property nome="policy.retrieveToken.jwt.signature.keystoreFile" valore="applicativoModi"/>
    <ns2:property nome="policy.endpoint.proxy.stato" valore="false"/>
    <ns2:property nome="jwtSignatureIncludeCertShaMode" valore="-"/>
    <ns2:property nome="policy.retrieveToken.jwt.signature.keystoreType" valore="applicativoModi"/>
    <ns2:property nome="policy.retrieveToken.jwt.subject" valore="${busta:mittente}/${busta:servizioApplicativoFruitore}"/>
    <ns2:property nome="policy.retrieveToken.jwt.expired" valore="300"/>
    <ns2:property nome="policy.retrieveToken.claimsParser" valore="OAUTH2_RFC_6749"/>
    <ns2:property nome="policy.retrieveToken.jwt.issuer.mode" valore="custom"/>
    <ns2:property nome="policy.retrieveToken.formParameters" valore="client_id=${busta:mittente}/${busta:servizioApplicativoFruitore}"/>
    <ns2:property nome="policy.retrieveToken.jwt.signature.joseContentType" valore="false"/>
    <ns2:property nome="policy.retrieveToken.saveErrorInCache" valore="false"/>
    <ns2:property nome="jwtSignatureIncludeCertMode" valore="x5c"/>
</ns2:generic-properties>
