<?xml version="1.0" encoding="UTF-8" standalone="yes"?>
<ns2:generic-properties xmlns:ns2="http://www.openspcoop2.org/core/config" nome="ModI-NegoziazionePDND-DPoP-RS256-CacheEnabled" tipologia="retrievePolicyToken" tipo="retrieveToken">
    <ns2:property nome="policy.retrieveToken.jwt.pdnd" valore="false"/>
    <ns2:property nome="policy.retrieveToken.dpop.cache.enabled" valore="true"/>
    <ns2:property nome="policy.retrieveToken.jwt.audience" valore="test"/>
    <ns2:property nome="policy.retrieveToken.dpop.signature.keystorePassword" valore="123456"/>
    <ns2:property nome="policy.retrieveToken.jwt.signature.joseType" valore="JWT"/>
    <ns2:property nome="policy.retrieveToken.dpop.signature.keyPassword" valore="123456"/>
    <ns2:property nome="policy.retrieveToken.dpop.signature.keystoreType" valore="jks"/>
    <ns2:property nome="policy.retrieveToken.jwt.issuer" valore="test1"/>
    <ns2:property nome="policy.retrieveToken.jwt.signature.algorithm" valore="RS256"/>
    <ns2:property nome="policy.retrieveToken.jwt.clientId" valore="test1"/>
    <ns2:property nome="policy.retrieveToken.jwt.signature.keystorePassword" valore="123456"/>
    <ns2:property nome="policy.endpoint.https.stato" valore="false"/>
    <ns2:property nome="policy.retrieveToken.dpop.cache.ttl" valore="5"/>
    <ns2:property nome="policy.retrieveToken.dpop" valore="true"/>
    <ns2:property nome="policy.retrieveToken.jwt.jti" valore="${transaction:id}"/>
    <ns2:property nome="endpointConfig_@@@_connectionTimeout" valore="5000"/>
    <ns2:property nome="policy.retrieveToken.jwt.signature.include.key.id" valore="true"/>
    <ns2:property nome="policy.tokenForward.mode" valore="RFC6750_header"/>
    <ns2:property nome="policy.retrieveToken.jwt.signature.keyPassword" valore="123456"/>
    <ns2:property nome="endpointConfig_@@@_readConnectionTimeout" valore="10000"/>
    <ns2:property nome="policy.retrieveToken.dpop.signature.algorithm" valore="RS256"/>
    <ns2:property nome="policy.retrieveToken.jwt.signature.keyAlias" valore="ExampleClient1"/>
    <ns2:property nome="policy.retrieveToken.endpoint.url" valore="http://localhost:8080/govway/rest/in/DemoSoggettoErogatore/AuthorizationServerDPoPDummy/v1/token"/>
    <ns2:property nome="policy.retrieveToken.mode" valore="rfc7523_x509"/>
    <ns2:property nome="policy.retrieveToken.jwt.signature.keystoreFile" valore="/etc/govway/keys/xca/ExampleClient1.p12"/>
    <ns2:property nome="policy.endpoint.proxy.stato" valore="false"/>
    <ns2:property nome="jwtSignatureIncludeCertShaMode" valore="-"/>
    <ns2:property nome="policy.retrieveToken.jwt.signature.keystoreType" valore="pkcs12"/>
    <ns2:property nome="policy.retrieveToken.jwt.subject" valore="test1"/>
    <ns2:property nome="policy.retrieveToken.jwt.expired" valore="300"/>
    <ns2:property nome="policy.retrieveToken.claimsParser" valore="OAUTH2_RFC_6749"/>
    <ns2:property nome="policy.retrieveToken.dpop.signature.keystoreFile" valore="/etc/govway/keys/xca/ExampleClient1.p12"/>
    <ns2:property nome="policy.tokenForward.dpop.mode" valore="RFC9449_header"/>
    <ns2:property nome="policy.retrieveToken.jwt.signature.joseContentType" valore="false"/>
    <ns2:property nome="policy.retrieveToken.saveErrorInCache" valore="false"/>
    <ns2:property nome="jwtSignatureIncludeCertMode" valore="-"/>
    <ns2:property nome="policy.retrieveToken.httpHeaders" valore="govway-testsuite-signature-use-keystore=true"/>
    <ns2:property nome="policy.retrieveToken.dpop.signature.keyAlias" valore="ExampleClient1"/>
    <ns2:proprieta-oggetto utente-richiedente="amministratore" data-creazione="2026-01-23T08:40:06.441+01:00" utente-ultima-modifica="amministratore" data-ultima-modifica="2026-01-23T08:48:02.979+01:00"/>
</ns2:generic-properties>
