<?xml version="1.0" encoding="UTF-8" standalone="yes"?>
<ns2:generic-properties xmlns:ns2="http://www.openspcoop2.org/core/config" nome="MODI-NegoziazioneTokenPDND-datiInPolicy-KidOnly-KeyPair" tipologia="retrievePolicyToken" tipo="retrieveToken">
    <ns2:property nome="policy.retrieveToken.jwt.pdnd" valore="false"/>
    <ns2:property nome="policy.retrieveToken.jwt.audience" valore="AUDIENCE-${header:tiponegoziazionetest}"/>
    <ns2:property nome="policy.retrieveToken.jwt.signature.include.key.id.value" valore="KID-ApplicativoBlockingIDA01"/>
    <ns2:property nome="policy.retrieveToken.jwt.signature.joseType" valore="JWT"/>
    <ns2:property nome="policy.retrieveToken.jwt.issuer" valore="DemoSoggettoFruitore/KeyPair/${header:tiponegoziazionetest}"/>
    <ns2:property nome="policy.retrieveToken.jwt.signature.algorithm" valore="RS256"/>
    <ns2:property nome="policy.retrieveToken.jwt.clientId" valore="DemoSoggettoFruitore/KeyPair/${header:tiponegoziazionetest}"/>
    <ns2:property nome="policy.endpoint.https.stato" valore="false"/>
    <ns2:property nome="policy.retrieveToken.jwt.jti" valore="${transaction:id}"/>
    <ns2:property nome="policy.retrieveToken.jwt.signature.keyPairAlgorithm" valore="RSA"/>
    <ns2:property nome="endpointConfig_@@@_connectionTimeout" valore="5000"/>
    <ns2:property nome="policy.retrieveToken.jwt.signature.include.key.id" valore="custom"/>
    <ns2:property nome="policy.tokenForward.mode" valore="RFC6750_header"/>
    <ns2:property nome="policy.retrieveToken.jwt.signature.keyPassword" valore="123456"/>
    <ns2:property nome="policy.retrieveToken.jwt.claims" valore="purposeId=PID-${header:tiponegoziazionetest}"/>
    <ns2:property nome="endpointConfig_@@@_readConnectionTimeout" valore="10000"/>
    <ns2:property nome="policy.retrieveToken.endpoint.url" valore="http://127.0.0.1:8080/govway/rest/DemoSoggettoErogatore/AuthorizationServerDummy/v1/tokenJwtKidOnlyKeyPair-returnAssertionAsAccessToken/${header:tiponegoziazionetest}"/>
    <ns2:property nome="policy.retrieveToken.mode" valore="rfc7523_x509"/>
    <ns2:property nome="policy.retrieveToken.jwt.signature.keystoreFile" valore="/etc/govway/keys/xca/ExampleClient1.key"/>
    <ns2:property nome="policy.endpoint.proxy.stato" valore="false"/>
    <ns2:property nome="jwtSignatureIncludeCertShaMode" valore="-"/>
    <ns2:property nome="policy.retrieveToken.jwt.signature.keystoreType" valore="keys"/>
    <ns2:property nome="policy.retrieveToken.jwt.subject" valore="DemoSoggettoFruitore/KeyPair/${header:tiponegoziazionetest}"/>
    <ns2:property nome="policy.retrieveToken.jwt.expired" valore="300"/>
    <ns2:property nome="policy.retrieveToken.claimsParser" valore="OAUTH2_RFC_6749"/>
    <ns2:property nome="policy.retrieveToken.formParameters" valore="client_id=DemoSoggettoFruitore/KeyPair/${header:tiponegoziazionetest}"/>
    <ns2:property nome="policy.retrieveToken.jwt.signature.joseContentType" valore="false"/>
    <ns2:property nome="policy.retrieveToken.saveErrorInCache" valore="false"/>
    <ns2:property nome="policy.retrieveToken.jwt.signature.keystoreFilePublicKey" valore="/etc/govway/keys/xca/ExampleClient1.crt"/>
    <ns2:property nome="jwtSignatureIncludeCertMode" valore="-"/>
    <ns2:proprieta-oggetto utente-richiedente="amministratore" data-creazione="2023-12-15T15:13:40.344+01:00" utente-ultima-modifica="amministratore" data-ultima-modifica="2023-12-15T19:12:16.261+01:00"/>
</ns2:generic-properties>
