<?xml version="1.0" encoding="UTF-8" standalone="yes"?>
<ns2:generic-properties xmlns:ns2="http://www.openspcoop2.org/core/config" nome="MODI-NegoziazioneTokenPDND-AutenticazioneApplicativoTramiteToken" tipologia="retrievePolicyToken" tipo="retrieveToken">
    <ns2:property nome="policy.retrieveToken.jwt.pdnd" valore="true"/>
    <ns2:property nome="policy.retrieveToken.jwt.signature.include.cert" valore="true"/>
    <ns2:property nome="policy.retrieveToken.jwt.audience" valore="AUDIENCE-${tokenClient:nome}"/>
    <ns2:property nome="policy.retrieveToken.formClientId.mode" valore="applicativoModi"/>
    <ns2:property nome="policy.retrieveToken.jwt.subject.mode" valore="applicativoModi"/>
    <ns2:property nome="policy.retrieveToken.jwt.signature.joseType" valore="JWT"/>
    <ns2:property nome="policy.retrieveToken.jwt.clientId.mode" valore="applicativoModi"/>
    <ns2:property nome="policy.retrieveToken.jwt.signature.algorithm" valore="RS256"/>
    <ns2:property nome="policy.retrieveToken.jwt.signature.keystorePassword" valore="-"/>
    <ns2:property nome="policy.endpoint.https.stato" valore="false"/>
    <ns2:property nome="policy.retrieveToken.jwt.jti" valore="${transaction:id}"/>
    <ns2:property nome="endpointConfig_@@@_connectionTimeout" valore="5000"/>
    <ns2:property nome="policy.retrieveToken.jwt.signature.include.key.id" valore="applicativoModi"/>
    <ns2:property nome="policy.tokenForward.mode" valore="RFC6750_header"/>
    <ns2:property nome="policy.retrieveToken.jwt.signature.keyPassword" valore="-"/>
    <ns2:property nome="endpointConfig_@@@_readConnectionTimeout" valore="10000"/>
    <ns2:property nome="policy.retrieveToken.jwt.signature.keyAlias" valore="-"/>
    <ns2:property nome="policy.retrieveToken.endpoint.url" valore="http://127.0.0.1:8080/govway/rest/DemoSoggettoErogatore/AuthorizationServerDummy/v1/tokenJwt/${tokenClient:nome}"/>
    <ns2:property nome="policy.retrieveToken.mode" valore="rfc7523_x509"/>
    <ns2:property nome="policy.retrieveToken.jwt.signature.keystoreFile" valore="applicativoModi"/>
    <ns2:property nome="policy.endpoint.proxy.stato" valore="false"/>
    <ns2:property nome="jwtSignatureIncludeCertShaMode" valore="-"/>
    <ns2:property nome="policy.retrieveToken.jwt.signature.keystoreType" valore="applicativoModi"/>
    <ns2:property nome="policy.retrieveToken.jwt.purposeId" valore="PID-${tokenClient:nome}"/>
    <ns2:property nome="policy.retrieveToken.jwt.expired" valore="300"/>
    <ns2:property nome="policy.retrieveToken.claimsParser" valore="OAUTH2_RFC_6749"/>
    <ns2:property nome="policy.retrieveToken.jwt.issuer.mode" valore="applicativoModi"/>
    <ns2:property nome="policy.retrieveToken.jwt.signature.joseContentType" valore="false"/>
    <ns2:property nome="policy.retrieveToken.jwt.signature.byok" valore="applicativoModi"/>
    <ns2:property nome="policy.retrieveToken.saveErrorInCache" valore="false"/>
    <ns2:property nome="jwtSignatureIncludeCertMode" valore="x5c"/>
    <ns2:proprieta-oggetto utente-richiedente="amministratore" data-creazione="2025-01-10T16:01:35.767+01:00" utente-ultima-modifica="amministratore" data-ultima-modifica="2025-01-10T16:06:22.185+01:00"/>
</ns2:generic-properties>
