<?xml version="1.0" encoding="UTF-8" standalone="yes"?>
<ns2:generic-properties xmlns:ns2="http://www.openspcoop2.org/core/config" nome="SimulazionePDNDProduzioneTokenKid-AuditRest02" tipologia="retrievePolicyToken" tipo="retrieveToken">
    <ns2:property nome="policy.retrieveToken.jwt.pdnd" valore="false"/>
    <ns2:property nome="policy.retrieveToken.jwt.audience" valore="NonImportante"/>
    <ns2:property nome="policy.retrieveToken.jwt.signature.joseType" valore="JWT"/>
    <ns2:property nome="policy.retrieveToken.jwt.signature.algorithm" valore="RS256"/>
    <ns2:property nome="policy.retrieveToken.jwt.clientId" valore="NonImportante"/>
    <ns2:property nome="policy.retrieveToken.jwt.signature.keystorePassword" valore="123456"/>
    <ns2:property nome="policy.endpoint.https.stato" valore="false"/>
    <ns2:property nome="policy.retrieveToken.jwt.jti" valore="${transaction:id}"/>
    <ns2:property nome="endpointConfig_@@@_connectionTimeout" valore="5000"/>
    <ns2:property nome="policy.retrieveToken.jwt.signature.include.key.id" valore="false"/>
    <ns2:property nome="policy.tokenForward.mode" valore="RFC6750_header"/>
    <ns2:property nome="policy.retrieveToken.jwt.signature.keyPassword" valore="123456"/>
    <ns2:property nome="endpointConfig_@@@_readConnectionTimeout" valore="10000"/>
    <ns2:property nome="policy.retrieveToken.jwt.signature.keyAlias" valore="ExampleClient1"/>
    <ns2:property nome="policy.retrieveToken.endpoint.url" valore="http://localhost:8080/govway/rest/out/DemoSoggettoFruitore/DemoSoggettoErogatore/SimulazionePDNDProduzioneTokenKid/v1/authPrincipalReadDigest"/>
    <ns2:property nome="policy.retrieveToken.mode" valore="rfc7523_x509"/>
    <ns2:property nome="policy.retrieveToken.jwt.signature.keystoreFile" valore="/etc/govway/keys/xca/ExampleClient1.p12"/>
    <ns2:property nome="policy.endpoint.proxy.stato" valore="false"/>
    <ns2:property nome="jwtSignatureIncludeCertShaMode" valore="-"/>
    <ns2:property nome="policy.retrieveToken.jwt.signature.keystoreType" valore="pkcs12"/>
    <ns2:property nome="policy.retrieveToken.jwt.expired" valore="300"/>
    <ns2:property nome="policy.retrieveToken.claimsParser" valore="OAUTH2_RFC_6749"/>
    <ns2:property nome="policy.retrieveToken.jwt.signature.joseContentType" valore="false"/>
    <ns2:property nome="policy.retrieveToken.saveErrorInCache" valore="false"/>
    <ns2:property nome="jwtSignatureIncludeCertMode" valore="-"/>
    <ns2:property nome="policy.retrieveToken.httpHeaders" valore="simulazionepdnd-audience=${header:simulazionepdnd-audience}&#10;simulazionepdnd-purposeId=${header:simulazionepdnd-purposeId}&#10;simulazionepdnd-username=${header:simulazionepdnd-username}&#10;simulazionepdnd-digest-mode=${header:simulazionepdnd-digest-mode}"/>
</ns2:generic-properties>
