<?xml version="1.0" encoding="UTF-8" standalone="yes"?>
<ns2:generic-properties xmlns:ns2="http://www.openspcoop2.org/core/config" nome="SimulazionePDNDProduzioneTokenKid" tipologia="retrievePolicyToken" tipo="retrieveToken">
    <ns2:property nome="policy.endpoint.proxy.stato" valore="false"/>
    <ns2:property nome="policy.retrieveToken.endpoint.basic.username" valore="${header:simulazionepdnd-username}"/>
    <ns2:property nome="policy.retrieveToken.endpoint.basic.password" valore="${header:simulazionepdnd-password}"/>
    <ns2:property nome="policy.retrieveToken.endpoint.basic.asAuthorizationHeader" valore="true"/>
    <ns2:property nome="policy.endpoint.https.stato" valore="false"/>
    <ns2:property nome="policy.retrieveToken.claimsParser" valore="OAUTH2_RFC_6749"/>
    <ns2:property nome="endpointConfig_@@@_connectionTimeout" valore="5000"/>
    <ns2:property nome="policy.retrieveToken.saveErrorInCache" valore="false"/>
    <ns2:property nome="policy.tokenForward.mode" valore="RFC6750_header"/>
    <ns2:property nome="endpointConfig_@@@_readConnectionTimeout" valore="10000"/>
    <ns2:property nome="policy.retrieveToken.endpoint.basic.stato" valore="true"/>
    <ns2:property nome="policy.retrieveToken.endpoint.https.stato" valore="false"/>
    <ns2:property nome="policy.retrieveToken.httpHeaders" valore="simulazionepdnd-audience=${header:simulazionepdnd-audience}&#10;simulazionepdnd-purposeId=${header:simulazionepdnd-purposeId}"/>
    <ns2:property nome="policy.retrieveToken.endpoint.url" valore="http://localhost:8080/govway/rest/out/DemoSoggettoFruitore/DemoSoggettoErogatore/SimulazionePDNDProduzioneTokenKid/v1"/>
    <ns2:property nome="policy.retrieveToken.mode" valore="clientCredentials"/>
</ns2:generic-properties>
