<?xml version="1.0" encoding="UTF-8" standalone="yes"?>
<ns2:porta-applicativa xmlns:ns2="http://www.openspcoop2.org/core/config" nome="gw_ENTE/gw_StressTestRestRateLimitingDistribuito/v1" descrizione="Service implementation gw/ENTE:gw/StressTestRestRateLimitingDistribuito:1" ricevuta-asincrona-simmetrica="abilitato" ricevuta-asincrona-asimmetrica="abilitato" allega-body="disabilitato" scarta-body="disabilitato" gestione-manifest="disabilitato" autenticazione="principal" autenticazione-opzionale="disabilitato" autorizzazione="authenticated" ricerca-porta-azione-delegata="abilitato" stato="abilitato">
    <ns2:servizio tipo="gw" nome="StressTestRestRateLimitingDistribuito" versione="1"/>
    <ns2:azione identificazione="interfaceBased" force-interface-based="disabilitato"/>
    <ns2:servizio-applicativo nome="gw_ENTE/gw_StressTestRestRateLimitingDistribuito/v1"/>
    <ns2:proprieta-autenticazione nome="tipoAutenticazione" valore="header-based"/>
    <ns2:proprieta-autenticazione nome="nome" valore="GovWay-StressTest-UserId"/>
    <ns2:proprieta-rate-limiting nome="ctGestore" valore="LOCAL_DIVIDED_BY_NODES"/>
    <ns2:proprieta-rate-limiting nome="ctSyncMode" valore="localePiuNodi"/>
    <ns2:proprieta-rate-limiting nome="ctImpl" valore="hazelcast"/>
    <ns2:proprieta-rate-limiting nome="ctCount" valore="exact"/>
    <ns2:proprieta-rate-limiting nome="ctEngineType" valore="full-sync"/>
    <ns2:proprieta-rate-limiting nome="ctHttpMode" valore="default"/>
    <ns2:servizi-applicativi-autorizzati>
        <ns2:servizio-applicativo tipo-soggetto-proprietario="gw" nome-soggetto-proprietario="ENTE" nome="Applicativo-StressTest"/>
    </ns2:servizi-applicativi-autorizzati>
</ns2:porta-applicativa>
