<?xml version="1.0" encoding="UTF-8" standalone="yes"?>
<ns2:porta-applicativa xmlns:ns2="http://www.openspcoop2.org/core/config" nome="gw_ENTE/gw_StressTestRestRateLimiting/v1" descrizione="Service implementation gw/ENTE:gw/StressTestRestRateLimiting:1" ricevuta-asincrona-simmetrica="abilitato" ricevuta-asincrona-asimmetrica="abilitato" allega-body="disabilitato" scarta-body="disabilitato" autenticazione="principal" autorizzazione="authenticated" ricerca-porta-azione-delegata="abilitato" stato="abilitato">
    <ns2:servizio tipo="gw" nome="StressTestRestRateLimiting" versione="1"/>
    <ns2:azione identificazione="interfaceBased" force-interface-based="abilitato"/>
    <ns2:servizio-applicativo nome="gw_ENTE/gw_StressTestRestRateLimiting/v1"/>
    <ns2:proprieta-autenticazione nome="tipoAutenticazione" valore="header-based"/>
    <ns2:proprieta-autenticazione nome="nome" valore="GovWay-StressTest-UserId"/>
    <ns2:servizi-applicativi-autorizzati>
        <ns2:servizio-applicativo tipo-soggetto-proprietario="gw" nome-soggetto-proprietario="ENTE" nome="Applicativo-StressTest"/>
    </ns2:servizi-applicativi-autorizzati>
</ns2:porta-applicativa>
