<?xml version="1.0" encoding="UTF-8" standalone="yes"?>
<ns2:porta-applicativa xmlns:ns2="http://www.openspcoop2.org/core/config" nome="__gw_ENTE/gw_StressTestRestRateLimiting/v1__Specific6" descrizione="Internal Implementation 'Specific6' for gw_ENTE/gw_StressTestRestRateLimiting/v1" ricevuta-asincrona-simmetrica="abilitato" ricevuta-asincrona-asimmetrica="abilitato" allega-body="disabilitato" scarta-body="disabilitato" autenticazione="principal" autorizzazione="none" ricerca-porta-azione-delegata="disabilitato" stato="abilitato">
    <ns2:servizio tipo="gw" nome="StressTestRestRateLimiting" versione="1"/>
    <ns2:azione identificazione="delegatedBy" nome-porta-delegante="gw_ENTE/gw_StressTestRestRateLimiting/v1" force-interface-based="disabilitato">
        <ns2:azione-delegata>PUT_test6</ns2:azione-delegata>
    </ns2:azione>
    <ns2:servizio-applicativo nome="gw_ENTE/gw_StressTestRestRateLimiting/v1"/>
    <ns2:proprieta-autenticazione nome="tipoAutenticazione" valore="header-based"/>
    <ns2:proprieta-autenticazione nome="nome" valore="GovWay-StressTest-UniqueUserId"/>
    <ns2:dump realtime="abilitato">
        <ns2:richiesta-ingresso payload="disabilitato" payload-parsing="disabilitato" body="disabilitato" attachments="disabilitato" headers="disabilitato"/>
        <ns2:richiesta-uscita payload="disabilitato" payload-parsing="disabilitato" body="disabilitato" attachments="disabilitato" headers="disabilitato"/>
        <ns2:risposta-ingresso payload="disabilitato" payload-parsing="disabilitato" body="disabilitato" attachments="disabilitato" headers="disabilitato"/>
        <ns2:risposta-uscita payload="disabilitato" payload-parsing="disabilitato" body="disabilitato" attachments="disabilitato" headers="disabilitato"/>
    </ns2:dump>
    <ns2:tracciamento esiti="-2"/>
</ns2:porta-applicativa>
