<?xml version="1.0" encoding="UTF-8" standalone="yes"?>
<ns2:porta-applicativa xmlns:ns2="http://www.openspcoop2.org/core/config" nome="__gw_ENTE/gw_StressTestRestRequestMultipart/v1__Specific3" descrizione="Internal Implementation 'Specific3' for gw_ENTE/gw_StressTestRestRequestMultipart/v1" ricevuta-asincrona-simmetrica="abilitato" ricevuta-asincrona-asimmetrica="abilitato" allega-body="disabilitato" scarta-body="disabilitato" autenticazione="none" autorizzazione="none" ricerca-porta-azione-delegata="disabilitato" stato="abilitato">
    <ns2:servizio tipo="gw" nome="StressTestRestRequestMultipart" versione="1"/>
    <ns2:azione identificazione="delegatedBy" nome-porta-delegante="gw_ENTE/gw_StressTestRestRequestMultipart/v1" force-interface-based="disabilitato">
        <ns2:azione-delegata>PUT_test3</ns2:azione-delegata>
    </ns2:azione>
    <ns2:servizio-applicativo nome="gw_ENTE/gw_StressTestRestRequestMultipart/v1"/>
    <ns2:proprieta nome="validation.response.enabled" valore="false"/>
    <ns2:proprieta nome="validation.openApi4j.validateMultipartOptimization" valore="true"/>
    <ns2:validazione-contenuti-applicativi stato="abilitato" tipo="interface" accept-mtom-message="disabilitato"/>
    <ns2:dump realtime="abilitato">
        <ns2:richiesta-ingresso payload="disabilitato" payload-parsing="disabilitato" body="disabilitato" attachments="disabilitato" headers="disabilitato"/>
        <ns2:richiesta-uscita payload="disabilitato" payload-parsing="disabilitato" body="disabilitato" attachments="disabilitato" headers="disabilitato"/>
        <ns2:risposta-ingresso payload="disabilitato" payload-parsing="disabilitato" body="disabilitato" attachments="disabilitato" headers="disabilitato"/>
        <ns2:risposta-uscita payload="disabilitato" payload-parsing="disabilitato" body="disabilitato" attachments="disabilitato" headers="disabilitato"/>
    </ns2:dump>
</ns2:porta-applicativa>
