<?xml version="1.0" encoding="UTF-8" standalone="yes"?>
<ns2:porta-applicativa xmlns:ns2="http://www.openspcoop2.org/core/config" nome="__gw_ENTE/gw_StressTestRestRateLimiting/v1__Specific3" descrizione="Internal Implementation 'Specific3' for gw_ENTE/gw_StressTestRestRateLimiting/v1" ricevuta-asincrona-simmetrica="abilitato" ricevuta-asincrona-asimmetrica="abilitato" allega-body="disabilitato" scarta-body="disabilitato" autenticazione="principal" autorizzazione="authenticated" ricerca-porta-azione-delegata="disabilitato" stato="abilitato">
    <ns2:servizio tipo="gw" nome="StressTestRestRateLimiting" versione="1"/>
    <ns2:azione identificazione="delegatedBy" nome-porta-delegante="gw_ENTE/gw_StressTestRestRateLimiting/v1" force-interface-based="disabilitato">
        <ns2:azione-delegata>PUT_test4</ns2:azione-delegata>
    </ns2:azione>
    <ns2:servizio-applicativo nome="gw_ENTE/gw_StressTestRestRateLimiting/v1"/>
    <ns2:proprieta-autenticazione nome="tipoAutenticazione" valore="header-based"/>
    <ns2:proprieta-autenticazione nome="nome" valore="GovWay-StressTest-UserId"/>
    <ns2:servizi-applicativi-autorizzati>
        <ns2:servizio-applicativo tipo-soggetto-proprietario="gw" nome-soggetto-proprietario="ENTE" nome="Applicativo-StressTest"/>
    </ns2:servizi-applicativi-autorizzati>
    <ns2:dump realtime="abilitato">
        <ns2:richiesta-ingresso payload="disabilitato" payload-parsing="disabilitato" body="disabilitato" attachments="disabilitato" headers="disabilitato"/>
        <ns2:richiesta-uscita payload="disabilitato" payload-parsing="disabilitato" body="disabilitato" attachments="disabilitato" headers="disabilitato"/>
        <ns2:risposta-ingresso payload="disabilitato" payload-parsing="disabilitato" body="disabilitato" attachments="disabilitato" headers="disabilitato"/>
        <ns2:risposta-uscita payload="disabilitato" payload-parsing="disabilitato" body="disabilitato" attachments="disabilitato" headers="disabilitato"/>
    </ns2:dump>
    <ns2:tracciamento esiti="0,1,2,3,4,5,6,7,8,9,10,11,12,13,14,15,16,17,19,20,21,22,23,24,25,26,27,28,29,30,31,32,33,34,35,36,37,38,41,42,43,44,45,46,47"/>
</ns2:porta-applicativa>
