<?xml version="1.0" encoding="UTF-8" standalone="yes"?>
<ns2:porta-applicativa xmlns:ns2="http://www.openspcoop2.org/core/config" nome="__gw_ENTE/gw_StressTestRestRateLimitingDistribuito/v1__Specific3" descrizione="Internal Implementation 'Specific3' for gw_ENTE/gw_StressTestRestRateLimitingDistribuito/v1" allega-body="disabilitato" scarta-body="disabilitato" gestione-manifest="disabilitato" autenticazione="principal" autenticazione-opzionale="disabilitato" autorizzazione="authenticated" ricerca-porta-azione-delegata="disabilitato" stato="abilitato">
    <ns2:servizio tipo="gw" nome="StressTestRestRateLimitingDistribuito" versione="1"/>
    <ns2:azione identificazione="delegatedBy" nome-porta-delegante="gw_ENTE/gw_StressTestRestRateLimitingDistribuito/v1" force-interface-based="disabilitato">
        <ns2:azione-delegata>PUT_test4</ns2:azione-delegata>
    </ns2:azione>
    <ns2:servizio-applicativo nome="gw_ENTE/gw_StressTestRestRateLimitingDistribuito/v1"/>
    <ns2:proprieta-autenticazione nome="tipoAutenticazione" valore="header-based"/>
    <ns2:proprieta-autenticazione nome="nome" valore="GovWay-StressTest-UserId"/>
    <ns2:proprieta-rate-limiting nome="ctGestore" valore="HAZELCAST_LOCAL_CACHE"/>
    <ns2:proprieta-rate-limiting nome="ctGestoreConfigDate" valore="1657122005264"/>
    <ns2:proprieta-rate-limiting nome="ctSyncMode" valore="distribuita"/>
    <ns2:proprieta-rate-limiting nome="ctImpl" valore="hazelcast"/>
    <ns2:proprieta-rate-limiting nome="ctCount" valore="approximated"/>
    <ns2:proprieta-rate-limiting nome="ctEngineType" valore="local-cache"/>
    <ns2:proprieta-rate-limiting nome="ctHttpMode" valore="default"/>
    <ns2:servizi-applicativi-autorizzati>
        <ns2:servizio-applicativo tipo-soggetto-proprietario="gw" nome-soggetto-proprietario="ENTE" nome="Applicativo-StressTest"/>
    </ns2:servizi-applicativi-autorizzati>
    <ns2:dump realtime="abilitato">
        <ns2:richiesta-ingresso payload="disabilitato" payload-parsing="disabilitato" body="disabilitato" attachments="disabilitato" headers="disabilitato"/>
        <ns2:richiesta-uscita payload="disabilitato" payload-parsing="disabilitato" body="disabilitato" attachments="disabilitato" headers="disabilitato"/>
        <ns2:risposta-ingresso payload="disabilitato" payload-parsing="disabilitato" body="disabilitato" attachments="disabilitato" headers="disabilitato"/>
        <ns2:risposta-uscita payload="disabilitato" payload-parsing="disabilitato" body="disabilitato" attachments="disabilitato" headers="disabilitato"/>
    </ns2:dump>
</ns2:porta-applicativa>
