<?xml version="1.0" encoding="UTF-8" standalone="yes"?>
<ns2:porta-applicativa xmlns:ns2="http://www.openspcoop2.org/core/config" nome="__gw_ENTE/gw_StressTestRestValidazione/v1__Specific1" descrizione="Internal Implementation 'Specific1' for gw_ENTE/gw_StressTestRestValidazione/v1" ricevuta-asincrona-simmetrica="abilitato" ricevuta-asincrona-asimmetrica="abilitato" allega-body="disabilitato" scarta-body="disabilitato" autenticazione="none" autenticazione-opzionale="disabilitato" autorizzazione="none" ricerca-porta-azione-delegata="disabilitato" stato="abilitato">
    <ns2:servizio tipo="gw" nome="StressTestRestValidazione" versione="1"/>
    <ns2:azione identificazione="delegatedBy" nome-porta-delegante="gw_ENTE/gw_StressTestRestValidazione/v1" force-interface-based="disabilitato">
        <ns2:azione-delegata>PUT_test2</ns2:azione-delegata>
    </ns2:azione>
    <ns2:servizio-applicativo nome="gw_ENTE/gw_StressTestRestValidazione/v1"/>
    <ns2:validazione-contenuti-applicativi stato="abilitato" tipo="interface" accept-mtom-message="disabilitato"/>
    <ns2:dump realtime="abilitato">
        <ns2:richiesta-ingresso payload="disabilitato" payload-parsing="disabilitato" body="disabilitato" attachments="disabilitato" headers="disabilitato"/>
        <ns2:richiesta-uscita payload="disabilitato" payload-parsing="disabilitato" body="disabilitato" attachments="disabilitato" headers="disabilitato"/>
        <ns2:risposta-ingresso payload="disabilitato" payload-parsing="disabilitato" body="disabilitato" attachments="disabilitato" headers="disabilitato"/>
        <ns2:risposta-uscita payload="disabilitato" payload-parsing="disabilitato" body="disabilitato" attachments="disabilitato" headers="disabilitato"/>
    </ns2:dump>
    <ns2:tracciamento esiti="1,2,3,4,5,6,7,9,10,11,13,14,15,16,17,18,20,22,23,24,25,26,27,29,30,31,32,33,36,37,41,42,43,44,45,46"/>
</ns2:porta-applicativa>
