<?xml version="1.0" encoding="UTF-8" standalone="yes"?>
<attivazione-policy xmlns="http://www.openspcoop2.org/core/controllo_traffico">
    <id-active-policy>_built-in_NumeroRichiesteCompletateConSuccesso-ControlloRealtimeOrario:42</id-active-policy>
    <alias>FiltroParametroUrl</alias>
    <update-time>2020-12-28T11:25:57.073+01:00</update-time>
    <posizione>1</posizione>
    <continua-valutazione>false</continua-valutazione>
    <id-policy>_built-in_NumeroRichiesteCompletateConSuccesso-ControlloRealtimeOrario</id-policy>
    <enabled>true</enabled>
    <warning-only>false</warning-only>
    <ridefinisci>true</ridefinisci>
    <valore>5</valore>
    <filtro>
        <enabled>true</enabled>
        <protocollo>trasparente</protocollo>
        <ruolo-porta>applicativa</ruolo-porta>
        <nome-porta>gw_SoggettoInternoTest/gw_RaggruppamentoRest/v1</nome-porta>
        <azione></azione>
        <informazione-applicativa-enabled>true</informazione-applicativa-enabled>
        <informazione-applicativa-tipo>HeaderBased</informazione-applicativa-tipo>
        <informazione-applicativa-nome>GovWay-TestSuite-RL-Grouping</informazione-applicativa-nome>
        <informazione-applicativa-valore>FiltroParametroUrl</informazione-applicativa-valore>
    </filtro>
    <group-by>
        <enabled>true</enabled>
        <ruolo-porta>false</ruolo-porta>
        <protocollo>false</protocollo>
        <fruitore>false</fruitore>
        <servizio-applicativo-fruitore>false</servizio-applicativo-fruitore>
        <identificativo-autenticato>false</identificativo-autenticato>
        <erogatore>false</erogatore>
        <servizio-applicativo-erogatore>false</servizio-applicativo-erogatore>
        <servizio>false</servizio>
        <azione>false</azione>
        <informazione-applicativa-enabled>true</informazione-applicativa-enabled>
        <informazione-applicativa-tipo>FormBased</informazione-applicativa-tipo>
        <informazione-applicativa-nome>gruppo</informazione-applicativa-nome>
    </group-by>
</attivazione-policy>
