<?xml version="1.0" encoding="UTF-8" standalone="yes"?>
<attivazione-policy xmlns="http://www.openspcoop2.org/core/controllo_traffico">
    <id-active-policy>_built-in_DimensioneMassimaMessaggio@0000000000000000018</id-active-policy>
    <alias>Risposta50K</alias>
    <update-time>2021-05-25T16:08:24.769+02:00</update-time>
    <posizione>2</posizione>
    <continua-valutazione>false</continua-valutazione>
    <id-policy>_built-in_DimensioneMassimaMessaggio</id-policy>
    <enabled>true</enabled>
    <warning-only>false</warning-only>
    <ridefinisci>true</ridefinisci>
    <valore>50</valore>
    <valore2>30000</valore2>
    <filtro>
        <enabled>true</enabled>
        <protocollo>trasparente</protocollo>
        <ruolo-porta>applicativa</ruolo-porta>
        <nome-porta>__gw_SoggettoInternoTest/gw_DimensioneMassimaMessaggiREST/v1__Specific7</nome-porta>
        <informazione-applicativa-enabled>true</informazione-applicativa-enabled>
        <informazione-applicativa-tipo>HeaderBased</informazione-applicativa-tipo>
        <informazione-applicativa-nome>TipoTestDimensioneMassimaMessaggio</informazione-applicativa-nome>
        <informazione-applicativa-valore>Risposta</informazione-applicativa-valore>
    </filtro>
    <group-by>
        <enabled>false</enabled>
        <ruolo-porta>false</ruolo-porta>
        <protocollo>false</protocollo>
        <fruitore>false</fruitore>
        <servizio-applicativo-fruitore>false</servizio-applicativo-fruitore>
        <identificativo-autenticato>false</identificativo-autenticato>
        <erogatore>false</erogatore>
        <servizio-applicativo-erogatore>false</servizio-applicativo-erogatore>
        <servizio>false</servizio>
        <azione>false</azione>
        <informazione-applicativa-enabled>false</informazione-applicativa-enabled>
    </group-by>
</attivazione-policy>
