<?xml version="1.0" encoding="UTF-8" standalone="yes"?>
<attivazione-policy xmlns="http://www.openspcoop2.org/core/controllo_traffico">
    <id-active-policy>_built-in_NumeroRichiesteFallite-ControlloRealtimeMinuti:8</id-active-policy>
    <alias>MinutoDefault</alias>
    <update-time>2020-12-10T13:42:07.359+01:00</update-time>
    <posizione>4</posizione>
    <continua-valutazione>false</continua-valutazione>
    <id-policy>_built-in_NumeroRichiesteFallite-ControlloRealtimeMinuti</id-policy>
    <enabled>true</enabled>
    <warning-only>false</warning-only>
    <ridefinisci>false</ridefinisci>
    <valore>3</valore>
    <filtro>
        <enabled>true</enabled>
        <protocollo>trasparente</protocollo>
        <ruolo-porta>delegata</ruolo-porta>
        <nome-porta>gw_SoggettoInternoTestFruitore/gw_SoggettoInternoTest/gw_RichiesteFalliteSoap/v1</nome-porta>
        <tipo-fruitore>gw</tipo-fruitore>
        <nome-fruitore>SoggettoInternoTestFruitore</nome-fruitore>
        <azione>MinutoDefault</azione>
        <informazione-applicativa-enabled>false</informazione-applicativa-enabled>
    </filtro>
    <group-by>
        <enabled>false</enabled>
        <ruolo-porta>false</ruolo-porta>
        <protocollo>false</protocollo>
        <fruitore>false</fruitore>
        <servizio-applicativo-fruitore>false</servizio-applicativo-fruitore>
        <identificativo-autenticato>false</identificativo-autenticato>
        <erogatore>false</erogatore>
        <servizio-applicativo-erogatore>false</servizio-applicativo-erogatore>
        <servizio>false</servizio>
        <azione>false</azione>
        <informazione-applicativa-enabled>false</informazione-applicativa-enabled>
    </group-by>
</attivazione-policy>
