<?xml version="1.0" encoding="UTF-8" standalone="yes"?>
<attivazione-policy xmlns="http://www.openspcoop2.org/core/controllo_traffico">
    <id-active-policy>_built-in_NumeroRichieste-ControlloRealtimeOrario@0000000000000000022</id-active-policy>
    <alias>govway-testsuite</alias>
    <update-time>2023-02-15T12:27:13.398+01:00</update-time>
    <posizione>1</posizione>
    <continua-valutazione>false</continua-valutazione>
    <id-policy>_built-in_NumeroRichieste-ControlloRealtimeOrario</id-policy>
    <enabled>true</enabled>
    <warning-only>false</warning-only>
    <ridefinisci>true</ridefinisci>
    <valore>1000000000</valore>
    <filtro>
        <enabled>true</enabled>
        <protocollo>trasparente</protocollo>
        <ruolo-porta>delegata</ruolo-porta>
        <nome-porta>gw_SoggettoInternoTestFruitore/gw_SoggettoInternoTest/gw_TestPlugins/v1</nome-porta>
        <tipo-fruitore>gw</tipo-fruitore>
        <nome-fruitore>SoggettoInternoTestFruitore</nome-fruitore>
        <informazione-applicativa-enabled>true</informazione-applicativa-enabled>
        <informazione-applicativa-tipo>PluginBased</informazione-applicativa-tipo>
        <informazione-applicativa-nome>testRT</informazione-applicativa-nome>
        <informazione-applicativa-valore>govway-testsuite-filtro</informazione-applicativa-valore>
    </filtro>
    <group-by>
        <enabled>true</enabled>
        <ruolo-porta>false</ruolo-porta>
        <protocollo>false</protocollo>
        <fruitore>false</fruitore>
        <servizio-applicativo-fruitore>false</servizio-applicativo-fruitore>
        <identificativo-autenticato>false</identificativo-autenticato>
        <erogatore>false</erogatore>
        <servizio-applicativo-erogatore>false</servizio-applicativo-erogatore>
        <servizio>false</servizio>
        <azione>false</azione>
        <informazione-applicativa-enabled>true</informazione-applicativa-enabled>
        <informazione-applicativa-tipo>PluginBased</informazione-applicativa-tipo>
        <informazione-applicativa-nome>testRT</informazione-applicativa-nome>
    </group-by>
</attivazione-policy>
