<?xml version="1.0" encoding="UTF-8" standalone="yes"?>
<attivazione-policy xmlns="http://www.openspcoop2.org/core/controllo_traffico">
    <id-active-policy>__TestsuiteGlobaleTestOrarioConFiltroPerChiave__</id-active-policy>
    <alias>EsempioPolicyGlobale-Orario-FiltroTag</alias>
    <update-time>2021-01-13T19:47:22.932+01:00</update-time>
    <posizione>1</posizione>
    <continua-valutazione>false</continua-valutazione>
    <id-policy>_built-in_NumeroRichiesteCompletateConSuccesso-ControlloRealtimeOrario</id-policy>
    <enabled>true</enabled>
    <warning-only>false</warning-only>
    <ridefinisci>true</ridefinisci>
    <valore>5</valore>
    <filtro>
        <enabled>true</enabled>
        <protocollo>trasparente</protocollo>
        <ruolo-porta>entrambi</ruolo-porta>
	<tag>TestRateLimiting</tag>
        <informazione-applicativa-enabled>true</informazione-applicativa-enabled>
        <informazione-applicativa-tipo>HeaderBased</informazione-applicativa-tipo>
        <informazione-applicativa-nome>GovWay-TestSuite-RL-GlobalPolicy-FiltroTag</informazione-applicativa-nome>
        <informazione-applicativa-valore>TestPolicyGlobale</informazione-applicativa-valore>
    </filtro>
    <group-by>
        <enabled>false</enabled>
        <ruolo-porta>false</ruolo-porta>
        <protocollo>false</protocollo>
        <fruitore>false</fruitore>
        <servizio-applicativo-fruitore>false</servizio-applicativo-fruitore>
        <identificativo-autenticato>false</identificativo-autenticato>
        <erogatore>false</erogatore>
        <servizio-applicativo-erogatore>false</servizio-applicativo-erogatore>
        <servizio>false</servizio>
        <azione>false</azione>
        <informazione-applicativa-enabled>false</informazione-applicativa-enabled>
    </group-by>
</attivazione-policy>
