<?xml version="1.0" encoding="UTF-8" standalone="yes"?>
<fruitore xmlns="http://www.openspcoop2.org/core/registry" tipo="modipa" nome="DemoSoggettoFruitore" ora-registrazione="2020-09-10T12:06:29.330+02:00">
    <connettore tipo="https" nome="CNT_SF_modipa/DemoSoggettoFruitore_modipa/DemoSoggettoErogatore_modipa/ApiDemoBlockingRest/1">
        <property nome="debug" valore="false"/>
        <property nome="location" valore="https://Erogatore:8445/govway/rest/in/DemoSoggettoErogatore/ApiDemoBlockingRest/v1"/>
        <property nome="sslType" valore="TLSv1.3"/>
        <property nome="hostnameVerifier" valore="false"/>
        <property nome="trustAllCerts" valore="false"/>
        <property nome="trustStoreLocation" valore="/home/froggo/sorgenti/link_it/GOVWAY/GovWay/protocolli/modipa/testsuite/keystore_testsuite/erogatore.jks"/>
        <property nome="trustStoreType" valore="jks"/>
        <property nome="trustStorePassword" valore="openspcoop"/>
        <property nome="trustManagementAlgorithm" valore="PKIX"/>
    </connettore>
</fruitore>
