<?xml version="1.0" encoding="UTF-8" standalone="yes"?>
<ns2:porta-applicativa xmlns:ns2="http://www.openspcoop2.org/core/config" nome="modipa_SoggettoInternoVaultTest/modipa_VaultTestConnettoriArchivio/v1" descrizione="Service implementation modipa/SoggettoInternoVaultTest:modipa/VaultTestConnettoriArchivio:1" ricevuta-asincrona-simmetrica="abilitato" ricevuta-asincrona-asimmetrica="abilitato" allega-body="disabilitato" scarta-body="disabilitato" autenticazione="ssl" autenticazione-opzionale="abilitato" autorizzazione="none" autorizzazione-contenuto="builtIn" ricerca-porta-azione-delegata="abilitato" stato="abilitato">
    <ns2:servizio tipo="modipa" nome="VaultTestConnettoriArchivio" versione="1"/>
    <ns2:azione identificazione="interfaceBased" force-interface-based="abilitato"/>
    <ns2:servizio-applicativo nome="modipa_SoggettoInternoVaultTest/modipa_VaultTestConnettoriArchivio/v1"/>
    <ns2:proprieta-autorizzazione-contenuto nome="#C_0#_# Secrets cifrati tramite security policy" valore=" "/>
    <ns2:proprieta-autorizzazione-contenuto nome="${java:GOVWAY_TEST_SECRETS_BY_SECURITY_POLICY_DEFAULT}" valore="testSecretBySecurityDefault"/>
    <ns2:proprieta-autorizzazione-contenuto nome="${env:GOVWAY_TEST_SECRETS_BY_SECURITY_POLICY_GW_KEYS}" valore="testSecretBySecurityGwKeys"/>
    <ns2:proprieta-autorizzazione-contenuto nome="${java:GOVWAY_TEST_SECRETS_BY_SECURITY_POLICY_GW_REMOTE}" valore="testSecretBySecurityGwRemote"/>
    <ns2:proprieta-autorizzazione-contenuto nome="#C_1#_# Secrets cifrati tramite ksm" valore=" "/>
    <ns2:proprieta-autorizzazione-contenuto nome="${java:GOVWAY_TEST_SECRETS_BY_KSM_PBKDF2}" valore="testSecretByKsmGwPbkdf2"/>
    <ns2:proprieta-autorizzazione-contenuto nome="${java:GOVWAY_TEST_SECRETS_BY_KSM_GW_KEYS}" valore="testSecretByKsmGwKeys"/>
    <ns2:proprieta-autorizzazione-contenuto nome="${env:GOVWAY_TEST_SECRETS_BY_KSM_GW_REMOTE}" valore="testSecretByKsmGwRemote"/>
    <ns2:proprieta-autorizzazione-contenuto nome="#C_2#_# Variabili in chiaro" valore=" "/>
    <ns2:proprieta-autorizzazione-contenuto nome="${java:GOVWAY_TEST_SECRETS_IN_CHIARO}" valore="valoreInChiaro"/>
    <ns2:proprieta-autorizzazione-contenuto nome="${env:GOVWAY_TEST_SECRETS_IN_CHIARO_2}" valore="valoreInChiaro2"/>
    <ns2:trasformazioni>
        <ns2:regola nome="vault-test" posizione="1" stato="abilitato">
            <ns2:richiesta conversione="false">
                <ns2:header conversione-tipo="add" nome="vault-test" valore="${env:GOVWAY_TEST_SECRETS_BY_SECURITY_POLICY_GW_KEYS}" identificazione-fallita="blocca"/>
            </ns2:richiesta>
        </ns2:regola>
    </ns2:trasformazioni>
    <ns2:proprieta-oggetto utente-richiedente="amministratore" data-creazione="2024-07-04T14:13:41.728+02:00" utente-ultima-modifica="amministratore" data-ultima-modifica="2024-07-04T14:27:03.651+02:00"/>
</ns2:porta-applicativa>
