<?xml version="1.0" encoding="UTF-8" standalone="yes"?>
<accordo-servizio-parte-specifica xmlns="http://www.openspcoop2.org/core/registry" tipo="modipa" nome="SignalHubTestNoDigest" versione="1" accordo-servizio-parte-comune="modipa/ENTE:SignalHubTest:1" tipologia-servizio="normale" ora-registrazione="2025-12-16T12:51:49.455+01:00" descrizione="">
    <configurazione-servizio>
        <connettore tipo="disabilitato" nome="CNT_modipa/DemoSoggettoErogatore_modipa/SignalHubTestNoDigest/1"/>
    </configurazione-servizio>
    <protocol-property name="modipaInfoGenDescriptorId" value="noDigest1,noDigest2,noDigest3"/>
    <protocol-property name="modipaInfoGenEserviceId" value="eServiceMultiple"/>
    <protocol-property name="modipaInfoGenSignalHub" boolean-value="true"/>
    <protocol-property name="modipaInfoGenSignalHubAlg"/>
    <protocol-property name="modipaInfoGenSignalHubOp"/>
    <protocol-property name="modipaInfoGenSignalHubPseudonymization" boolean-value="false"/>
    <protocol-property name="modipaInfoGenSignalHubPulisherRole" value="-"/>
    <protocol-property name="modipaInfoGenSignalHubPulisherSA" value="SignalHubCryptoInfoBasic"/>
    <protocol-property name="modipaInfoGenSignalHubPulisherText" value="Pubblicatore"/>
    <protocol-property name="modipaInfoGenSignalHubSeedLifetime"/>
    <protocol-property name="modipaInfoGenSignalHubSeedSize"/>
    <proprieta-oggetto utente-richiedente="amministratore" data-creazione="2025-12-16T12:51:49.428+01:00" utente-ultima-modifica="amministratore" data-ultima-modifica="2025-12-22T08:57:30.337+01:00"/>
</accordo-servizio-parte-specifica>
