<?xml version="1.0" encoding="UTF-8" standalone="yes"?>
<accordo-servizio-parte-comune xmlns="http://www.openspcoop2.org/core/registry" service-binding="soap" nome="NotificheN000" profilo-collaborazione="sincrono" formato-specifica="wsdl11" utilizzo-senza-azione="true" filtro-duplicati="disabilitato" conferma-ricezione="disabilitato" id-collaborazione="disabilitato" id-riferimento-richiesta="disabilitato" consegna-in-ordine="disabilitato" ora-registrazione="2020-03-10T10:49:37.127+01:00" versione="1">
    <soggetto-referente tipo="gw" nome="@OPENSPCOOP2_NOME_SOGGETTO_DEFAULT@"/>
    <port-type nome="AnprPortTypeN000" style="document" profilo-collaborazione="sincrono" filtro-duplicati="abilitato">
        <azione nome="inoltroNotificaANPR" profilo-collaborazione="sincrono" filtro-duplicati="abilitato">
            <message-input use="literal">
                <part name="request" element-name="RichiestaN000" element-namespace="http://sogei.it/ANPR/N000AnprService"/>
            </message-input>
            <message-output use="literal">
                <part name="response" element-name="RispostaN000" element-namespace="http://sogei.it/ANPR/N000AnprService"/>
            </message-output>
        </azione>
    </port-type>
    <allegato tipo="xsd" file="WsdlTypes_1.xsd" ora-registrazione="2020-05-28T15:44:08.924+02:00"/>
    <gruppi>
	<gruppo nome="ANPR"/>
    </gruppi>
</accordo-servizio-parte-comune>
