<?xml version="1.0" encoding="UTF-8" standalone="yes"?>
<accordo-servizio-parte-comune xmlns="http://www.openspcoop2.org/core/registry" service-binding="soap" nome="VerificaAnagrafica" descrizione="Servizio VerificaAnagrafica Erogato da AgenziaEntrate usa WSS" profilo-collaborazione="sincrono" formato-specifica="wsdl11" utilizzo-senza-azione="true" filtro-duplicati="abilitato" conferma-ricezione="disabilitato" id-collaborazione="disabilitato" id-riferimento-richiesta="disabilitato" consegna-in-ordine="disabilitato" ora-registrazione="2019-12-13T09:08:10.085+01:00" versione="1">
    <soggetto-referente tipo="spc" nome="AgenziaEntrate"/>
    <port-type nome="VerificaAnagrafica" style="document" profilo-collaborazione="sincrono" filtro-duplicati="abilitato">
        <azione nome="InterrogazioneCodiceFiscalePersonaFisica" profilo-collaborazione="sincrono" filtro-duplicati="abilitato">
            <message-input use="literal">
                <part name="interrogazioneCodiceFiscalePersonaFisicaPart" element-name="interrogazioneCodiceFiscalePersonaFisica" element-namespace="http://anagrafica.verifica.anagrafica"/>
            </message-input>
            <message-output use="literal">
                <part name="datiPersonaFisicaPart" element-name="datiPersonaFisica" element-namespace="http://anagrafica.verifica.anagrafica"/>
            </message-output>
        </azione>
        <azione nome="InterrogazioneCodiceFiscaleSoggettiDiversi" profilo-collaborazione="sincrono" filtro-duplicati="abilitato">
            <message-input use="literal">
                <part name="interrogazioneCodiceFiscaleSoggettiDiversiPart" element-name="interrogazioneCodiceFiscaleSoggettiDiversi" element-namespace="http://anagrafica.verifica.anagrafica"/>
            </message-input>
            <message-output use="literal">
                <part name="datiSoggettoDiversoPart" element-name="datiSoggettoDiverso" element-namespace="http://anagrafica.verifica.anagrafica"/>
            </message-output>
        </azione>
        <azione nome="InterrogazioneDatiAnagraficiPersonaFisica" profilo-collaborazione="sincrono" filtro-duplicati="abilitato">
            <message-input use="literal">
                <part name="interrogazioneDatiAnagraficiPersonaFisicaPart" element-name="interrogazioneDatiAnagraficiPersonaFisica" element-namespace="http://anagrafica.verifica.anagrafica"/>
            </message-input>
            <message-output use="literal">
                <part name="datiPersonaFisicaPart" element-name="datiPersonaFisica" element-namespace="http://anagrafica.verifica.anagrafica"/>
            </message-output>
        </azione>
        <azione nome="InterrogazioneDatiAnagraficiSoggettiDiversi" profilo-collaborazione="sincrono" filtro-duplicati="abilitato">
            <message-input use="literal">
                <part name="interrogazioneDatiAnagraficiSoggettiDiversiPart" element-name="interrogazioneDatiAnagraficiSoggettiDiversi" element-namespace="http://anagrafica.verifica.anagrafica"/>
            </message-input>
            <message-output use="literal">
                <part name="datiSoggettoDiversoPart" element-name="datiSoggettoDiverso" element-namespace="http://anagrafica.verifica.anagrafica"/>
            </message-output>
        </azione>
    </port-type>
    <allegato tipo="xsd" file="types.xsd" ora-registrazione="2019-01-15T10:34:03.512+01:00"/>
    <allegato tipo="xsd" file="definitorio.xsd" ora-registrazione="2019-01-15T10:33:32.907+01:00"/>
</accordo-servizio-parte-comune>
