<?xml version="1.0" encoding="UTF-8" standalone="yes"?>
<configurazione-policy xmlns="http://www.openspcoop2.org/core/controllo_traffico">
    <id-policy>NumeroRichieste-RichiesteSimultanee</id-policy>
    <descrizione>La policy limita il numero totale massimo di richieste simultanee consentite.</descrizione>
    <risorsa>NumeroRichieste</risorsa>
    <simultanee>true</simultanee>
    <valore>10</valore>
    <modalita-controllo>realtime</modalita-controllo>
    <tipo-intervallo-osservazione-realtime>orario</tipo-intervallo-osservazione-realtime>
    <tipo-intervallo-osservazione-statistico>giornaliero</tipo-intervallo-osservazione-statistico>
    <tipo-applicabilita>sempre</tipo-applicabilita>
    <applicabilita-con-congestione>false</applicabilita-con-congestione>
    <applicabilita-degrado-prestazionale>false</applicabilita-degrado-prestazionale>
    <applicabilita-stato-allarme>false</applicabilita-stato-allarme>
    <allarme-not-stato>false</allarme-not-stato>
</configurazione-policy>
