<?xml version="1.0" encoding="UTF-8" standalone="yes"?>
<configurazione-policy xmlns="http://www.openspcoop2.org/core/controllo_traffico">
    <id-policy>NumeroRichieste-ControlloRealtimeGiornaliero</id-policy>
    <descrizione>La policy limita il numero totale massimo di richieste consentite durante l'intervallo di tempo specificato in 1 giorni (campionamento real-time, finestra corrente).</descrizione>
    <risorsa>NumeroRichieste</risorsa>
    <simultanee>false</simultanee>
    <valore>1000</valore>
    <modalita-controllo>realtime</modalita-controllo>
    <tipo-intervallo-osservazione-realtime>giornaliero</tipo-intervallo-osservazione-realtime>
    <tipo-intervallo-osservazione-statistico>giornaliero</tipo-intervallo-osservazione-statistico>
    <intervallo-osservazione>1</intervallo-osservazione>
    <finestra-osservazione>corrente</finestra-osservazione>
    <tipo-applicabilita>sempre</tipo-applicabilita>
    <applicabilita-con-congestione>false</applicabilita-con-congestione>
    <applicabilita-degrado-prestazionale>false</applicabilita-degrado-prestazionale>
    <applicabilita-stato-allarme>false</applicabilita-stato-allarme>
    <allarme-not-stato>false</allarme-not-stato>
</configurazione-policy>
