<?xml version="1.0" encoding="UTF-8" standalone="yes"?>
<ns2:openspcoop2 xmlns:ns2="http://www.openspcoop2.org/core/config">

<ns2:configurazione>
    <ns2:generic-properties nome="Google" tipologia="gestionePolicyToken" tipo="openspcoop">
        <ns2:property nome="policy.introspection.stato" valore="true"/>
        <ns2:property nome="policy.userInfo.requestTokenPosition" valore="url"/>
        <ns2:property nome="sslConfig_@@@_trustStorePassword" valore="123456"/>
        <ns2:property nome="policy.tokenForward.stato" valore="true"/>
        <ns2:property nome="policy.validazioneJWT.claimsParser" valore="GOOGLE"/>
        <ns2:property nome="policy.userInfo.tipo" valore="GOOGLE"/>
        <ns2:property nome="sslConfig_@@@_trustManagementAlgorithm" valore="PKIX"/>
        <ns2:property nome="policy.userInfo.claimsParser" valore="GOOGLE"/>
        <ns2:property nome="policy.userInfo.saveErrorInCache" valore="false"/>
        <ns2:property nome="policy.introspection.endpoint.url" valore="https://www.googleapis.com/oauth2/v3/tokeninfo"/>
        <ns2:property nome="policy.tokenForward.infoRaccolte.stato" valore="true"/>
        <ns2:property nome="policy.introspection.saveErrorInCache" valore="false"/>
        <ns2:property nome="policy.endpoint.https.stato" valore="true"/>
        <ns2:property nome="policy.tokenForward.trasparente.stato" valore="false"/>
        <ns2:property nome="signatureVerificationPropRefId_@@@_rs.security.keystore.type" valore="jwk"/>
        <ns2:property nome="policy.validazioneJWT.stato" valore="true"/>
        <ns2:property nome="endpointConfig_@@@_connectionTimeout" valore="10000"/>
        <ns2:property nome="policy.introspection.requestTokenPosition.queryParameter" valore="access_token"/>
        <ns2:property nome="endpointConfig_@@@_readConnectionTimeout" valore="120000"/>
        <ns2:property nome="sslConfig_@@@_sslType" valore="TLSv1.2"/>
        <ns2:property nome="policy.messageError.bodyEmpty" valore="false"/>
        <ns2:property nome="policy.validazioneJWT.saveErrorInCache" valore="false"/>
        <ns2:property nome="policy.introspection.requestTokenPosition" valore="url"/>
        <ns2:property nome="policy.token.source" valore="RFC6750"/>
        <ns2:property nome="policy.endpoint.proxy.stato" valore="false"/>
        <ns2:property nome="signatureVerificationPropRefId_@@@_rs.security.keystore.file" valore="/google.jwk"/>
        <ns2:property nome="policy.userInfo.requestTokenPosition.queryParameter" valore="access_token"/>
        <ns2:property nome="policy.introspection.claimsParser" valore="GOOGLE"/>
        <ns2:property nome="signatureVerificationPropRefId_@@@_rs.security.keystore.alias" valore="7ddf54d3032d1f0d48c3618892ca74c1ac30ad77"/>
        <ns2:property nome="policy.token.type" valore="jws"/>
        <ns2:property nome="sslConfig_@@@_hostnameVerifier" valore="true"/>
        <ns2:property nome="policy.tokenForward.infoRaccolte.mode" valore="op2header"/>
        <ns2:property nome="policy.messageError.genericMessage" valore="true"/>
        <ns2:property nome="policy.userInfo.stato" valore="true"/>
        <ns2:property nome="sslConfig_@@@_trustStoreLocation" valore="/Token.jks"/>
        <ns2:property nome="policy.introspection.httpMethod" valore="GET"/>
        <ns2:property nome="policy.userInfo.httpMethod" valore="GET"/>
        <ns2:property nome="policy.tokenForward.infoRaccolte.validazioneJWT.tmp2" valore="true"/>
        <ns2:property nome="sslConfig_@@@_trustStoreType" valore="jks"/>
        <ns2:property nome="policy.tokenForward.infoRaccolte.scelta" valore="true"/>
        <ns2:property nome="policy.introspection.tipo" valore="GOOGLE"/>
        <ns2:property nome="policy.userInfo.endpoint.url" valore="https://www.googleapis.com/oauth2/v3/userinfo"/>
    </ns2:generic-properties>
</ns2:configurazione>

</ns2:openspcoop2>
