<?xml version="1.0" encoding="UTF-8" standalone="yes"?>
<fruitore xmlns="http://www.openspcoop2.org/core/registry" tipo="gw" nome="SoggettoInternoTestFruitore" ora-registrazione="2021-06-16T19:34:47.829+02:00">
    <connettore tipo="http" nome="CNT_SF_gw/SoggettoInternoTestFruitore_gw/SoggettoInternoTest_gw/ApiSoapTestTrasformazioni/1">
        <property nome="location" valore="http://127.0.0.1:8080/TestService/echo"/>
    </connettore>
    <configurazione-azione>
        <connettore tipo="http" nome="CNT_SF_AZIONE_gw/SoggettoInternoTestFruitore_gw/SoggettoInternoTest_gw/ApiSoapTestTrasformazioni/1_soap11">
            <property nome="location" valore="http://127.0.0.1:8080/TestService/echo?replyHttpHeader=SOAPAction&amp;replyPrefixHttpHeader=GovWay-TestSuite-"/>
        </connettore>
        <azione>soap11</azione>
        <azione>soap11.trasformazioneHeader</azione>
        <azione>soap11.trasformazioneTemplate</azione>
    </configurazione-azione>
    <configurazione-azione>
        <connettore tipo="http" nome="CNT_SF_AZIONE_gw/SoggettoInternoTestFruitore_gw/SoggettoInternoTest_gw/ApiSoapTestTrasformazioni/1_soap12">
            <property nome="location" valore="http://127.0.0.1:8080/TestService/echo?replyHttpHeader=Content-Type&amp;replyPrefixHttpHeader=GovWay-TestSuite-"/>
        </connettore>
        <azione>soap12</azione>
        <azione>soap12.trasformazioneTemplate</azione>
    </configurazione-azione>
    <configurazione-azione>
        <connettore tipo="http" nome="CNT_SF_AZIONE_gw/SoggettoInternoTestFruitore_gw/SoggettoInternoTest_gw/ApiSoapTestTrasformazioni/1_soap11.content">
            <property nome="location" valore="http://127.0.0.1:8080/TestService/echo?replyHttpHeader=SOAPAction&amp;replyPrefixHttpHeader=GovWay-TestSuite-"/>
        </connettore>
        <azione>soap11.content</azione>
        <azione>soap11.trasformazioneHeader.content</azione>
        <azione>soap11.trasformazioneTemplate.content</azione>
    </configurazione-azione>
    <configurazione-azione>
        <connettore tipo="http" nome="CNT_SF_AZIONE_gw/SoggettoInternoTestFruitore_gw/SoggettoInternoTest_gw/ApiSoapTestTrasformazioni/1_soap12.content">
            <property nome="location" valore="http://127.0.0.1:8080/TestService/echo?replyHttpHeader=Content-Type&amp;replyPrefixHttpHeader=GovWay-TestSuite-"/>
        </connettore>
        <azione>soap12.content</azione>
        <azione>soap12.trasformazioneTemplate.content</azione>
    </configurazione-azione>
</fruitore>
