<?xml version="1.0" encoding="UTF-8" standalone="yes"?>
<accordo-servizio-parte-comune xmlns="http://www.openspcoop2.org/core/registry" service-binding="rest" nome="VaultTestProprieta" profilo-collaborazione="sincrono" formato-specifica="openApi3" utilizzo-senza-azione="true" filtro-duplicati="disabilitato" conferma-ricezione="disabilitato" id-collaborazione="disabilitato" id-riferimento-richiesta="disabilitato" consegna-in-ordine="disabilitato" ora-registrazione="2024-07-01T11:30:39.372+02:00" versione="1">
    <soggetto-referente tipo="gw" nome="ENTE"/>
    <resource nome="applicativo" path="/applicativo" filtro-duplicati="disabilitato" conferma-ricezione="disabilitato" consegna-in-ordine="disabilitato">
        <request/>
    </resource>
    <resource nome="config" path="/config" filtro-duplicati="disabilitato" conferma-ricezione="disabilitato" consegna-in-ordine="disabilitato">
        <request/>
    </resource>
    <resource nome="plugin-authn-authz-authc" path="/plugin-authn-authz-authc" filtro-duplicati="disabilitato" conferma-ricezione="disabilitato" id-collaborazione="disabilitato" id-riferimento-richiesta="disabilitato" consegna-in-ordine="disabilitato">
        <request/>
    </resource>
    <resource nome="porta" path="/porta" filtro-duplicati="disabilitato" conferma-ricezione="disabilitato" consegna-in-ordine="disabilitato">
        <request/>
    </resource>
    <resource nome="soggetto" path="/soggetto" filtro-duplicati="disabilitato" conferma-ricezione="disabilitato" consegna-in-ordine="disabilitato">
        <request/>
    </resource>
    <gruppi>
        <gruppo nome="proprieta-as-secrets-vault"/>
    </gruppi>
    <proprieta-oggetto utente-richiedente="amministratore" data-creazione="2024-07-01T11:30:39.372+02:00"/>
</accordo-servizio-parte-comune>
