<?xml version="1.0" encoding="UTF-8" standalone="yes"?>
<accordo-servizio-parte-comune xmlns="http://www.openspcoop2.org/core/registry" service-binding="soap" nome="StressTestSoap" profilo-collaborazione="sincrono" formato-specifica="wsdl11" utilizzo-senza-azione="true" filtro-duplicati="disabilitato" conferma-ricezione="disabilitato" id-collaborazione="disabilitato" id-riferimento-richiesta="disabilitato" consegna-in-ordine="disabilitato" ora-registrazione="2023-03-21T16:19:18.112+01:00" versione="1">
    <soggetto-referente tipo="spc" nome="ENTE"/>
    <port-type nome="StressTestSoap" style="document" profilo-collaborazione="sincrono" filtro-duplicati="disabilitato" conferma-ricezione="disabilitato" id-collaborazione="disabilitato" id-riferimento-richiesta="disabilitato" consegna-in-ordine="disabilitato">
        <azione nome="test" style="document" soap-action="test" profilo-collaborazione="sincrono" filtro-duplicati="disabilitato" conferma-ricezione="disabilitato" id-collaborazione="disabilitato" id-riferimento-richiesta="disabilitato" consegna-in-ordine="disabilitato">
            <message-input use="literal" soap-namespace="http://services.samples/xsd">
                <part name="parameters" element-name="skcotSyub" element-namespace="http://services.samples/xsd"/>
            </message-input>
            <message-output use="literal" soap-namespace="http://services.samples/xsd">
                <part name="parameters" element-name="skcotSyub" element-namespace="http://services.samples/xsd"/>
            </message-output>
        </azione>
        <azione nome="test2" style="document" soap-action="test2" profilo-collaborazione="sincrono" filtro-duplicati="abilitato" conferma-ricezione="disabilitato" id-collaborazione="disabilitato" id-riferimento-richiesta="disabilitato" consegna-in-ordine="disabilitato">
            <message-input use="literal" soap-namespace="http://services.samples/xsd">
                <part name="parameters" element-name="skcotSyub2" element-namespace="http://services.samples/xsd"/>
            </message-input>
            <message-output use="literal" soap-namespace="http://services.samples/xsd">
                <part name="parameters" element-name="skcotSyub2" element-namespace="http://services.samples/xsd"/>
            </message-output>
        </azione>
        <azione nome="test3" profilo-collaborazione="oneway" filtro-duplicati="disabilitato" conferma-ricezione="disabilitato" id-collaborazione="disabilitato" id-riferimento-richiesta="disabilitato" consegna-in-ordine="disabilitato">
            <message-input>
                <part name="parameters" element-name="skcotSyub3" element-namespace="http://services.samples/xsd"/>
            </message-input>
        </azione>
        <azione nome="test4" style="document" soap-action="test4" profilo-collaborazione="sincrono" filtro-duplicati="disabilitato" conferma-ricezione="disabilitato" id-collaborazione="disabilitato" id-riferimento-richiesta="disabilitato" consegna-in-ordine="disabilitato">
            <message-input use="literal" soap-namespace="http://services.samples/xsd">
                <part name="parameters" element-name="skcotSyub4" element-namespace="http://services.samples/xsd"/>
            </message-input>
            <message-output use="literal" soap-namespace="http://services.samples/xsd">
                <part name="parameters" element-name="skcotSyub4" element-namespace="http://services.samples/xsd"/>
            </message-output>
        </azione>
        <azione nome="test5" style="document" soap-action="test5" profilo-collaborazione="sincrono" filtro-duplicati="disabilitato" conferma-ricezione="disabilitato" id-collaborazione="disabilitato" id-riferimento-richiesta="disabilitato" consegna-in-ordine="disabilitato">
            <message-input use="literal" soap-namespace="http://services.samples/xsd">
                <part name="parameters" element-name="skcotSyub5" element-namespace="http://services.samples/xsd"/>
            </message-input>
            <message-output use="literal" soap-namespace="http://services.samples/xsd">
                <part name="parameters" element-name="skcotSyub5" element-namespace="http://services.samples/xsd"/>
            </message-output>
        </azione>
        <azione nome="test6" style="document" soap-action="test6" profilo-collaborazione="sincrono" filtro-duplicati="disabilitato" conferma-ricezione="disabilitato" id-collaborazione="disabilitato" id-riferimento-richiesta="disabilitato" consegna-in-ordine="disabilitato">
            <message-input use="literal" soap-namespace="http://services.samples/xsd">
                <part name="parameters" element-name="skcotSyub6" element-namespace="http://services.samples/xsd"/>
            </message-input>
            <message-output use="literal" soap-namespace="http://services.samples/xsd">
                <part name="parameters" element-name="skcotSyub6" element-namespace="http://services.samples/xsd"/>
            </message-output>
        </azione>
        <azione nome="test7" style="document" soap-action="test7" profilo-collaborazione="sincrono" filtro-duplicati="disabilitato" conferma-ricezione="disabilitato" id-collaborazione="disabilitato" id-riferimento-richiesta="disabilitato" consegna-in-ordine="disabilitato">
            <message-input use="literal" soap-namespace="http://services.samples/xsd">
                <part name="parameters" element-name="skcotSyub7" element-namespace="http://services.samples/xsd"/>
            </message-input>
            <message-output use="literal" soap-namespace="http://services.samples/xsd">
                <part name="parameters" element-name="skcotSyub7" element-namespace="http://services.samples/xsd"/>
            </message-output>
        </azione>
    </port-type>
    <allegato tipo="xsd" file="WsdlTypes.xsd" ora-registrazione="2023-03-21T16:20:09.678+01:00"/>
    <gruppi>
        <gruppo nome="API-GovWay-StressTest"/>
    </gruppi>
</accordo-servizio-parte-comune>
