<?xml version="1.0" encoding="UTF-8" standalone="yes"?>
<ns2:porta-delegata xmlns:ns2="http://www.openspcoop2.org/core/config" nome="spc_@OPENSPCOOP2_NOME_SOGGETTO@/spc_PortaEquivalenteProd/spc_PagamentiTelematiciRPT60E/v1" descrizione="Subscription from spc/@OPENSPCOOP2_NOME_SOGGETTO@ for service spc/PortaEquivalenteProd:spc/PagamentiTelematiciRPT60E:1" autenticazione="basic" autorizzazione="authenticated" autorizzazione-contenuto="" ricevuta-asincrona-simmetrica="abilitato" ricevuta-asincrona-asimmetrica="abilitato" allega-body="disabilitato" scarta-body="disabilitato" ricerca-porta-azione-delegata="abilitato" stato="abilitato">
    <ns2:soggetto-erogatore tipo="spc" nome="PortaEquivalenteProd"/>
    <ns2:servizio tipo="spc" nome="PagamentiTelematiciRPT60E" versione="1"/>
    <ns2:azione identificazione="urlBased" pattern=".*/(?:spc_)?@OPENSPCOOP2_NOME_SOGGETTO@/(?:spc_)?PortaEquivalenteProd/(?:spc_)?PagamentiTelematiciRPT60E/v1/([^/|^?]*).*" force-interface-based="abilitato"/>
    <ns2:servizio-applicativo nome="PagamentiTelematiciRPT"/>
    <ns2:correlazione-applicativa>
        <ns2:elemento nome="nodoInviaRPT" identificazione="contentBased" pattern="concat_openspcoop(//{http://ws.pagamenti.telematici.gov/ppthead}intestazionePPT/identificativoDominio/text(),&#34;#&#34;,//{http://ws.pagamenti.telematici.gov/ppthead}intestazionePPT/identificativoUnivocoVersamento/text(),&#34;#&#34;,//{http://ws.pagamenti.telematici.gov/ppthead}intestazionePPT/codiceContestoPagamento/text())" identificazione-fallita="accetta"/>
	<ns2:elemento nome="nodoInviaCarrelloRPT" identificazione="contentBased" pattern="concat_openspcoop(&#34;carrello:&#34;,//{http://ws.pagamenti.telematici.gov/ppthead}intestazioneCarrelloPPT/identificativoCarrello/text(),&#34; num:&#34;,count(//{http://ws.pagamenti.telematici.gov/}nodoInviaCarrelloRPT/listaRPT/elementoListaRPT),&#34; idPagPos1:&#34;,//{http://ws.pagamenti.telematici.gov/}nodoInviaCarrelloRPT/listaRPT/elementoListaRPT[1]/identificativoDominio/text(),&#34;#&#34;,//{http://ws.pagamenti.telematici.gov/}nodoInviaCarrelloRPT/listaRPT/elementoListaRPT[1]/identificativoUnivocoVersamento/text(),&#34;#&#34;,//{http://ws.pagamenti.telematici.gov/}nodoInviaCarrelloRPT/listaRPT/elementoListaRPT[1]/codiceContestoPagamento/text())" identificazione-fallita="accetta"/>
	<ns2:elemento nome="" identificazione="disabilitato" />
    </ns2:correlazione-applicativa>
</ns2:porta-delegata>



