<?xml version="1.0" encoding="UTF-8" standalone="yes"?>
<accordo-servizio-parte-specifica xmlns="http://www.openspcoop2.org/core/registry" tipo="modipa" nome="FonteAutenticaTestError" versione="1" accordo-servizio-parte-comune="modipa/ENTE:FonteAutenticaTest:1" tipologia-servizio="normale" ora-registrazione="2026-01-27T09:58:57.922+01:00" descrizione="">
    <configurazione-servizio>
        <connettore tipo="disabilitato" nome="CNT_modipa/DemoSoggettoErogatore_modipa/FonteAutenticaTestError/1"/>
    </configurazione-servizio>
    <protocol-property name="modipaSecurityMessageRequestAuditAudMode" value="same"/>
    <protocol-property name="modipaTruststoreMode" value="ridefinisci"/>
    <protocol-property name="modipaSslTruststoreMode" value="default"/>
    <protocol-property name="modipaSecurityMessageRequestIatMode" value="default"/>
    <protocol-property name="modipaSecurityMessageRequestIatTtl"/>
    <protocol-property name="modipaSecurityMessageRequestAud" value="TestFonteAutentica"/>
    <protocol-property name="modipaSecurityMessageRequestAuditAud"/>
    <protocol-property name="modipaSecurityMessageRequestDuplicateJti" value="modi"/>
    <protocol-property name="modipaTruststoreType" value="jwk"/>
    <protocol-property name="modipaTruststorePath" value="/etc/govway/keys/jose_truststore_example.jwks"/>
    <protocol-property name="modipaTruststorePassword"/>
    <protocol-property name="modipaTruststoreOCSP"/>
    <protocol-property name="modipaTruststoreCRLs"/>
    <protocol-property name="modipaSslTruststoreType" value="jks"/>
    <protocol-property name="modipaSslTruststorePath"/>
    <protocol-property name="modipaSslTruststorePassword"/>
    <protocol-property name="modipaSslTruststoreOCSP"/>
    <protocol-property name="modipaSslTruststoreCRLs"/>
    <proprieta-oggetto utente-richiedente="amministratore" data-creazione="2026-01-27T09:58:57.923+01:00" utente-ultima-modifica="amministratore" data-ultima-modifica="2026-01-27T09:58:58.080+01:00"/>
</accordo-servizio-parte-specifica>
