<?xml version="1.0" encoding="UTF-8" standalone="yes"?>
<ns2:servizio-applicativo xmlns:ns2="http://www.openspcoop2.org/core/config" nome="gw_SoggettoInternoVaultTest/gw_VaultTestProprieta/v1" use-as-client="false">
    <ns2:invocazione-servizio sbustamento-soap="disabilitato" sbustamento-informazioni-protocollo="abilitato" get-message="disabilitato" autenticazione="none" invio-per-riferimento="disabilitato" risposta-per-riferimento="disabilitato">
        <ns2:connettore tipo="http" nome="ConnettoreINV_gw_SoggettoInternoVaultTest/gw_VaultTestProprieta/v1_gwSoggettoInternoVaultTest">
            <ns2:property nome="location" valore="http://127.0.0.1:8080/TestService/echo?checkEqualsHttpHeader=vault-test:vaultTestValoreCifrato&amp;checkEqualsQueryParameter=govwayTestSuite_IDOP:config"/>
        </ns2:connettore>
    </ns2:invocazione-servizio>
    <ns2:risposta-asincrona sbustamento-soap="disabilitato" sbustamento-informazioni-protocollo="abilitato" get-message="disabilitato" autenticazione="none" invio-per-riferimento="disabilitato" risposta-per-riferimento="disabilitato">
        <ns2:connettore tipo="disabilitato" nome="ConnettoreRISP_gw_SoggettoInternoVaultTest/gw_VaultTestProprieta/v1_gwSoggettoInternoVaultTest"/>
    </ns2:risposta-asincrona>
    <ns2:proprieta-oggetto utente-richiedente="amministratore" data-creazione="2024-06-28T17:05:43.740+02:00" utente-ultima-modifica="amministratore" data-ultima-modifica="2024-06-28T17:08:26.207+02:00"/>
</ns2:servizio-applicativo>
