<?xml version="1.0" encoding="UTF-8" standalone="yes"?>
<accordo-servizio-parte-comune xmlns="http://www.openspcoop2.org/core/registry" service-binding="soap" nome="Mutazione5000" profilo-collaborazione="sincrono" formato-specifica="wsdl11" utilizzo-senza-azione="true" filtro-duplicati="disabilitato" conferma-ricezione="disabilitato" id-collaborazione="disabilitato" id-riferimento-richiesta="disabilitato" consegna-in-ordine="disabilitato" ora-registrazione="2020-03-10T10:49:37.127+01:00" versione="1">
    <soggetto-referente tipo="gw" nome="@OPENSPCOOP2_NOME_SOGGETTO_DEFAULT@"/>
    <port-type nome="AnprPortType5000" style="document" profilo-collaborazione="sincrono" filtro-duplicati="abilitato">
        <azione nome="annullamento_mutazione" profilo-collaborazione="sincrono" filtro-duplicati="abilitato">
            <message-input use="literal">
                <part name="request" element-name="Richiesta5012" element-namespace="http://sogei.it/ANPR/5000mutazione"/>
            </message-input>
            <message-output use="literal">
                <part name="response" element-name="Risposta5012" element-namespace="http://sogei.it/ANPR/5000mutazione"/>
            </message-output>
        </azione>
        <azione nome="mutazione_famiglia_convivenza" profilo-collaborazione="sincrono" filtro-duplicati="abilitato">
            <message-input use="literal">
                <part name="request" element-name="Richiesta5001" element-namespace="http://sogei.it/ANPR/5000mutazione"/>
            </message-input>
            <message-output use="literal">
                <part name="response" element-name="Risposta5001" element-namespace="http://sogei.it/ANPR/5000mutazione"/>
            </message-output>
        </azione>
        <azione nome="mutazione_residenza" profilo-collaborazione="sincrono" filtro-duplicati="abilitato">
            <message-input use="literal">
                <part name="request" element-name="Richiesta5005" element-namespace="http://sogei.it/ANPR/5000mutazione"/>
            </message-input>
            <message-output use="literal">
                <part name="response" element-name="Risposta5005" element-namespace="http://sogei.it/ANPR/5000mutazione"/>
            </message-output>
        </azione>
        <azione nome="mutazione_scheda" profilo-collaborazione="sincrono" filtro-duplicati="abilitato">
            <message-input use="literal">
                <part name="request" element-name="Richiesta5008" element-namespace="http://sogei.it/ANPR/5000mutazione"/>
            </message-input>
            <message-output use="literal">
                <part name="response" element-name="Risposta5008" element-namespace="http://sogei.it/ANPR/5000mutazione"/>
            </message-output>
        </azione>
        <azione nome="rettifica_dati" profilo-collaborazione="sincrono" filtro-duplicati="abilitato">
            <message-input use="literal">
                <part name="request" element-name="Richiesta5014" element-namespace="http://sogei.it/ANPR/5000mutazione"/>
            </message-input>
            <message-output use="literal">
                <part name="response" element-name="Risposta5014" element-namespace="http://sogei.it/ANPR/5000mutazione"/>
            </message-output>
        </azione>
        <azione nome="revoca_dato" profilo-collaborazione="sincrono" filtro-duplicati="abilitato">
            <message-input use="literal">
                <part name="request" element-name="Richiesta5013" element-namespace="http://sogei.it/ANPR/5000mutazione"/>
            </message-input>
            <message-output use="literal">
                <part name="response" element-name="Risposta5013" element-namespace="http://sogei.it/ANPR/5000mutazione"/>
            </message-output>
        </azione>
    </port-type>
    <allegato tipo="xsd" file="5000mutazione.xsd" ora-registrazione="2020-03-10T10:52:10.430+01:00"/>
    <allegato tipo="xsd" file="rispostaComune.xsd" ora-registrazione="2020-03-10T10:52:52.550+01:00"/>
    <allegato tipo="xsd" file="tipoDato.xsd" ora-registrazione="2020-03-10T10:53:39.946+01:00"/>
    <allegato tipo="xsd" file="vocabolario5000mutazione.xsd" ora-registrazione="2020-03-10T10:53:39.946+01:00"/>
    <allegato tipo="xsd" file="vocabolarioRispostaComune.xsd" ora-registrazione="2020-03-10T10:53:39.946+01:00"/> 
    <gruppi>
	<gruppo nome="ANPR"/>
    </gruppi>
</accordo-servizio-parte-comune>
