<?xml version="1.0" encoding="UTF-8" standalone="yes"?>
<accordo-servizio-parte-comune xmlns="http://www.openspcoop2.org/core/registry" service-binding="rest" nome="TestValidazioneToken-ValidityCheck" profilo-collaborazione="sincrono" formato-specifica="openApi3" utilizzo-senza-azione="true" filtro-duplicati="disabilitato" conferma-ricezione="disabilitato" consegna-in-ordine="disabilitato" ora-registrazione="2024-09-26T11:50:53.299+02:00" versione="1">
    <soggetto-referente tipo="gw" nome="ENTE"/>
    <resource nome="trustCA.validityCheck.default" path="/trustCA.validityCheck.default" filtro-duplicati="disabilitato" conferma-ricezione="disabilitato" consegna-in-ordine="disabilitato">
        <request/>
    </resource>
    <resource nome="trustCA.validityCheck.false" path="/trustCA.validityCheck.false" filtro-duplicati="disabilitato" conferma-ricezione="disabilitato" consegna-in-ordine="disabilitato">
        <request/>
    </resource>
    <resource nome="trustCA.validityCheck.ifNotInTruststore" path="/trustCA.validityCheck.ifNotInTruststore" filtro-duplicati="disabilitato" conferma-ricezione="disabilitato" consegna-in-ordine="disabilitato">
        <request/>
    </resource>
    <resource nome="trustCA.validityCheck.true" path="/trustCA.validityCheck.true" filtro-duplicati="disabilitato" conferma-ricezione="disabilitato" consegna-in-ordine="disabilitato">
        <request/>
    </resource>
    <resource nome="trustCertificati.validityCheck.default" path="/trustCertificati.validityCheck.default" filtro-duplicati="disabilitato" conferma-ricezione="disabilitato" consegna-in-ordine="disabilitato">
        <request/>
    </resource>
    <resource nome="trustCertificati.validityCheck.false" path="/trustCertificati.validityCheck.false" filtro-duplicati="disabilitato" conferma-ricezione="disabilitato" consegna-in-ordine="disabilitato">
        <request/>
    </resource>
    <resource nome="trustCertificati.validityCheck.ifNotInTruststore" path="/trustCertificati.validityCheck.ifNotInTruststore" filtro-duplicati="disabilitato" conferma-ricezione="disabilitato" consegna-in-ordine="disabilitato">
        <request/>
    </resource>
    <resource nome="trustCertificati.validityCheck.true" path="/trustCertificati.validityCheck.true" filtro-duplicati="disabilitato" conferma-ricezione="disabilitato" consegna-in-ordine="disabilitato">
        <request/>
    </resource>
    <gruppi>
        <gruppo nome="TestValidazioneToken"/>
    </gruppi>
    <proprieta-oggetto utente-richiedente="amministratore" data-creazione="2024-09-26T11:50:53.263+02:00" utente-ultima-modifica="amministratore" data-ultima-modifica="2024-09-26T12:02:23.581+02:00"/>
</accordo-servizio-parte-comune>
