<?xml version="1.0" encoding="UTF-8" standalone="yes"?>
<ns2:porta-applicativa xmlns:ns2="http://www.openspcoop2.org/core/config" nome="gw_@OPENSPCOOP2_NOME_SOGGETTO@/gw_ChiediElencoAvvisiDigitali/v1" descrizione="Service implementation gw/@OPENSPCOOP2_NOME_SOGGETTO@:gw/ChiediElencoAvvisiDigitali:1" ricevuta-asincrona-simmetrica="abilitato" ricevuta-asincrona-asimmetrica="abilitato" allega-body="disabilitato" scarta-body="disabilitato" autenticazione="ssl" autorizzazione="authenticated" ricerca-porta-azione-delegata="abilitato" stato="abilitato">
    <ns2:servizio tipo="gw" nome="ChiediElencoAvvisiDigitali" versione="1"/>
    <ns2:azione identificazione="soapActionBased" force-interface-based="abilitato"/>
    <ns2:servizio-applicativo nome="gw_@OPENSPCOOP2_NOME_SOGGETTO@/gw_ChiediElencoAvvisiDigitali/v1"/>
    <ns2:soggetti>
        <ns2:soggetto tipo="gw" nome="NodoDeiPagamentiDellaPA"/>
    </ns2:soggetti>
    <ns2:correlazione-applicativa>
        <ns2:elemento nome="" 
	identificazione="contentBased" pattern="//codiceFiscaleDebitore/text()" 
	identificazione-fallita="accetta" riuso-identificativo="disabilitato"/>
    </ns2:correlazione-applicativa>
</ns2:porta-applicativa>
