<?xml version="1.0" encoding="UTF-8" standalone="yes"?>
<accordo-servizio-parte-comune xmlns="http://www.openspcoop2.org/core/registry" service-binding="rest" nome="RestExample" profilo-collaborazione="oneway" formato-specifica="openApi3" utilizzo-senza-azione="true" filtro-duplicati="disabilitato" conferma-ricezione="disabilitato" id-collaborazione="disabilitato" id-riferimento-richiesta="disabilitato" consegna-in-ordine="disabilitato" ora-registrazione="2019-09-11T14:26:08.121+02:00" versione="2">
    <soggetto-referente tipo="as4" nome="Blue"/>
    <resource nome="test" path="/test" filtro-duplicati="disabilitato" conferma-ricezione="disabilitato" consegna-in-ordine="disabilitato">
        <request/>
        <protocol-property name="ebmsActionCompressPayload" boolean-value="false"/>
        <protocol-property name="ebmsActionPayloadProfile" value="DefaultJsonProfile"/>
        <protocol-property name="ebmsActionPropertySet" value="ecodexPropertySet"/>
        <protocol-property name="ebmsUserMessageCollaborationInfoAction" value="bdx:action.rest:2:test"/>
        <protocol-property name="ebmsUserMessageCollaborationInfoActionBinding" value="push"/>
    </resource>
    <resource nome="testCompress" path="/testCompress" filtro-duplicati="disabilitato" conferma-ricezione="disabilitato" consegna-in-ordine="disabilitato">
        <request/>
        <protocol-property name="ebmsActionCompressPayload" boolean-value="true"/>
        <protocol-property name="ebmsActionPayloadProfile" value="DefaultBinaryProfile"/>
        <protocol-property name="ebmsActionPropertySet" value="ecodexPropertySet"/>
        <protocol-property name="ebmsUserMessageCollaborationInfoAction" value="bdx:action.rest:2:testCompress"/>
        <protocol-property name="ebmsUserMessageCollaborationInfoActionBinding" value="push"/>
    </resource>
    <resource nome="testDemoPropertySet" path="/testDemoPropertySet" filtro-duplicati="disabilitato" conferma-ricezione="disabilitato" consegna-in-ordine="disabilitato">
        <request/>
        <protocol-property name="ebmsActionCompressPayload" boolean-value="false"/>
        <protocol-property name="ebmsActionPayloadProfile" value="DefaultJsonProfile"/>
        <protocol-property name="ebmsActionPropertySet" value="demoPropertySet"/>
        <protocol-property name="ebmsUserMessageCollaborationInfoAction" value="bdx:action.rest:2:testDemoPropertySet"/>
        <protocol-property name="ebmsUserMessageCollaborationInfoActionBinding" value="push"/>
    </resource>
    <resource nome="testJson" path="/testJson" filtro-duplicati="disabilitato" conferma-ricezione="disabilitato" consegna-in-ordine="disabilitato">
        <request/>
        <protocol-property name="ebmsActionCompressPayload" boolean-value="false"/>
        <protocol-property name="ebmsActionPayloadProfile" value="JsonTestProfile"/>
        <protocol-property name="ebmsActionPropertySet" value="ecodexPropertySet"/>
        <protocol-property name="ebmsUserMessageCollaborationInfoAction" value="bdx:action.rest:2:testJson"/>
        <protocol-property name="ebmsUserMessageCollaborationInfoActionBinding" value="push"/>
    </resource>
    <resource nome="testRequestPushAndPush" path="/testRequestPushAndPush" filtro-duplicati="disabilitato" conferma-ricezione="disabilitato" id-collaborazione="abilitato" consegna-in-ordine="disabilitato">
        <request/>
        <protocol-property name="ebmsActionCompressPayload" boolean-value="false"/>
        <protocol-property name="ebmsActionPayloadProfile" value="DefaultJsonProfile"/>
        <protocol-property name="ebmsActionPropertySet" value="ecodexPropertySet"/>
        <protocol-property name="ebmsUserMessageCollaborationInfoAction" value="bdx:action.rest:2:testRequestPushAndPush"/>
        <protocol-property name="ebmsUserMessageCollaborationInfoActionBinding" value="pushAndPush"/>
    </resource>
    <resource nome="testXml" path="/testXml" filtro-duplicati="disabilitato" conferma-ricezione="disabilitato" consegna-in-ordine="disabilitato">
        <request/>
        <protocol-property name="ebmsActionCompressPayload" boolean-value="false"/>
        <protocol-property name="ebmsActionPayloadProfile" value="DefaultXmlProfile"/>
        <protocol-property name="ebmsActionPropertySet" value="ecodexPropertySet"/>
        <protocol-property name="ebmsUserMessageCollaborationInfoAction" value="bdx:action.rest:2:testXml"/>
        <protocol-property name="ebmsUserMessageCollaborationInfoActionBinding" value="push"/>
    </resource>
    <protocol-property name="ebmsServicePayloadProfile" file="jsonProfile.xml"/>
    <protocol-property name="ebmsServiceProperties" file="requiredProperties.xml"/>
    <protocol-property name="ebmsUserMessageCollaborationInfoService" value="bdx:noprocess"/>
    <protocol-property name="ebmsUserMessageCollaborationInfoServiceType"/>
</accordo-servizio-parte-comune>
