<?xml version="1.0" encoding="UTF-8" standalone="yes"?>
<fruitore xmlns="http://www.openspcoop2.org/core/registry" tipo="gw" nome="SoggettoInternoTestFruitore" ora-registrazione="2021-05-25T13:16:02.279+02:00">
    <connettore tipo="http" nome="CNT_SF_gw/SoggettoInternoTestFruitore_gw/SoggettoInternoTest_gw/DimensioneMassimaMessaggiSOAP/1">
        <property nome="location" valore="http://127.0.0.1:8080/TestService/echo"/>
    </connettore>
    <configurazione-azione>
        <connettore tipo="http" nome="CNT_SF_AZIONE_gw/SoggettoInternoTestFruitore_gw/SoggettoInternoTest_gw/DimensioneMassimaMessaggiSOAP/1_sendRegistrazioneDisabilitata.dumpBinarioConnettore">
            <property nome="debug" valore="true"/>
            <property nome="location" valore="http://127.0.0.1:8080/TestService/echo"/>
        </connettore>
        <azione>sendRegistrazioneDisabilitata.dumpBinarioConnettore</azione>
    </configurazione-azione>
</fruitore>
