<?xml version="1.0" encoding="UTF-8" standalone="yes"?>
<accordo-servizio-parte-comune xmlns="http://www.openspcoop2.org/core/registry" service-binding="rest" nome="TestTLS" profilo-collaborazione="sincrono" formato-specifica="openApi3" utilizzo-senza-azione="true" filtro-duplicati="disabilitato" conferma-ricezione="disabilitato" consegna-in-ordine="disabilitato" ora-registrazione="2021-09-24T14:23:35.377+02:00" versione="1">
    <soggetto-referente tipo="gw" nome="ENTE"/>
    <resource nome="KeyAliasUpperCase" path="/KeyAliasUpperCase" filtro-duplicati="disabilitato" conferma-ricezione="disabilitato" id-collaborazione="disabilitato" id-riferimento-richiesta="disabilitato" consegna-in-ordine="disabilitato">
        <request/>
    </resource>
    <resource nome="Trust-KeyServer2Alias" path="/Trust-KeyServer2Alias" filtro-duplicati="disabilitato" conferma-ricezione="disabilitato" consegna-in-ordine="disabilitato">
        <request/>
    </resource>
    <resource nome="Trust-KeyServerAlias" path="/Trust-KeyServerAlias" filtro-duplicati="disabilitato" conferma-ricezione="disabilitato" consegna-in-ordine="disabilitato">
        <request/>
    </resource>
    <resource nome="Trust-NoKeyAlias" path="/Trust-NoKeyAlias" filtro-duplicati="disabilitato" conferma-ricezione="disabilitato" consegna-in-ordine="disabilitato">
        <request/>
    </resource>
    <resource nome="TrustAll-KeyServer2Alias" path="/TrustAll-KeyServer2Alias" filtro-duplicati="disabilitato" conferma-ricezione="disabilitato" consegna-in-ordine="disabilitato">
        <request/>
    </resource>
    <resource nome="TrustAll-KeyServerAlias" path="/TrustAll-KeyServerAlias" filtro-duplicati="disabilitato" conferma-ricezione="disabilitato" consegna-in-ordine="disabilitato">
        <request/>
    </resource>
    <resource nome="TrustAll-NoKeyAlias" path="/TrustAll-NoKeyAlias" filtro-duplicati="disabilitato" conferma-ricezione="disabilitato" consegna-in-ordine="disabilitato">
        <request/>
    </resource>
    <gruppi>
        <gruppo nome="TestPKCS11"/>
    </gruppi>
</accordo-servizio-parte-comune>
