<?xml version="1.0" encoding="UTF-8"?>
<openspcoop2 xmlns="http://www.openspcoop2.org/protocol/information_missing">

	<wizard step="5" step-in-delete="1" descrizione="Fatturazione Elettronica - Ruolo Ricevente" intestazione-originale="false" >
                <requisiti>
                        <protocollo nome="sdi"/>
                </requisiti>
        </wizard> 

	<operazione>

		<soggetto tipo="RIFERIMENTO" descrizione="Soggetto"
			  protocollo="sdi" tipo-pdd="operativo" >
			<replace-match>
				<nome tipo="EMPTY" />
				<tipo tipo="EQUALS" valore="sdi" />
			</replace-match>
			<header>
				<item tipo="note" valore="Selezionare il soggetto ricevente a cui lo SdI invia le fatture"/>
			</header>
		</soggetto>

	</operazione>

	<operazione>

		<servizio-applicativo tipo="CONNETTORE" descrizione="Erogazione Servizio Ricezione (Fatture/Metadati ricevute dallo SdI)"
			protocollo="sdi">
		        <replace-match>
		                <nome tipo="ENDS_WITH" valore="/sdi_RicezioneFatture/1" />
		        </replace-match>
			<header>
				<item tipo="note" valore="Definire l'endpoint dell'applicativo interno a cui vengono consegnate le fatture"/>
				<item tipo="subtitle" label="Connettore"/>
			</header>
			<default>
				<proprieta nome="interfaccia" valore="standard"/>
				<proprieta nome="connettore" valore="http"/>
				<proprieta nome="sbustamento" valore="abilitato"/>
				<proprieta nome="sbustamentoInformazioniProtocolloRichiesta" valore="abilitato"/>
				<proprieta nome="endpointtype" valore="http"/>
				<proprieta nome="endpointtype_ckb" valore="abilitato"/>
				<proprieta nome="endpointtype_https" valore="disabilitato"/>
				<proprieta nome="url" valore="https://..."/>
			</default>
		</servizio-applicativo>

	</operazione>


	<operazione>

		<servizio-applicativo tipo="CONNETTORE" descrizione="Erogazione Servizio Ricezione (Notifiche Decorrenza Termine ricevute dallo SdI)"
			protocollo="sdi">
		        <replace-match>
		                <nome tipo="ENDS_WITH" valore="/sdi_RicezioneFatture/1__Specific1" />
		        </replace-match>
			<header>
				<item tipo="note" valore="Definire l'endpoint dell'applicativo interno a cui vengono consegnate le notifiche di decorrenza termine"/>
				<item tipo="subtitle" label="Connettore"/>
			</header>
			<default>
				<proprieta nome="interfaccia" valore="standard"/>
				<proprieta nome="connettore" valore="http"/>
				<proprieta nome="sbustamento" valore="abilitato"/>
				<proprieta nome="sbustamentoInformazioniProtocolloRichiesta" valore="abilitato"/>
				<proprieta nome="endpointtype" valore="http"/>
				<proprieta nome="endpointtype_ckb" valore="abilitato"/>
				<proprieta nome="endpointtype_https" valore="disabilitato"/>
				<proprieta nome="url" valore="https://..."/>
			</default>
		</servizio-applicativo>

	</operazione>


	<operazione>

		<fruitore tipo="CONNETTORE" descrizione="Fruizione Servizio SdIRiceviNotifica (Esiti Committente inviati allo SdI)"
			protocollo="sdi">
		        <replace-match>
		        	<!-- <nome tipo="EMPTY" /> e' gia' il valore inserito allo step precedente -->
				<tipo tipo="EQUALS" valore="sdi" />
		        </replace-match>
			<header>
				<item tipo="note" valore="Definire l'endpoint dello SdI a cui vengono inviati gli esiti committente da parte del ricevente."/>
				<item tipo="note" valore="Utilizzare l'endpoint della piattaforma target (test/produzione) ottenuta durante l'accreditamento del canale"/>
				<item tipo="subtitle" label="Connettore"/>
			</header>
			<default>
				<proprieta nome="interfaccia" valore="standard"/>
				<proprieta nome="connettore" valore="http"/>
				<proprieta nome="endpointtype" valore="https"/>
				<proprieta nome="endpointtype_ckb" valore="abilitato"/>
				<proprieta nome="endpointtype_https" valore="abilitato"/>
				<proprieta nome="url" valore="https://servizi.fatturapa.it/ricevi_notifica"/>
				<proprieta nome="httpsstato" valore="abilitato"/>
			</default>
		</fruitore>

	</operazione>

	<operazione>

		<servizio-applicativo tipo="CREDENZIALI_ACCESSO_PDD" descrizione="Fruizione Servizio SdIRiceviNotifica (Esiti Committente inviati allo SdI)">
			<replace-match>
				<nome tipo="EQUALS" valore="SdIRiceviNotifica" />
			</replace-match>
			<header>
				<item tipo="note" valore="Definire la modalità di autenticazione dell'applicativo interno."/>
				<item tipo="note" valore="Le credenziali indicate dovranno essere utilizzate dall'applicativo interno per inviare gli esiti committente"/>
				<item tipo="subtitle" label="Credenziali di Accesso"/>
			</header>
			<default>
				<proprieta nome="tipoauthCredenziali" valore="basic"/>
				<proprieta nome="utenteCredenziali" valore="SdIRiceviNotifica"/>
			</default>
		</servizio-applicativo>
		<servizio-applicativo tipo="ALLINEA_CREDENZIALI_PD" descrizione="Allineo tipo di autenticazione nelle porteDelegate riferite">
			<replace-match>
		                <nome tipo="EQUALS" valore="SdIRiceviNotifica" />
		        </replace-match>
		</servizio-applicativo>

	</operazione>



	<operazione>

		<accordo-servizio-parte-comune tipo="STATO_ARCHIVIO" descrizione="StatiAccordiImpostatiAOperativi" stato="operativo">
			<replace-match>
				<nome tipo="ALL" />
			</replace-match>
		</accordo-servizio-parte-comune>


		<accordo-servizio-parte-specifica tipo="STATO_ARCHIVIO" descrizione="StatiAccordiImpostatiAOperativi" stato="operativo">
		        <replace-match>
		                <nome tipo="ALL" />
		        </replace-match>
		</accordo-servizio-parte-specifica>

		<fruitore tipo="STATO_ARCHIVIO" descrizione="StatiAccordiImpostatiAOperativi" stato="operativo">
		        <replace-match>
		                <nome tipo="ALL" />
		        </replace-match>
		</fruitore>

	</operazione>

</openspcoop2>
