<?xml version="1.0" encoding="UTF-8" standalone="yes"?>
<accordo-servizio-parte-specifica xmlns="http://www.openspcoop2.org/core/registry" tipo="modipa" nome="RestBlockingIDAR01nbfFuture" versione="1" accordo-servizio-parte-comune="modipa/ENTE:RestBlockingIDAR01nbf:1" tipologia-servizio="normale" ora-registrazione="2025-01-03T14:20:40.498+01:00">
    <configurazione-servizio>
        <connettore tipo="disabilitato" nome="CNT_modipa/DemoSoggettoErogatore_modipa/RestBlockingIDAR01nbfFuture/1"/>
    </configurazione-servizio>
    <protocol-property name="modipaKeyAlias"/>
    <protocol-property name="modipaKeyPassword"/>
    <protocol-property name="modipaKeystoreByokPolicy"/>
    <protocol-property name="modipaKeystoreCertMode"/>
    <protocol-property name="modipaKeystoreKeyPairAlgo"/>
    <protocol-property name="modipaKeystoreMode"/>
    <protocol-property name="modipaKeystorePassword"/>
    <protocol-property name="modipaKeystorePath"/>
    <protocol-property name="modipaKeystorePathPublicKey"/>
    <protocol-property name="modipaKeystoreType"/>
    <protocol-property name="modipaSecurityMessageResponseClaims"/>
    <protocol-property name="modipaSecurityMessageResponseExp"/>
    <protocol-property name="modipaSecurityMessageRestResponseAlg"/>
    <protocol-property name="modipaSecurityMessageRestResponseX509Cert"/>
    <protocol-property name="modipaSecurityMessageRestResponseX509CertAsReq"/>
    <protocol-property name="modipaSecurityMessageRestResponseX509CertUseCertificateChain" boolean-value="false"/>
    <protocol-property name="modipaSecurityMessageRestResponseX509Url"/>
    <proprieta-oggetto utente-richiedente="amministratore" data-creazione="2025-01-03T14:20:40.460+01:00" utente-ultima-modifica="amministratore" data-ultima-modifica="2025-01-03T14:40:38.112+01:00"/>
</accordo-servizio-parte-specifica>
