<?xml version="1.0" encoding="UTF-8" standalone="yes"?>
<ns2:servizio-applicativo xmlns:ns2="http://www.openspcoop2.org/core/config" nome="TestVaultApplicativoProprieta" tipo="client" use-as-client="false" descrizione="">
    <ns2:invocazione-porta invio-per-riferimento="disabilitato" sbustamento-informazioni-protocollo="abilitato">
        <ns2:credenziali tipo="basic" user="TestVaultApplicativoProprieta" password="$6$HMtQO5ytSs7sCM/S$Gx2UxksY0NLEMRFA67ybBtmS6IO1JPVBxCG7hHdTvRoMAYEPngzdjFR3diApKzMKJf/gle5TtksVVLLC2EQzs/" app-id="false" certificate-strict-verification="true"/>
        <ns2:gestione-errore fault="soap"/>
    </ns2:invocazione-porta>
    <ns2:invocazione-servizio sbustamento-soap="disabilitato" sbustamento-informazioni-protocollo="abilitato" get-message="disabilitato" autenticazione="none" invio-per-riferimento="disabilitato" risposta-per-riferimento="disabilitato">
        <ns2:connettore tipo="disabilitato" nome="ConnettoreINV_TestVaultApplicativoProprieta_gwSoggettoInternoVaultTestFruitoreProprieta"/>
    </ns2:invocazione-servizio>
    <ns2:risposta-asincrona sbustamento-soap="disabilitato" sbustamento-informazioni-protocollo="abilitato" get-message="disabilitato" autenticazione="none" invio-per-riferimento="disabilitato" risposta-per-riferimento="disabilitato">
        <ns2:connettore tipo="disabilitato" nome="ConnettoreRISP_TestVaultApplicativoProprieta_gwSoggettoInternoVaultTestFruitoreProprieta"/>
    </ns2:risposta-asincrona>
    <ns2:proprieta nome="vaultTestNomeCifratoApplicativo" valore="==gw-pbkdf2==.U2FsdGVkX1+BlNmiA9xa83J0ZtAAf0LFfR9kEpEWEXTwwLDSTnk0SQIJfkeHXIaWyCjM9VzKIt9sYAG/UOPM8w=="/>
    <ns2:proprieta-oggetto utente-richiedente="amministratore" data-creazione="2024-07-01T11:30:39.359+02:00"/>
</ns2:servizio-applicativo>
