<?xml version="1.0" encoding="UTF-8"?>
<openspcoop2 xmlns="http://www.openspcoop2.org/protocol/information_missing">

	<wizard step="4" step-in-delete="1" descrizione="pagoPA - Piattaforma Pagamenti Telematici" intestazione-originale="false" >
                <requisiti>
                        <protocollo nome="trasparente"/>
			<input descrizione="Servizi pagoPA">
				<proprieta tipo="checkbox" default="yes" nome="PagamentiEnte" label="Iniziativa Ente (Modello 1)" 
					reload-on-change="true" use-in-delete="false">
					<header>
						<item tipo="note" valore="Selezionare il tipo di pagamenti che si desidera attuare"/>
					</header>
				</proprieta>
				<proprieta tipo="checkbox" default="no" nome="PagamentiPSP" label="Iniziativa PSP (Modello 3)"  
					step-increment-condition="yes" step-increment="1" reload-on-change="true" use-in-delete="false">
					<conditions>
						<proprieta nome="PagamentiEnte" valore="yes" />
					</conditions>
				</proprieta>
				<proprieta tipo="checkbox" default="yes" nome="PagamentiPSPnotEnte" label="Iniziativa PSP (Modello 3)"  
					step-increment-condition="yes" step-increment="1" reload-on-change="true" use-in-delete="false">
					<conditions>
						<proprieta not="true" nome="PagamentiEnte" valore="yes" />
					</conditions>
				</proprieta>

				<proprieta tipo="hidden" nome="SezionePSP" use-in-delete="false">
					<conditions and="false">
						<proprieta nome="PagamentiPSP" valore="yes" />
						<proprieta nome="PagamentiPSPnotEnte" valore="yes" />
					</conditions>
					<header>
						<item tipo="subtitle" label="Pagamenti ad Iniziativa PSP"/>
					</header>
				</proprieta>
				<proprieta tipo="checkbox" default="no" nome="PagamentiSpontanei" label="Pagamenti Spontanei"  
					step-increment-condition="yes" step-increment="1" use-in-delete="false">
					<conditions and="false">
						<proprieta nome="PagamentiPSP" valore="yes" />
						<proprieta nome="PagamentiPSPnotEnte" valore="yes" />
					</conditions>
				</proprieta>
				<proprieta tipo="checkbox" default="no" nome="AvvisaturaDigitalePull" label="Avvisatura Digitale Pull"  
					step-increment-condition="yes" step-increment="1" use-in-delete="false">
					<conditions and="false">
						<proprieta nome="PagamentiPSP" valore="yes" />
						<proprieta nome="PagamentiPSPnotEnte" valore="yes" />
					</conditions>
				</proprieta>
				<proprieta tipo="checkbox" default="no" nome="AvvisaturaDigitalePush" label="Avvisatura Digitale Push"  
					step-increment-condition="yes" step-increment="2" use-in-delete="false">
					<conditions and="false">
						<proprieta nome="PagamentiPSP" valore="yes" />
						<proprieta nome="PagamentiPSPnotEnte" valore="yes" />
					</conditions>
				</proprieta>

			</input>
                </requisiti>
        </wizard> 
	<operazione>

		<soggetto tipo="RIFERIMENTO" descrizione="Soggetto"
			  protocollo="trasparente" tipo-pdd="operativo" >
			<replace-match>
				<nome tipo="EMPTY" />
				<tipo tipo="EQUALS" valore="gw" />
			</replace-match>
			<header>
				<item tipo="note" valore="Selezionare il soggetto PA che deve interagire con la piattaforma dei servizi pagoPA"/>
			</header>
		</soggetto>

	</operazione>

	<operazione>

		<fruitore tipo="CONNETTORE" descrizione="Fruizione Servizio PagamentiTelematiciRPT (Richieste di Pagamento inviate al Nodo)"
			protocollo="trasparente">
		        <replace-match>
		        	<!-- <nome tipo="EMPTY" /> e' gia' il valore inserito allo step precedente -->
				<tipo tipo="EQUALS" valore="gw" />
				<nome-servizio tipo="EQUALS" valore="PagamentiTelematiciRPT" />
				<tipo-servizio tipo="EQUALS" valore="gw" />
		        </replace-match>
			<header>
				<item tipo="note" valore="Definire l'endpoint a cui vengono inviate le richieste di pagamento."/>
				<item tipo="note" valore="Utilizzare l'endpoint della piattaforma target ottenuta durante l'accreditamento del canale"/>
				<item tipo="subtitle" label="Connettore"/>
			</header>
			<default>
				<proprieta nome="interfaccia" valore="standard"/>
				<proprieta nome="connettore" valore="http"/>
				<proprieta nome="endpointtype" valore="https"/>
				<proprieta nome="endpointtype_ckb" valore="abilitato"/>
				<proprieta nome="endpointtype_https" valore="abilitato"/>
				<proprieta nome="url" valore="https://gad.pagopa.gov.it/openspcoop2/proxy/PA/RPT60"/>
				<proprieta nome="httpsstato" valore="abilitato"/>
			</default>
		</fruitore>

	</operazione>

	<operazione>

		<servizio-applicativo tipo="CREDENZIALI_ACCESSO_PDD" descrizione="Fruizione Servizio PagamentiTelematiciRPT (Richieste di Pagamento inviate al Nodo)">
			<replace-match>
				<nome tipo="EQUALS" valore="PagamentiTelematiciRPT" />
			</replace-match>
			<header>
				<item tipo="note" valore="Definire la modalità di autenticazione dell'applicativo interno."/>
				<item tipo="note" valore="Le credenziali indicate dovranno essere utilizzate dall'applicativo interno per fruire del servizio PagamentiTelematiciRPT"/>
				<item tipo="subtitle" label="Credenziali di Accesso"/>
			</header>
			<default>
				<proprieta nome="tipoauthCredenziali" valore="basic"/>
				<proprieta nome="utenteCredenziali" valore="PagamentiTelematiciRPT"/>
			</default>
		</servizio-applicativo>
		<servizio-applicativo tipo="ALLINEA_CREDENZIALI_PD" descrizione="Allineo tipo di autenticazione nelle porteDelegate riferite">
			<replace-match>
		                <nome tipo="EQUALS" valore="PagamentiTelematiciRPT" />
		        </replace-match>
		</servizio-applicativo>

	</operazione>

	<operazione>

		<servizio-applicativo tipo="CONNETTORE" descrizione="Erogazione Servizio PagamentiTelematiciRT (Ricevute Telematiche ricevute dal Nodo)"
			protocollo="trasparente">
		        <replace-match>
		                <nome tipo="ENDS_WITH" valore="/gw_PagamentiTelematiciRT/1" />
		        </replace-match>
			<header>
				<item tipo="note" valore="Definire l'endpoint dell'applicativo interno a cui vengono consegnate le ricevute telematiche"/>
				<item tipo="subtitle" label="Connettore"/>
			</header>
			<default>
				<proprieta nome="interfaccia" valore="standard"/>
				<proprieta nome="connettore" valore="http"/>
				<proprieta nome="sbustamento" valore="disabilitato"/>
				<proprieta nome="sbustamentoInformazioniProtocolloRichiesta" valore="abilitato"/>
				<proprieta nome="endpointtype" valore="http"/>
				<proprieta nome="endpointtype_ckb" valore="abilitato"/>
				<proprieta nome="endpointtype_https" valore="disabilitato"/>
				<proprieta nome="url" valore="https://..."/>
			</default>
		</servizio-applicativo>

	</operazione>

	<operazione>

		<servizio-applicativo tipo="CONNETTORE" descrizione="Erogazione Servizio PagamentiTelematiciCCP (Verifiche Attivazione Pagamento ricevute dal Nodo)"
			protocollo="trasparente">
			<conditions and="false">
				<proprieta nome="PagamentiPSP" valore="yes" />
				<proprieta nome="PagamentiPSPnotEnte" valore="yes" />
			</conditions>
		        <replace-match>
		                <nome tipo="ENDS_WITH" valore="/gw_PagamentiTelematiciCCP/1" />
		        </replace-match>
			<header>
				<item tipo="note" valore="Definire l'endpoint dell'applicativo interno a cui vengono consegnate le verifiche di attivazione pagamento"/>
				<item tipo="subtitle" label="Connettore"/>
			</header>
			<default>
				<proprieta nome="interfaccia" valore="standard"/>
				<proprieta nome="connettore" valore="http"/>
				<proprieta nome="sbustamento" valore="disabilitato"/>
				<proprieta nome="sbustamentoInformazioniProtocolloRichiesta" valore="abilitato"/>
				<proprieta nome="endpointtype" valore="http"/>
				<proprieta nome="endpointtype_ckb" valore="abilitato"/>
				<proprieta nome="endpointtype_https" valore="disabilitato"/>
				<proprieta nome="url" valore="https://..."/>
			</default>
		</servizio-applicativo>

	</operazione>

	<operazione>

		<servizio-applicativo tipo="CONNETTORE" descrizione="Erogazione Servizio GenerazioneAvvisi (Pagamenti Spontanei)"
			protocollo="trasparente">
			<conditions>
				<proprieta nome="PagamentiSpontanei" valore="yes" />
			</conditions>
		        <replace-match>
		                <nome tipo="ENDS_WITH" valore="/gw_GenerazioneAvvisi/1" />
		        </replace-match>
			<header>
				<item tipo="note" valore="Definire l'endpoint dell'applicativo interno a cui vengono consegnate la generazione degli avvisi per i pagamenti spontanei"/>
				<item tipo="subtitle" label="Connettore"/>
			</header>
			<default>
				<proprieta nome="interfaccia" valore="standard"/>
				<proprieta nome="connettore" valore="http"/>
				<proprieta nome="sbustamento" valore="disabilitato"/>
				<proprieta nome="sbustamentoInformazioniProtocolloRichiesta" valore="abilitato"/>
				<proprieta nome="endpointtype" valore="http"/>
				<proprieta nome="endpointtype_ckb" valore="abilitato"/>
				<proprieta nome="endpointtype_https" valore="disabilitato"/>
				<proprieta nome="url" valore="https://..."/>
			</default>
		</servizio-applicativo>

	</operazione>

	<operazione>

		<servizio-applicativo tipo="CONNETTORE" descrizione="Erogazione Servizio ChiediElencoAvvisiDigitali (Avvisatura Digitale Pull)"
			protocollo="trasparente">
			<conditions>
				<proprieta nome="AvvisaturaDigitalePull" valore="yes" />
			</conditions>
		        <replace-match>
		                <nome tipo="ENDS_WITH" valore="/gw_ChiediElencoAvvisiDigitali/1" />
		        </replace-match>
			<header>
				<item tipo="note" valore="Definire l'endpoint dell'applicativo interno per l'avvisatura digitale 'Pull'"/>
				<item tipo="subtitle" label="Connettore"/>
			</header>
			<default>
				<proprieta nome="interfaccia" valore="standard"/>
				<proprieta nome="connettore" valore="http"/>
				<proprieta nome="sbustamento" valore="disabilitato"/>
				<proprieta nome="sbustamentoInformazioniProtocolloRichiesta" valore="abilitato"/>
				<proprieta nome="endpointtype" valore="http"/>
				<proprieta nome="endpointtype_ckb" valore="abilitato"/>
				<proprieta nome="endpointtype_https" valore="disabilitato"/>
				<proprieta nome="url" valore="https://..."/>
			</default>
		</servizio-applicativo>

	</operazione>

	<operazione>

		<fruitore tipo="CONNETTORE" descrizione="Fruizione Servizio NodoInviaAvvisoDigitale (Avvisatura Digitale Push)"
			protocollo="trasparente">
			<conditions>
				<proprieta nome="AvvisaturaDigitalePush" valore="yes" />
			</conditions>
		        <replace-match>
		        	<!-- <nome tipo="EMPTY" /> e' gia' il valore inserito allo step precedente -->
				<tipo tipo="EQUALS" valore="gw" />
				<nome-servizio tipo="EQUALS" valore="NodoInviaAvvisoDigitale" />
				<tipo-servizio tipo="EQUALS" valore="gw" />
		        </replace-match>
			<header>
				<item tipo="note" valore="Definire l'endpoint a cui vengono inviate le richieste di avvisatura digitale 'Push'."/>
				<item tipo="note" valore="Utilizzare l'endpoint della piattaforma target ottenuta durante l'accreditamento del canale"/>
				<item tipo="subtitle" label="Connettore"/>
			</header>
			<default>
				<proprieta nome="interfaccia" valore="standard"/>
				<proprieta nome="connettore" valore="http"/>
				<proprieta nome="endpointtype" valore="https"/>
				<proprieta nome="endpointtype_ckb" valore="abilitato"/>
				<proprieta nome="endpointtype_https" valore="abilitato"/>
				<proprieta nome="url" valore="https://gad.pagopa.gov.it/openspcoop2/proxy/PA/NodoInviaAvvisoDigitale60"/>
				<proprieta nome="httpsstato" valore="abilitato"/>
			</default>
		</fruitore>

	</operazione>

	<operazione>

		<servizio-applicativo tipo="CREDENZIALI_ACCESSO_PDD" descrizione="Fruizione Servizio NodoInviaAvvisoDigitale (Avvisatura Digitale Push)">
			<conditions>
				<proprieta nome="AvvisaturaDigitalePush" valore="yes" />
			</conditions>
			<replace-match>
				<nome tipo="EQUALS" valore="NodoInviaAvvisoDigitale" />
			</replace-match>
			<header>
				<item tipo="note" valore="Definire la modalità di autenticazione dell'applicativo interno."/>
				<item tipo="note" valore="Le credenziali indicate dovranno essere utilizzate dall'applicativo interno per fruire del servizio NodoInviaAvvisoDigitale"/>
				<item tipo="subtitle" label="Credenziali di Accesso"/>
			</header>
			<default>
				<proprieta nome="tipoauthCredenziali" valore="basic"/>
				<proprieta nome="utenteCredenziali" valore="NodoInviaAvvisoDigitale"/>
			</default>
		</servizio-applicativo>
		<servizio-applicativo tipo="ALLINEA_CREDENZIALI_PD" descrizione="Allineo tipo di autenticazione nelle porteDelegate riferite">
			<replace-match>
		                <nome tipo="EQUALS" valore="NodoInviaAvvisoDigitale" />
		        </replace-match>
		</servizio-applicativo>

	</operazione>

	<operazione>

		<accordo-servizio-parte-comune tipo="STATO_ARCHIVIO" descrizione="StatiAccordiImpostatiAOperativi" stato="operativo">
			<replace-match>
				<nome tipo="ALL" />
			</replace-match>
		</accordo-servizio-parte-comune>


		<accordo-servizio-parte-specifica tipo="STATO_ARCHIVIO" descrizione="StatiAccordiImpostatiAOperativi" stato="operativo">
		        <replace-match>
		                <nome tipo="ALL" />
		        </replace-match>
		</accordo-servizio-parte-specifica>

		<fruitore tipo="STATO_ARCHIVIO" descrizione="StatiAccordiImpostatiAOperativi" stato="operativo">
		        <replace-match>
		                <nome tipo="ALL" />
		        </replace-match>
		</fruitore>

	</operazione>

	<operazione>

		<porta-delegata tipo="STATO" descrizione="NodoInviaAvvisoDigitale StatoAbilitato" stato="abilitato">
			<conditions>
				<proprieta nome="AvvisaturaDigitalePush" valore="yes" />
			</conditions>
			<replace-match>
				<nome tipo="ENDS_WITH" valore="/gw_NodoInviaAvvisoDigitale/1" />
			</replace-match>
		</porta-delegata>
		<porta-delegata tipo="STATO" descrizione="NodoInviaAvvisoDigitale StatoDisabilitato" stato="disabilitato">
			<conditions not="true">
				<proprieta nome="AvvisaturaDigitalePush" valore="yes" />
			</conditions>
			<replace-match>
				<nome tipo="ENDS_WITH" valore="/gw_NodoInviaAvvisoDigitale/1" />
			</replace-match>
		</porta-delegata>

		<porta-applicativa tipo="STATO" descrizione="PagamentiTelematiciCCP StatoAbilitato" stato="abilitato">
			<conditions and="false">
				<proprieta nome="PagamentiPSP" valore="yes" />
				<proprieta nome="PagamentiPSPnotEnte" valore="yes" />
			</conditions>
			<replace-match>
				<nome tipo="ENDS_WITH" valore="/gw_PagamentiTelematiciCCP/1" />
			</replace-match>
		</porta-applicativa>
		<porta-applicativa tipo="STATO" descrizione="PagamentiTelematiciCCP StatoDisabilitato" stato="disabilitato">
			<conditions not="true" and="false">
				<proprieta nome="PagamentiPSP" valore="yes" />
				<proprieta nome="PagamentiPSPnotEnte" valore="yes" />
			</conditions>
			<replace-match>
				<nome tipo="ENDS_WITH" valore="/gw_PagamentiTelematiciCCP/1" />
			</replace-match>
		</porta-applicativa>

		<porta-applicativa tipo="STATO" descrizione="GenerazioneAvvisi StatoAbilitato" stato="abilitato">
			<conditions>
				<proprieta nome="PagamentiSpontanei" valore="yes" />
			</conditions>
			<replace-match>
				<nome tipo="ENDS_WITH" valore="/gw_GenerazioneAvvisi/1" />
			</replace-match>
		</porta-applicativa>
		<porta-applicativa tipo="STATO" descrizione="GenerazioneAvvisi StatoDisabilitato" stato="disabilitato">
			<conditions not="true">
				<proprieta nome="PagamentiSpontanei" valore="yes" />
			</conditions>
			<replace-match>
				<nome tipo="ENDS_WITH" valore="/gw_GenerazioneAvvisi/1" />
			</replace-match>
		</porta-applicativa>

		<porta-applicativa tipo="STATO" descrizione="ChiediElencoAvvisiDigitali StatoAbilitato" stato="abilitato">
			<conditions>
				<proprieta nome="AvvisaturaDigitalePull" valore="yes" />
			</conditions>
			<replace-match>
				<nome tipo="ENDS_WITH" valore="/gw_ChiediElencoAvvisiDigitali/1" />
			</replace-match>
		</porta-applicativa>
		<porta-applicativa tipo="STATO" descrizione="ChiediElencoAvvisiDigitali StatoDisabilitato" stato="disabilitato">
			<conditions not="true">
				<proprieta nome="AvvisaturaDigitalePull" valore="yes" />
			</conditions>
			<replace-match>
				<nome tipo="ENDS_WITH" valore="/gw_ChiediElencoAvvisiDigitali/1" />
			</replace-match>
		</porta-applicativa>

	</operazione>

</openspcoop2>
