<?xml version="1.0" encoding="UTF-8" standalone="yes"?>
<fruitore xmlns="http://www.openspcoop2.org/core/registry" tipo="modipa" nome="DemoSoggettoFruitore" ora-registrazione="2023-05-17T16:13:49.946+02:00">
    <connettore tipo="http" nome="CNT_SF_modipa/DemoSoggettoFruitore_modipa/DemoSoggettoErogatore_modipa/DemoNegoziazioneTokenFruizioneKeystoreRidefinitoJWK/1">
        <property nome="tokenPolicy" valore="MODI-NegoziazioneTokenPDND-datiInFruizione-KidOnly-JWK"/>
        <property nome="location" valore="http://127.0.0.1:8080/TestService/echo"/>
    </connettore>
    <protocol-property name="modipaKeyAlias" value="de606068-01cb-49a5-824d-fb171b5d5ae4"/>
    <protocol-property name="modipaKeyPassword"/>
    <protocol-property name="modipaKeystoreCertMode" value="ridefinisci"/>
    <protocol-property name="modipaKeystoreKeyPairAlgo"/>
    <protocol-property name="modipaKeystoreMode" value="path"/>
    <protocol-property name="modipaKeystorePassword"/>
    <protocol-property name="modipaKeystorePath" value="/etc/govway/keys/testJWKprivate.jwk"/>
    <protocol-property name="modipaKeystorePathPublicKey"/>
    <protocol-property name="modipaKeystoreType" value="jwk"/>
    <protocol-property name="modipaSecurityOauthId" value="DemoSoggettoFruitore/KidOnly/${header:tiponegoziazionetest}"/>
    <protocol-property name="modipaSecurityOauthKid" value="KID-${header:tiponegoziazionetest}"/>
</fruitore>
