<?xml version="1.0" encoding="UTF-8" standalone="yes"?>
<accordo-servizio-parte-comune xmlns="http://www.openspcoop2.org/core/registry" service-binding="rest" nome="TestSSLKeystoreSenzaPassword" profilo-collaborazione="sincrono" formato-specifica="openApi3" utilizzo-senza-azione="true" filtro-duplicati="disabilitato" conferma-ricezione="disabilitato" consegna-in-ordine="disabilitato" ora-registrazione="2025-03-26T16:07:10.567+01:00" versione="1">
    <soggetto-referente tipo="gw" nome="ENTE"/>
    <resource nome="keystoreJksNoPassword-KeyNoPassword" path="/keystoreJksNoPassword-KeyNoPassword" filtro-duplicati="disabilitato" conferma-ricezione="disabilitato" consegna-in-ordine="disabilitato">
        <request/>
    </resource>
    <resource nome="keystoreJksNoPassword-KeyNoPassword-usaTrustStore" path="/keystoreJksNoPassword-KeyNoPassword-usaTrustStore" filtro-duplicati="disabilitato" conferma-ricezione="disabilitato" consegna-in-ordine="disabilitato">
        <request/>
    </resource>
    <resource nome="keystoreJksNoPassword-KeyWithPassword" path="/keystoreJksNoPassword-KeyWithPassword" filtro-duplicati="disabilitato" conferma-ricezione="disabilitato" consegna-in-ordine="disabilitato">
        <request/>
    </resource>
    <resource nome="keystorePkcs12NoPassword-KeyNoPassword" path="/keystorePkcs12NoPassword-KeyNoPassword" filtro-duplicati="disabilitato" conferma-ricezione="disabilitato" consegna-in-ordine="disabilitato">
        <request/>
    </resource>
    <resource nome="keystorePkcs12NoPassword-KeyNoPassword-usaTrustStore" path="/keystorePkcs12NoPassword-KeyNoPassword-usaTrustStore" filtro-duplicati="disabilitato" conferma-ricezione="disabilitato" consegna-in-ordine="disabilitato">
        <request/>
    </resource>
    <resource nome="keystorePkcs12NoPassword-KeyWithPassword" path="/keystorePkcs12NoPassword-KeyWithPassword" filtro-duplicati="disabilitato" conferma-ricezione="disabilitato" consegna-in-ordine="disabilitato">
        <request/>
    </resource>
    <resource nome="truststoreJksSenzaPassword" path="/truststoreJksSenzaPassword" filtro-duplicati="disabilitato" conferma-ricezione="disabilitato" consegna-in-ordine="disabilitato">
        <request/>
    </resource>
    <resource nome="truststorePkcs12SenzaPassword" path="/truststorePkcs12SenzaPassword" filtro-duplicati="disabilitato" conferma-ricezione="disabilitato" consegna-in-ordine="disabilitato">
        <request/>
    </resource>
    <gruppi>
        <gruppo nome="TestConnettori"/>
        <gruppo nome="TestValidazione"/>
    </gruppi>
    <proprieta-oggetto utente-richiedente="amministratore" data-creazione="2025-03-26T16:07:10.516+01:00" utente-ultima-modifica="amministratore" data-ultima-modifica="2025-03-27T09:35:36.987+01:00"/>
</accordo-servizio-parte-comune>
