<?xml version="1.0" encoding="UTF-8" standalone="yes"?>
<accordo-servizio-parte-specifica xmlns="http://www.openspcoop2.org/core/registry" tipo="modipa" nome="SoapBlockingIDAS01LowIAT" versione="1" accordo-servizio-parte-comune="modipa/ENTE:SoapBlockingIDAS01:1" tipologia-servizio="normale" port-type="SOAPBlockingImpl" ora-registrazione="2021-09-14T12:39:28.177+02:00">
    <configurazione-servizio>
        <connettore tipo="disabilitato" nome="CNT_modipa/DemoSoggettoErogatore_modipa/SoapBlockingIDAS01LowIAT/1"/>
    </configurazione-servizio>
    <protocol-property name="modipaKeyAlias"/>
    <protocol-property name="modipaKeyPassword"/>
    <protocol-property name="modipaKeystoreCertMode" value="default"/>
    <protocol-property name="modipaKeystoreMode" value="archive"/>
    <protocol-property name="modipaKeystorePassword"/>
    <protocol-property name="modipaKeystorePath"/>
    <protocol-property name="modipaKeystoreType" value="jks"/>
    <protocol-property name="modipaSecurityMessageRequestAud" value="testsuite"/>
    <protocol-property name="modipaSecurityMessageRequestIatMode" value="ridefinisci"/>
    <protocol-property name="modipaSecurityMessageRequestIatTtl" number-value="3"/>
    <protocol-property name="modipaSecurityMessageResponseExp" number-value="300"/>
    <protocol-property name="modipaSecurityMessageSoapResponseAlg" value="http://www.w3.org/2001/04/xmldsig-more#rsa-sha256"/>
    <protocol-property name="modipaSecurityMessageSoapResponseCanonicalizationAlg" value="http://www.w3.org/2001/10/xml-exc-c14n#"/>
    <protocol-property name="modipaSecurityMessageSoapResponseX509Cert" value="DirectReference"/>
    <protocol-property name="modipaSecurityMessageSoapResponseX509CertIncludeSignatureToken" boolean-value="false"/>
    <protocol-property name="modipaSecurityMessageSoapResponseX509CertUseCertificateChain" boolean-value="false"/>
    <protocol-property name="modipaTruststoreCRLs"/>
    <protocol-property name="modipaTruststoreMode" value="default"/>
    <protocol-property name="modipaTruststorePassword" value="123456"/>
    <protocol-property name="modipaTruststorePath" value="/etc/govway/keys/xca/trustStore_certificati.jks"/>
    <protocol-property name="modipaTruststoreType" value="jks"/>
</accordo-servizio-parte-specifica>
