<?xml version="1.0" encoding="UTF-8"?>
<accordo-servizio-parte-specifica xmlns="http://www.openspcoop2.org/core/registry"
	    nome="RiceviFile"
            accordo-servizio-parte-comune="SDI/CentroServiziFatturaPA:SdIRiceviFile:1"
            port-type="SdIRiceviFile"
	    versione="1">
    <servizio tipo="SDI" nome="RiceviFile">
        <connettore tipo="vmPD" nome="RiceviFile" >
            <property nome="protocol" valore="spcoop"/>
            <property nome="pd" valore="SPC@OPENSPCOOP2_NOME_FRUITORE@/SPCCentroServiziFatturaPA/SPCRiceviFile/RiceviFile"/>
            <property nome="user" valore="SPC@OPENSPCOOP2_NOME_FRUITORE@_SPCCentroServiziFatturaPA_SPCRiceviFile_RiceviFile"/>
            <property nome="password" valore="123456"/>
        </connettore>
    </servizio>
</accordo-servizio-parte-specifica>
