<?xml version="1.0" encoding="UTF-8" standalone="yes"?>
<fruitore xmlns="http://www.openspcoop2.org/core/registry" tipo="modipa" nome="DemoSoggettoFruitore" ora-registrazione="2023-02-07T11:35:53.710+01:00">
    <connettore tipo="http" nome="CNT_SF_modipa/DemoSoggettoFruitore_modipa/DemoSoggettoErogatore_modipa/RestBlockingIDAR01KeystoreRidefinitoFruizioneArchivio/1">
        <property nome="location" valore="http://localhost:8090"/>
    </connettore>
    <protocol-property name="modipaKeyAlias" value="ExampleClient4"/>
    <protocol-property name="modipaKeyPassword" value="123456"/>
    <protocol-property name="modipaKeystoreArchive" file="ExampleClient4.p12"/>
    <protocol-property name="modipaKeystoreCertMode" value="ridefinisci"/>
    <protocol-property name="modipaKeystoreFruizioneMode" value="fruizione"/>
    <protocol-property name="modipaKeystoreMode" value="archive"/>
    <protocol-property name="modipaKeystorePassword" value="123456"/>
    <protocol-property name="modipaKeystorePath"/>
    <protocol-property name="modipaKeystoreType" value="pkcs12"/>
    <protocol-property name="modipaSecurityMessageRequestAud" value="testsuite"/>
    <protocol-property name="modipaSecurityMessageRequestClaims"/>
    <protocol-property name="modipaSecurityMessageRequestExp" number-value="300"/>
    <protocol-property name="modipaSecurityMessageResponseAud" boolean-value="false"/>
    <protocol-property name="modipaSecurityMessageResponseAudExpected"/>
    <protocol-property name="modipaSecurityMessageResponseIatMode" value="default"/>
    <protocol-property name="modipaSecurityMessageResponseIatTtl"/>
    <protocol-property name="modipaSecurityMessageRestRequestAlg" value="RS256"/>
    <protocol-property name="modipaSecurityMessageRestRequestDigestEncoding" value="BASE64"/>
    <protocol-property name="modipaSecurityMessageRestRequestX509Cert" value="x5c"/>
    <protocol-property name="modipaSecurityMessageRestRequestX509CertUseCertificateChain" boolean-value="false"/>
    <protocol-property name="modipaSecurityMessageRestRequestX509Url"/>
    <protocol-property name="modipaSecurityMessageRestResponseX509Cert" value="x5c,x5t"/>
    <protocol-property name="modipaSecurityMessageRestResponseX509CertAsReq" value="true"/>
    <protocol-property name="modipaSslTruststoreCRLs"/>
    <protocol-property name="modipaSslTruststoreMode" value="default"/>
    <protocol-property name="modipaSslTruststoreOCSP"/>
    <protocol-property name="modipaSslTruststorePassword"/>
    <protocol-property name="modipaSslTruststorePath"/>
    <protocol-property name="modipaSslTruststoreType" value="jks"/>
    <protocol-property name="modipaTruststoreCRLs"/>
    <protocol-property name="modipaTruststoreMode" value="ridefinisci"/>
    <protocol-property name="modipaTruststoreOCSP"/>
    <protocol-property name="modipaTruststorePassword" value="123456"/>
    <protocol-property name="modipaTruststorePath" value="/etc/govway/keys/xca/trustStore_certificati.jks"/>
    <protocol-property name="modipaTruststoreType" value="jks"/>
</fruitore>
