<?xml version="1.0" encoding="UTF-8"?>
<openspcoop2 xmlns="http://www.openspcoop2.org/protocol/information_missing">

	<wizard step="4" step-in-delete="1" descrizione="Fatturazione Elettronica - Ruolo Trasmittente" intestazione-originale="false" >
                <requisiti>
                        <protocollo nome="sdi"/>
                </requisiti>
        </wizard> 

	<operazione>

		<soggetto tipo="RIFERIMENTO" descrizione="Soggetto"
			  protocollo="sdi" tipo-pdd="operativo" >
			<replace-match>
				<nome tipo="EMPTY" />
				<tipo tipo="EQUALS" valore="sdi" />
			</replace-match>
		</soggetto>

	</operazione>

	<operazione>

		<fruitore tipo="CONNETTORE" descrizione="Connettore - Fruizione Servizio SdIRiceviFile (Fatture inviate allo SdI)"
			protocollo="sdi">
		        <replace-match>
		        	<!-- <nome tipo="EMPTY" /> e' gia' il valore inserito allo step precedente -->
				<tipo tipo="EQUALS" valore="sdi" />
		        </replace-match>
			<default>
				<proprieta nome="interfaccia" valore="standard"/>
				<proprieta nome="connettore" valore="http"/>
				<proprieta nome="endpointtype" valore="https"/>
				<proprieta nome="endpointtype_ckb" valore="abilitato"/>
				<proprieta nome="endpointtype_https" valore="abilitato"/>
				<proprieta nome="url" valore="https://servizi.fatturapa.it/ricevi_file"/>
				<proprieta nome="httpsstato" valore="abilitato"/>
			</default>
		</fruitore>

	</operazione>

	<operazione>

		<servizio-applicativo tipo="CREDENZIALI_ACCESSO_PDD" descrizione="Credenziali di Accesso - Fruizione Servizio SdIRiceviFile (Fatture inviate allo SdI)">
			<replace-match>
				<nome tipo="EQUALS" valore="SdiRiceviFile" />
			</replace-match>
			<default>
				<proprieta nome="tipoauthCredenziali" valore="basic"/>
				<proprieta nome="utenteCredenziali" valore="SdiRiceviFile"/>
			</default>
		</servizio-applicativo>
		<servizio-applicativo tipo="ALLINEA_CREDENZIALI_PD" descrizione="Allineo tipo di autenticazione nelle porteDelegate riferite">
			<replace-match>
		                <nome tipo="EQUALS" valore="SdiRiceviFile" />
		        </replace-match>
		</servizio-applicativo>

	</operazione>

	<operazione>

		<servizio-applicativo tipo="CONNETTORE" descrizione="Connettore - Erogazione Servizio Trasmissione (Notifiche ricevute dallo SdI)"
			protocollo="sdi">
		        <replace-match>
		                <nome tipo="ENDS_WITH" valore="/sdi_TrasmissioneFatture/1" />
		        </replace-match>
			<default>
				<proprieta nome="interfaccia" valore="standard"/>
				<proprieta nome="connettore" valore="http"/>
				<proprieta nome="sbustamento" valore="abilitato"/>
				<proprieta nome="sbustamentoInformazioniProtocolloRichiesta" valore="abilitato"/>
				<proprieta nome="endpointtype" valore="http"/>
				<proprieta nome="endpointtype_ckb" valore="abilitato"/>
				<proprieta nome="endpointtype_https" valore="disabilitato"/>
				<proprieta nome="url" valore="https://..."/>
			</default>
		</servizio-applicativo>

	</operazione>

	<operazione>

		<accordo-servizio-parte-comune tipo="STATO_ARCHIVIO" descrizione="StatiAccordiImpostatiAOperativi" stato="operativo">
			<replace-match>
				<nome tipo="ALL" />
			</replace-match>
		</accordo-servizio-parte-comune>


		<accordo-servizio-parte-specifica tipo="STATO_ARCHIVIO" descrizione="StatiAccordiImpostatiAOperativi" stato="operativo">
		        <replace-match>
		                <nome tipo="ALL" />
		        </replace-match>
		</accordo-servizio-parte-specifica>

		<fruitore tipo="STATO_ARCHIVIO" descrizione="StatiAccordiImpostatiAOperativi" stato="operativo">
		        <replace-match>
		                <nome tipo="ALL" />
		        </replace-match>
		</fruitore>

	</operazione>

</openspcoop2>
