<?xml version="1.0" encoding="UTF-8" standalone="yes"?>
<accordo-servizio-parte-comune xmlns="http://www.openspcoop2.org/core/registry" service-binding="soap" nome="ScaricoTabelle7001" profilo-collaborazione="sincrono" formato-specifica="wsdl11" utilizzo-senza-azione="true" filtro-duplicati="disabilitato" conferma-ricezione="disabilitato" id-collaborazione="disabilitato" id-riferimento-richiesta="disabilitato" consegna-in-ordine="disabilitato" ora-registrazione="2020-03-10T10:49:37.127+01:00" versione="1">
    <soggetto-referente tipo="gw" nome="@OPENSPCOOP2_NOME_SOGGETTO_DEFAULT@"/>
    <port-type nome="AnprPortType7001" style="document" profilo-collaborazione="sincrono" filtro-duplicati="abilitato">
        <azione nome="download_file" profilo-collaborazione="sincrono" filtro-duplicati="abilitato">
            <message-input use="literal">
                <part name="request" element-name="Richiesta7002" element-namespace="http://sogei.it/ANPR/7001scaricoTabelle"/>
            </message-input>
            <message-output use="literal">
                <part name="response" element-name="Risposta7002" element-namespace="http://sogei.it/ANPR/7001scaricoTabelle"/>
            </message-output>
        </azione>
        <azione nome="elenco_versioni" profilo-collaborazione="sincrono" filtro-duplicati="abilitato">
            <message-input use="literal">
                <part name="request" element-name="Richiesta7003" element-namespace="http://sogei.it/ANPR/7001scaricoTabelle"/>
            </message-input>
            <message-output use="literal">
                <part name="response" element-name="Risposta7003" element-namespace="http://sogei.it/ANPR/7001scaricoTabelle"/>
            </message-output>
        </azione>
        <azione nome="scarica_tabelle" profilo-collaborazione="sincrono" filtro-duplicati="abilitato">
            <message-input use="literal">
                <part name="request" element-name="Richiesta7001" element-namespace="http://sogei.it/ANPR/7001scaricoTabelle"/>
            </message-input>
            <message-output use="literal">
                <part name="response" element-name="Risposta7001" element-namespace="http://sogei.it/ANPR/7001scaricoTabelle"/>
            </message-output>
        </azione>
    </port-type>
    <allegato tipo="xsd" file="7001scaricoTabelle.xsd" ora-registrazione="2020-03-10T10:52:10.430+01:00"/>
    <allegato tipo="xsd" file="tipoDato.xsd" ora-registrazione="2020-03-10T10:53:39.946+01:00"/>
    <allegato tipo="xsd" file="vocabolario7001scaricoTabelle.xsd" ora-registrazione="2020-03-10T10:53:39.946+01:00"/>
    <allegato tipo="xsd" file="rispostaComune.xsd" ora-registrazione="2020-03-10T10:53:39.946+01:00"/>
    <allegato tipo="xsd" file="vocabolarioRispostaComune.xsd" ora-registrazione="2020-03-10T10:53:39.946+01:00"/>
    <gruppi>
	<gruppo nome="ANPR"/>
    </gruppi>
</accordo-servizio-parte-comune>
