<?xml version="1.0" encoding="UTF-8" standalone="yes"?>
<ns2:porta-delegata xmlns:ns2="http://www.openspcoop2.org/core/config" nome="spc_SoggettoInternoVaultTestFruitore/spc_SoggettoInternoVaultTest/spc_VaultTestConnettori/v1" descrizione="Subscription from spc/SoggettoInternoVaultTestFruitore for service spc/SoggettoInternoVaultTest:spc/VaultTestConnettori:1" autenticazione="none" autenticazione-opzionale="disabilitato" autorizzazione="none" ricevuta-asincrona-simmetrica="abilitato" ricevuta-asincrona-asimmetrica="abilitato" allega-body="disabilitato" scarta-body="disabilitato" ricerca-porta-azione-delegata="abilitato" stato="abilitato">
    <ns2:soggetto-erogatore tipo="spc" nome="SoggettoInternoVaultTest"/>
    <ns2:servizio tipo="spc" nome="VaultTestConnettori" versione="1"/>
    <ns2:azione identificazione="urlBased" pattern="/(?:spc_)?SoggettoInternoVaultTestFruitore/(?:spc_)?SoggettoInternoVaultTest/(?:spc_)?VaultTestConnettori/v1/([^/?]*).*" force-interface-based="abilitato"/>
    <ns2:trasformazioni>
        <ns2:regola nome="govwayTestSuite_IDOP" posizione="1" stato="abilitato">
            <ns2:richiesta conversione="false">
                <ns2:parametro-url conversione-tipo="updateOrAdd" nome="govwayTestSuite_IDOP" valore="${query:govwayTestSuite_IDOP}" identificazione-fallita="blocca"/>
            </ns2:richiesta>
        </ns2:regola>
    </ns2:trasformazioni>
    <ns2:proprieta-oggetto utente-richiedente="amministratore" data-creazione="2024-07-02T11:35:48.039+02:00" utente-ultima-modifica="amministratore" data-ultima-modifica="2024-07-02T11:50:07.577+02:00"/>
</ns2:porta-delegata>
