<?xml version="1.0" encoding="UTF-8" standalone="yes"?>
<ns2:generic-properties xmlns:ns2="http://www.openspcoop2.org/core/config" nome="AuthorizationBearerJWKsDynamic" tipologia="attributeAuthority" tipo="attributeAuthority">
    <ns2:property nome="policy.attributeAuthority.request.jwt.claims" valore="attributes=[${requiredAttributes:jsonList()}]&#10;c1=v1&#10;c2=v2&#10;a1=[&quot;av11&quot;,&quot;av12&quot;,&quot;av13&quot;,&quot;${header:GovWay-TestSuite-AAa1vDynamic}&quot;]&#10;a2=${header:GovWay-TestSuite-AAa2vDynamic}&#10;a3={&quot;a31&quot;:&quot;av31&quot;,&quot;a32&quot;:&quot;${header:GovWay-TestSuite-AAa3vDynamic}&quot;}&#10;a4=[{&quot;a41&quot;: &quot;av41&quot;},{&quot;a42&quot;: &quot;${header:GovWay-TestSuite-AAa4vDynamic}&quot;}]"/>
    <ns2:property nome="sslConfig_@@@_trustAllCerts" valore="true"/>
    <ns2:property nome="policy.attributeAuthority.request.position" valore="bearer"/>
    <ns2:property nome="aaSignatureIncludeCertShaMode" valore="-"/>
    <ns2:property nome="policy.attributeAuthority.request.jwsHeader.joseContentType" valore="false"/>
    <ns2:property nome="policy.endpoint.https.stato" valore="true"/>
    <ns2:property nome="policy.attributeAuthority.request.jws.signature.include.key.id" valore="true"/>
    <ns2:property nome="policy.attributeAuthority.request.jwt.expired" valore="300"/>
    <ns2:property nome="endpointConfig_@@@_connectionTimeout" valore="5000"/>
    <ns2:property nome="signatureVerifyPropRefId_@@@_rs.security.keystore.file" valore="https://127.0.0.1:8445/TestService/echo?destFile=${header:govway-testsuite-keystore-location}"/>
    <ns2:property nome="endpointConfig_@@@_readConnectionTimeout" valore="10000"/>
    <ns2:property nome="policy.attributeAuthority.request.templateType" valore="jwt"/>
    <ns2:property nome="sslConfig_@@@_sslType" valore="TLSv1.3"/>
    <ns2:property nome="policy.attributeAuthority.request.jwsHeader.joseType" valore="JWT"/>
    <ns2:property nome="policy.attributeAuthority.request.type" valore="jws"/>
    <ns2:property nome="policy.attributeAuthority.request.jwt.audience" valore="${header:GovWay-TestSuite-AAAudience}"/>
    <ns2:property nome="policy.endpoint.proxy.stato" valore="false"/>
    <ns2:property nome="policy.endpoint.https.client.stato" valore="false"/>
    <ns2:property nome="policy.attributeAuthority.request.jws.key.alias" valore="openspcoop"/>
    <ns2:property nome="policy.attributeAuthority.request.jws.keystore.type" valore="jks"/>
    <ns2:property nome="signatureVerifyPropRefId_@@@_rs.security.keystore.type" valore="jwk"/>
    <ns2:property nome="policy.attributeAuthority.request.jws.keystore.file" valore="/etc/govway/keys/jose_keystore_example.jks"/>
    <ns2:property nome="policy.endpoint.bearer.stato" valore="false"/>
    <ns2:property nome="policy.attributeAuthority.httpMethod" valore="GET"/>
    <ns2:property nome="sslConfig_@@@_hostnameVerifier" valore="false"/>
    <ns2:property nome="policy.saveErrorInCache" valore="false"/>
    <ns2:property nome="policy.endpoint.basic.stato" valore="false"/>
    <ns2:property nome="policy.endpoint.url" valore="https://127.0.0.1:8445/TestService/${header:GovWay-TestSuite-AAOperation}?responseContentByHeader=Authorization&amp;responseContentType=application/json"/>
    <ns2:property nome="policy.attributeAuthority.request.jws.keystore.password" valore="123456"/>
    <ns2:property nome="policy.attributeAuthority.request.jws.key.password" valore="key123456"/>
    <ns2:property nome="policy.attributeAuthority.request.jwt.subject" valore="${transportContext:credential.identity}"/>
    <ns2:property nome="signatureVerifyPropRefId_@@@_rs.security.keystore.alias.mode" valore="kid"/>
    <ns2:property nome="policy.attributeAuthority.response.type" valore="jws"/>
    <ns2:property nome="policy.attributeAuthority.response.jwt.attributes" valore="a1,a2,a3,a4,iss,sub,aud,attributes"/>
    <ns2:property nome="aaSignatureIncludeCertMode" valore="-"/>
    <ns2:property nome="policy.attributeAuthority.request.jws.signature.algorithm" valore="RS256"/>
    <ns2:property nome="policy.attributeAuthority.request.jwt.issuer" valore="${header:GovWay-TestSuite-AAIssuer}"/>
    <ns2:proprieta-oggetto utente-richiedente="amministratore" data-creazione="2024-03-20T11:18:25.976+01:00" utente-ultima-modifica="amministratore" data-ultima-modifica="2024-03-20T11:54:52.335+01:00"/>
</ns2:generic-properties>
