<?xml version="1.0" encoding="UTF-8" standalone="yes"?>
<ns2:generic-properties xmlns:ns2="http://www.openspcoop2.org/core/config" nome="PayloadJSON-Velocity" tipologia="attributeAuthority" tipo="attributeAuthority">
    <ns2:property nome="policy.endpoint.proxy.stato" valore="false"/>
    <ns2:property nome="policy.endpoint.https.client.stato" valore="false"/>
    <ns2:property nome="policy.attributeAuthority.request.contentType" valore="application/json"/>
    <ns2:property nome="policy.attributeAuthority.request.template" valore="{&#10;&quot;iss&quot;: &quot;${tokenInfo.iss}&quot;,&#10;&quot;sub&quot;: &quot;${tokenInfo.username}&quot;,&#10;&quot;aud&quot;: &quot;${tokenInfo.aud[0]}&quot;,&#10;&quot;a1&quot;: [&quot;av11&quot;,&quot;av12&quot;,&quot;av13&quot;,&quot;#if ($header[&quot;GovWay-TestSuite-AAa1vDynamic&quot;])${header[&quot;GovWay-TestSuite-AAa1vDynamic&quot;]}#else#set($tmp = &quot;GovWay-TestSuite-AAa1vDynamic&quot;)${header[$tmp.toLowerCase()]}#end&quot;],&#10;&quot;a2&quot;: &quot;#if ($header[&quot;GovWay-TestSuite-AAa2vDynamic&quot;])${header[&quot;GovWay-TestSuite-AAa2vDynamic&quot;]}#else#set($tmp = &quot;GovWay-TestSuite-AAa2vDynamic&quot;)${header[$tmp.toLowerCase()]}#end&quot;,&#10;&quot;a3&quot;: {&#10;    &quot;a31&quot;: &quot;av31&quot;,&#10;    &quot;a32&quot;: &quot;#if ($header[&quot;GovWay-TestSuite-AAa3vDynamic&quot;])${header[&quot;GovWay-TestSuite-AAa3vDynamic&quot;]}#else#set($tmp = &quot;GovWay-TestSuite-AAa3vDynamic&quot;)${header[$tmp.toLowerCase()]}#end&quot;},&#10;&quot;a4&quot;: [ &#10;    {&quot;a41&quot;: &quot;av41&quot;}, &#10;    {&quot;a42&quot;:&quot;#if ($header[&quot;GovWay-TestSuite-AAa4vDynamic&quot;])${header[&quot;GovWay-TestSuite-AAa4vDynamic&quot;]}#else#set($tmp = &quot;GovWay-TestSuite-AAa4vDynamic&quot;)${header[$tmp.toLowerCase()]}#end&quot;}&#10;],&#10;&quot;attributes&quot;: [${requiredAttributes.jsonList()}],&#10;&quot;c1&quot;: &quot;v1&quot;,&#10;&quot;c2&quot;: &quot;v2&quot;,&#10;&quot;jti&quot;: &quot;${transactionId}&quot;&#10;}"/>
    <ns2:property nome="policy.endpoint.bearer.stato" valore="false"/>
    <ns2:property nome="policy.attributeAuthority.httpMethod" valore="PUT"/>
    <ns2:property nome="policy.attributeAuthority.request.position" valore="payload"/>
    <ns2:property nome="policy.endpoint.basic.stato" valore="false"/>
    <ns2:property nome="policy.saveErrorInCache" valore="false"/>
    <ns2:property nome="policy.endpoint.url" valore="http://127.0.0.1:8080/TestService/${header:GovWay-TestSuite-AAOperation}"/>
    <ns2:property nome="policy.endpoint.https.stato" valore="false"/>
    <ns2:property nome="policy.attributeAuthority.response.type" valore="json"/>
    <ns2:property nome="endpointConfig_@@@_connectionTimeout" valore="10000"/>
    <ns2:property nome="endpointConfig_@@@_readConnectionTimeout" valore="120000"/>
    <ns2:property nome="policy.attributeAuthority.request.templateType" valore="velocity-template"/>
    <ns2:property nome="policy.attributeAuthority.request.type" valore="json"/>
</ns2:generic-properties>
