<?xml version="1.0" encoding="UTF-8" standalone="yes"?>
<ns2:generic-properties xmlns:ns2="http://www.openspcoop2.org/core/config" nome="PKCS11-TLS-TrustAll-ClientNoAlias" tipologia="attributeAuthority" tipo="attributeAuthority">
    <ns2:property nome="sslClientConfig_@@@_keyStorePassword" valore="-"/>
    <ns2:property nome="sslConfig_@@@_trustAllCerts" valore="true"/>
    <ns2:property nome="policy.attributeAuthority.request.position" valore="payload"/>
    <ns2:property nome="policy.endpoint.https.stato" valore="true"/>
    <ns2:property nome="endpointConfig_@@@_connectionTimeout" valore="10000"/>
    <ns2:property nome="sslClientConfig_@@@_keyStoreLocation" valore="HSM-pkcs11-client1"/>
    <ns2:property nome="sslClientConfig_@@@_keyPassword" valore="-"/>
    <ns2:property nome="endpointConfig_@@@_readConnectionTimeout" valore="120000"/>
    <ns2:property nome="policy.attributeAuthority.request.templateType" valore="template"/>
    <ns2:property nome="sslConfig_@@@_sslType" valore="TLSv1.2"/>
    <ns2:property nome="policy.attributeAuthority.request.type" valore="json"/>
    <ns2:property nome="policy.endpoint.proxy.stato" valore="false"/>
    <ns2:property nome="policy.endpoint.https.client.stato" valore="true"/>
    <ns2:property nome="policy.attributeAuthority.request.contentType" valore="application/json"/>
    <ns2:property nome="policy.attributeAuthority.request.template" valore="{&#10;   &quot;attributes&quot;: [${requiredAttributes:jsonList()}]&#10;}"/>
    <ns2:property nome="policy.endpoint.bearer.stato" valore="false"/>
    <ns2:property nome="policy.attributeAuthority.httpMethod" valore="POST"/>
    <ns2:property nome="sslConfig_@@@_hostnameVerifier" valore="true"/>
    <ns2:property nome="policy.endpoint.basic.stato" valore="false"/>
    <ns2:property nome="policy.saveErrorInCache" valore="false"/>
    <ns2:property nome="policy.endpoint.url" valore="https://Erogatore:8444/govway/SoggettoInternoTest/AuthorizationServerDummy/v1/aaSec/TLS-TrustAll-ClientNoAlias"/>
    <ns2:property nome="sslClientConfig_@@@_keyStoreType" valore="pkcs11-client1"/>
    <ns2:property nome="policy.attributeAuthority.response.type" valore="json"/>
    <ns2:property nome="policy.endpoint.ssl.mode" valore="ridefinito"/>
    <ns2:property nome="sslClientConfig_@@@_keyManagementAlgorithm" valore="SunX509"/>
</ns2:generic-properties>
