<?xml version="1.0" encoding="UTF-8" standalone="yes"?>
<ns2:generic-properties xmlns:ns2="http://www.openspcoop2.org/core/config" nome="PKCS11-JwsResponse" tipologia="attributeAuthority" tipo="attributeAuthority">
    <ns2:property nome="policy.endpoint.proxy.stato" valore="false"/>
    <ns2:property nome="policy.endpoint.https.client.stato" valore="false"/>
    <ns2:property nome="policy.attributeAuthority.request.contentType" valore="application/json"/>
    <ns2:property nome="signatureVerifyPropRefId_@@@_rs.security.keystore.type" valore="pkcs11-server"/>
    <ns2:property nome="policy.attributeAuthority.request.template" valore="{&#10;   &quot;attributes&quot;: [${requiredAttributes:jsonList()}]&#10;}"/>
    <ns2:property nome="policy.endpoint.bearer.stato" valore="false"/>
    <ns2:property nome="policy.attributeAuthority.httpMethod" valore="POST"/>
    <ns2:property nome="signatureVerifyPropRefId_@@@_rs.security.keystore.alias" valore="server2_hsm"/>
    <ns2:property nome="policy.attributeAuthority.request.position" valore="payload"/>
    <ns2:property nome="policy.endpoint.basic.stato" valore="false"/>
    <ns2:property nome="policy.saveErrorInCache" valore="false"/>
    <ns2:property nome="policy.endpoint.url" valore="http://127.0.0.1:8080/govway/SoggettoInternoTest/AuthorizationServerDummy/v1/aaJwsRes/JWSResponse"/>
    <ns2:property nome="policy.endpoint.https.stato" valore="false"/>
    <ns2:property nome="policy.attributeAuthority.response.type" valore="jws"/>
    <ns2:property nome="endpointConfig_@@@_connectionTimeout" valore="10000"/>
    <ns2:property nome="policy.attributeAuthority.response.jwt.attributes" valore="a1,a2"/>
    <ns2:property nome="signatureVerifyPropRefId_@@@_rs.security.keystore.file" valore="HSM-pkcs11-server"/>
    <ns2:property nome="endpointConfig_@@@_readConnectionTimeout" valore="120000"/>
    <ns2:property nome="policy.attributeAuthority.request.templateType" valore="template"/>
    <ns2:property nome="policy.attributeAuthority.request.type" valore="json"/>
    <ns2:property nome="signatureVerifyPropRefId_@@@_rs.security.keystore.password" valore="-"/>
</ns2:generic-properties>
