<?xml version="1.0" encoding="UTF-8" standalone="yes"?>
<ns2:generic-properties xmlns:ns2="http://www.openspcoop2.org/core/config" nome="TempiRispostaAAValidazioneRispostaJwtConnectionTimeout" tipologia="attributeAuthority" tipo="attributeAuthority">
    <ns2:property nome="policy.endpoint.proxy.stato" valore="false"/>
    <ns2:property nome="policy.endpoint.https.client.stato" valore="false"/>
    <ns2:property nome="signatureVerifyPropRefId_@@@_rs.security.keystore.type" valore="jwk"/>
    <ns2:property nome="policy.attributeAuthority.request.template" valore="test"/>
    <ns2:property nome="policy.endpoint.bearer.stato" valore="false"/>
    <ns2:property nome="policy.attributeAuthority.httpMethod" valore="GET"/>
    <ns2:property nome="policy.attributeAuthority.request.position" valore="query"/>
    <ns2:property nome="policy.endpoint.basic.stato" valore="false"/>
    <ns2:property nome="policy.endpoint.url" valore="http://127.0.0.1:8080/TestService/echo?problem=true"/>
    <ns2:property nome="policy.endpoint.https.stato" valore="false"/>
    <ns2:property nome="signatureVerifyPropRefId_@@@_rs.security.keystore.alias.mode" valore="kid"/>
    <ns2:property nome="policy.attributeAuthority.response.type" valore="jws"/>
    <ns2:property nome="endpointConfig_@@@_connectionTimeout" valore="10"/>
    <ns2:property nome="policy.attributeAuthority.request.position.queryParameter" valore="test"/>
    <ns2:property nome="policy.attributeAuthority.response.jwt.attributes" valore="a"/>
    <ns2:property nome="signatureVerifyPropRefId_@@@_rs.security.keystore.file" valore="http://127.0.2.2:7777/"/>
    <ns2:property nome="endpointConfig_@@@_readConnectionTimeout" valore="10000"/>
    <ns2:property nome="policy.attributeAuthority.request.templateType" valore="template"/>
    <ns2:property nome="policy.attributeAuthority.request.type" valore="custom"/>
    <ns2:proprieta-oggetto utente-richiedente="amministratore" data-creazione="2024-03-20T15:01:17.882+01:00"/>
</ns2:generic-properties>
