<?xml version="1.0" encoding="UTF-8" standalone="yes"?>
<ns2:generic-properties xmlns:ns2="http://www.openspcoop2.org/core/config" nome="TestPlugins" descrizione="Utilizzato dalla testsuite di govway" tipologia="attributeAuthority" tipo="attributeAuthority">
    <ns2:property nome="policy.endpoint.proxy.stato" valore="false"/>
    <ns2:property nome="policy.endpoint.https.client.stato" valore="false"/>
    <ns2:property nome="policy.attributeAuthority.request.contentType" valore="application/json"/>
    <ns2:property nome="policy.attributeAuthority.request.template" valore="{&quot;test&quot;:&quot;test&quot;}"/>
    <ns2:property nome="policy.endpoint.bearer.stato" valore="false"/>
    <ns2:property nome="policy.attributeAuthority.httpMethod" valore="POST"/>
    <ns2:property nome="policy.attributeAuthority.request.position" valore="payload"/>
    <ns2:property nome="policy.endpoint.basic.stato" valore="false"/>
    <ns2:property nome="policy.saveErrorInCache" valore="false"/>
    <ns2:property nome="policy.endpoint.url" valore="http://127.0.0.1:8080/TestService/echo?destFile=/tmp/aaResponse-${header:test-govway-role}.json&amp;destFileContentType=application/json"/>
    <ns2:property nome="policy.attributeAuthority.claimsParser.className" valore="-"/>
    <ns2:property nome="policy.endpoint.https.stato" valore="false"/>
    <ns2:property nome="policy.attributeAuthority.response.type" valore="custom"/>
    <ns2:property nome="policy.attributeAuthority.claimsParser.pluginType" valore="testAA"/>
    <ns2:property nome="endpointConfig_@@@_connectionTimeout" valore="5000"/>
    <ns2:property nome="endpointConfig_@@@_readConnectionTimeout" valore="10000"/>
    <ns2:property nome="policy.attributeAuthority.request.templateType" valore="template"/>
    <ns2:property nome="policy.attributeAuthority.request.type" valore="custom"/>
</ns2:generic-properties>
