<?xml version="1.0" encoding="UTF-8" standalone="yes"?>
<ns2:generic-properties xmlns:ns2="http://www.openspcoop2.org/core/config" nome="TestValidityCheckByX5C" tipologia="attributeAuthority" tipo="attributeAuthority">
    <ns2:property nome="policy.endpoint.proxy.stato" valore="false"/>
    <ns2:property nome="policy.endpoint.https.client.stato" valore="false"/>
    <ns2:property nome="signatureVerifyPropRefId_@@@_rs.security.keystore.type" valore="jks"/>
    <ns2:property nome="policy.attributeAuthority.request.template" valore="test"/>
    <ns2:property nome="policy.endpoint.bearer.stato" valore="false"/>
    <ns2:property nome="policy.attributeAuthority.httpMethod" valore="GET"/>
    <ns2:property nome="policy.attributeAuthority.request.position" valore="query"/>
    <ns2:property nome="policy.endpoint.basic.stato" valore="false"/>
    <ns2:property nome="policy.saveErrorInCache" valore="false"/>
    <ns2:property nome="policy.endpoint.url" valore="http://127.0.0.1:8080/TestService/echo?destFile=${header:tokenjwtresponse}"/>
    <ns2:property nome="policy.endpoint.https.stato" valore="false"/>
    <ns2:property nome="signatureVerifyPropRefId_@@@_rs.security.keystore.alias.mode" valore="x5c"/>
    <ns2:property nome="policy.attributeAuthority.response.type" valore="jws"/>
    <ns2:property nome="enableRevocation" valore="false"/>
    <ns2:property nome="endpointConfig_@@@_connectionTimeout" valore="5000"/>
    <ns2:property nome="policy.attributeAuthority.request.position.queryParameter" valore="test"/>
    <ns2:property nome="policy.attributeAuthority.response.jwt.attributes" valore="iss"/>
    <ns2:property nome="signatureVerifyPropRefId_@@@_rs.security.keystore.file" valore="/etc/govway/keys/xca/trustStore_certificati.jks"/>
    <ns2:property nome="endpointConfig_@@@_readConnectionTimeout" valore="10000"/>
    <ns2:property nome="policy.attributeAuthority.request.templateType" valore="template"/>
    <ns2:property nome="policy.attributeAuthority.request.type" valore="custom"/>
    <ns2:property nome="signatureVerifyPropRefId_@@@_rs.security.keystore.password" valore="123456"/>
    <ns2:proprieta-oggetto utente-richiedente="amministratore" data-creazione="2024-09-26T12:31:35.320+02:00" utente-ultima-modifica="amministratore" data-ultima-modifica="2024-09-26T12:32:56.172+02:00"/>
</ns2:generic-properties>
