<?xml version="1.0" encoding="UTF-8" standalone="yes"?>
<ns2:servizio-applicativo xmlns:ns2="http://www.openspcoop2.org/core/config" nome="gw_SoggettoInternoTest/gw_InPresenzaDegradoServizioRest/v1" use-as-client="false">
    <ns2:invocazione-porta invio-per-riferimento="disabilitato" sbustamento-informazioni-protocollo="abilitato">
        <ns2:gestione-errore fault="soap"/>
    </ns2:invocazione-porta>
    <ns2:invocazione-servizio sbustamento-soap="disabilitato" sbustamento-informazioni-protocollo="abilitato" get-message="disabilitato" autenticazione="none" invio-per-riferimento="disabilitato" risposta-per-riferimento="disabilitato">
        <ns2:connettore tipo="http" nome="ConnettoreINV_gw_SoggettoInternoTest/gw_InPresenzaDegradoServizioRest/v1_gwSoggettoInternoTest">
            <ns2:property nome="connectionTimeout" valore="10000"/>
            <ns2:property nome="readConnectionTimeout" valore="120000"/>
            <ns2:property nome="avgResponseTime" valore="2000"/>
            <ns2:property nome="location" valore="http://localhost:8080/TestService/echo"/>
        </ns2:connettore>
    </ns2:invocazione-servizio>
    <ns2:risposta-asincrona sbustamento-soap="disabilitato" sbustamento-informazioni-protocollo="abilitato" get-message="disabilitato" autenticazione="none" invio-per-riferimento="disabilitato" risposta-per-riferimento="disabilitato">
        <ns2:connettore tipo="disabilitato" nome="ConnettoreRISP_gw_SoggettoInternoTest/gw_InPresenzaDegradoServizioRest/v1_gwSoggettoInternoTest"/>
    </ns2:risposta-asincrona>
</ns2:servizio-applicativo>
