<?xml version="1.0" encoding="UTF-8" standalone="yes"?>
<fruitore xmlns="http://www.openspcoop2.org/core/registry" tipo="gw" nome="SoggettoInternoTestFruitore" ora-registrazione="2021-04-02T10:31:50.444+02:00">
    <connettore tipo="http" nome="CNT_SF_gw/SoggettoInternoTestFruitore_gw/SoggettoInternoTest_gw/TestRegistrazioneMessaggiREST/1">
        <property nome="location" valore="http://127.0.0.1:8080/TestService/echo"/>
    </connettore>
    <configurazione-azione>
        <connettore tipo="http" nome="CNT_SF_AZIONE_gw/SoggettoInternoTestFruitore_gw/SoggettoInternoTest_gw/TestRegistrazioneMessaggiREST/1_dumpBinarioConnettore">
            <property nome="debug" valore="true"/>
            <property nome="location" valore="http://127.0.0.1:8080/TestService/echo?dumpBinarioLog=true"/>
        </connettore>
        <azione>dumpBinarioConnettore</azione>
    </configurazione-azione>
</fruitore>
