<?xml version="1.0" encoding="UTF-8" standalone="yes"?>
<accordo-servizio-parte-comune xmlns="http://www.openspcoop2.org/core/registry" service-binding="rest" nome="RestExampleForResponse" profilo-collaborazione="oneway" formato-specifica="openApi3" utilizzo-senza-azione="true" filtro-duplicati="disabilitato" conferma-ricezione="disabilitato" id-collaborazione="disabilitato" id-riferimento-richiesta="disabilitato" consegna-in-ordine="disabilitato" ora-registrazione="2019-09-11T14:34:08.919+02:00" versione="2">
    <soggetto-referente tipo="as4" nome="Red"/>
    <resource nome="testResponsePushAndPush" path="/￼testResponsePushAndPush" filtro-duplicati="disabilitato" conferma-ricezione="disabilitato" id-collaborazione="abilitato" id-riferimento-richiesta="abilitato" consegna-in-ordine="disabilitato">
        <request/>
        <protocol-property name="ebmsActionCompressPayload" boolean-value="true"/>
        <protocol-property name="ebmsActionPayloadProfile" value="DefaultJsonProfile"/>
        <protocol-property name="ebmsActionPropertySet" value="ecodexPropertySet"/>
        <protocol-property name="ebmsUserMessageCollaborationInfoAction" value="bdx:action.rest:2:testResponsePushAndPush"/>
        <protocol-property name="ebmsUserMessageCollaborationInfoActionBinding" value="pushAndPush"/>
    </resource>
    <protocol-property name="ebmsServicePayloadProfile" file="jsonProfile.xml"/>
    <protocol-property name="ebmsServiceProperties" file="requiredProperties.xml"/>
    <protocol-property name="ebmsUserMessageCollaborationInfoService" value="bdx:noprocessResponse"/>
    <protocol-property name="ebmsUserMessageCollaborationInfoServiceType"/>
</accordo-servizio-parte-comune>
