<?xml version="1.0" encoding="UTF-8" standalone="yes"?>
<accordo-servizio-parte-comune xmlns="http://www.openspcoop2.org/core/registry" service-binding="soap" nome="Cancellazione2000" profilo-collaborazione="sincrono" formato-specifica="wsdl11" utilizzo-senza-azione="true" filtro-duplicati="disabilitato" conferma-ricezione="disabilitato" id-collaborazione="disabilitato" id-riferimento-richiesta="disabilitato" consegna-in-ordine="disabilitato" ora-registrazione="2020-03-10T10:49:37.127+01:00" versione="1">
    <soggetto-referente tipo="gw" nome="@OPENSPCOOP2_NOME_SOGGETTO_DEFAULT@"/>
    <port-type nome="AnprPortType2000" style="document" profilo-collaborazione="sincrono" filtro-duplicati="abilitato">
        <azione nome="annullamento_Cancellazione" profilo-collaborazione="sincrono" filtro-duplicati="abilitato">
            <message-input use="literal">
                <part name="request" element-name="Richiesta2011" element-namespace="http://sogei.it/ANPR/2000cancellazione"/>
            </message-input>
            <message-output use="literal">
                <part name="response" element-name="Risposta2011" element-namespace="http://sogei.it/ANPR/2000cancellazione"/>
            </message-output>
        </azione>
        <azione nome="cancellazione_AltriMotivi" profilo-collaborazione="sincrono" filtro-duplicati="abilitato">
            <message-input use="literal">
                <part name="request" element-name="Richiesta2003" element-namespace="http://sogei.it/ANPR/2000cancellazione"/>
            </message-input>
            <message-output use="literal">
                <part name="response" element-name="Risposta2003" element-namespace="http://sogei.it/ANPR/2000cancellazione"/>
            </message-output>
        </azione>
        <azione nome="cancellazione_Archiviazione_Scheda_Convivenza" profilo-collaborazione="sincrono" filtro-duplicati="abilitato">
            <message-input use="literal">
                <part name="request" element-name="Richiesta2009" element-namespace="http://sogei.it/ANPR/2000cancellazione"/>
            </message-input>
            <message-output use="literal">
                <part name="response" element-name="Risposta2009" element-namespace="http://sogei.it/ANPR/2000cancellazione"/>
            </message-output>
        </azione>
        <azione nome="decesso" profilo-collaborazione="sincrono" filtro-duplicati="abilitato">
            <message-input use="literal">
                <part name="request" element-name="Richiesta2001" element-namespace="http://sogei.it/ANPR/2000cancellazione"/>
            </message-input>
            <message-output use="literal">
                <part name="response" element-name="Risposta2001" element-namespace="http://sogei.it/ANPR/2000cancellazione"/>
            </message-output>
        </azione>
    </port-type>
    <allegato tipo="xsd" file="2000cancellazione.xsd" ora-registrazione="2020-03-10T10:52:10.430+01:00"/>
    <allegato tipo="xsd" file="rispostaComune.xsd" ora-registrazione="2020-03-10T10:52:52.550+01:00"/>
    <allegato tipo="xsd" file="tipoDato.xsd" ora-registrazione="2020-03-10T10:53:39.946+01:00"/>
    <allegato tipo="xsd" file="vocabolario2000cancellazione.xsd" ora-registrazione="2020-03-10T10:53:39.946+01:00"/>
    <allegato tipo="xsd" file="vocabolarioRispostaComune.xsd" ora-registrazione="2020-03-10T10:53:39.946+01:00"/> 
    <gruppi>
	<gruppo nome="ANPR"/>
    </gruppi>
</accordo-servizio-parte-comune>
