<?xml version="1.0" encoding="UTF-8" standalone="yes"?>
<ns2:servizio-applicativo xmlns:ns2="http://www.openspcoop2.org/core/config" nome="MODI-DemoNegoziazioneToken" tipo="client" use-as-client="false">
    <ns2:invocazione-porta invio-per-riferimento="disabilitato" sbustamento-informazioni-protocollo="abilitato">
        <ns2:credenziali tipo="basic" user="MODI-DemoNegoziazioneToken" password="$6$pSnFrHzfYKCYLLjh$7O.IDrzTS.F/w4AlIRakkNy6fvSuz6xiTW8vJR.afbzx44St/iZ8/sjZU1ckDS8by0W7clcWPNdhvnwINB9j1/" app-id="false" certificate-strict-verification="true"/>
        <ns2:gestione-errore fault="soap"/>
    </ns2:invocazione-porta>
    <ns2:invocazione-servizio sbustamento-soap="disabilitato" sbustamento-informazioni-protocollo="abilitato" get-message="disabilitato" autenticazione="none" invio-per-riferimento="disabilitato" risposta-per-riferimento="disabilitato">
        <ns2:connettore tipo="disabilitato" nome="ConnettoreINV_MODI-DemoNegoziazioneToken_gwENTE"/>
    </ns2:invocazione-servizio>
    <ns2:risposta-asincrona sbustamento-soap="disabilitato" sbustamento-informazioni-protocollo="abilitato" get-message="disabilitato" autenticazione="none" invio-per-riferimento="disabilitato" risposta-per-riferimento="disabilitato">
        <ns2:connettore tipo="disabilitato" nome="ConnettoreRISP_MODI-DemoNegoziazioneToken_gwENTE"/>
    </ns2:risposta-asincrona>
</ns2:servizio-applicativo>
