<?xml version="1.0" encoding="UTF-8"?>
<accordo-servizio-parte-comune xmlns="http://www.openspcoop2.org/core/registry" nome="SdIRiceviFile" profilo-collaborazione="oneway" versione="1">
    	<soggetto-referente tipo="SPC" nome="CentroServiziFatturaPA"/>
	<port-type nome="SdIRiceviFile" profilo-collaborazione="sincrono" style="document">
	    <azione nome="RiceviFile" profilo-collaborazione="sincrono">
		<message-input use="literal"
		    soap-namespace="http://www.fatturapa.gov.it/sdi/ws/trasmissione/v1.0">
		    <part name="parametersIn" element-name="fileSdIAccoglienza"
		        element-namespace="http://www.fatturapa.gov.it/sdi/ws/trasmissione/v1.0/types"
		    />
		</message-input>
		<message-output use="literal"
		    soap-namespace="http://www.fatturapa.gov.it/sdi/ws/trasmissione/v1.0">
		    <part name="parametersOut" element-name="rispostaSdIRiceviFile"
		        element-namespace="http://www.fatturapa.gov.it/sdi/ws/trasmissione/v1.0/types"
		    />
		</message-output>
	    </azione>
	</port-type>
	<allegato tipo="XSD" file="TrasmissioneTypes_v1.0.xsd"/>
</accordo-servizio-parte-comune>
