<?xml version="1.0" encoding="UTF-8" standalone="yes"?>
<ns2:porta-applicativa xmlns:ns2="http://www.openspcoop2.org/core/config" nome="__gw_SoggettoInternoVaultTest/gw_TestXmlSecurity/v1__Specific1" descrizione="Internal Implementation 'Specific1' for gw_SoggettoInternoVaultTest/gw_TestXmlSecurity/v1" ricevuta-asincrona-simmetrica="abilitato" ricevuta-asincrona-asimmetrica="abilitato" allega-body="disabilitato" scarta-body="disabilitato" autenticazione="none" autenticazione-opzionale="disabilitato" autorizzazione="none" ricerca-porta-azione-delegata="disabilitato" stato="abilitato">
    <ns2:servizio tipo="gw" nome="TestXmlSecurity" versione="1"/>
    <ns2:azione identificazione="delegatedBy" nome-porta-delegante="gw_SoggettoInternoVaultTest/gw_TestXmlSecurity/v1" force-interface-based="disabilitato">
        <ns2:azione-delegata>signature</ns2:azione-delegata>
    </ns2:azione>
    <ns2:servizio-applicativo nome="gw_SoggettoInternoVaultTest/gw_TestXmlSecurity/v1"/>
    <ns2:message-security>
        <ns2:request-flow mode="messageSecurity.xml.receiver.signature">
            <ns2:parameter nome="signatureTrustStorePropRefId_@@@_org.apache.ws.security.crypto.merlin.keystore.password" valore="openspcoop"/>
            <ns2:parameter nome="signatureTrustStorePropRefId_@@@_org.apache.ws.security.crypto.merlin.file" valore="/etc/govway/keys/erogatore.jks"/>
            <ns2:parameter nome="action" valore="Signature"/>
            <ns2:parameter nome="signatureUser" valore="client1_hsm"/>
            <ns2:parameter nome="signatureTrustStorePropRefId_@@@_org.apache.ws.security.crypto.merlin.keystore.type" valore="jks"/>
            <ns2:parameter nome="securityEngine" valore="xml"/>
            <ns2:parameter nome="detachSecurityInfo" valore="true"/>
        </ns2:request-flow>
        <ns2:response-flow mode="messageSecurity.xml.sender.signature">
            <ns2:parameter nome="keyInfoAlias" valore="server_hsm"/>
            <ns2:parameter nome="signaturePropRefId_@@@_org.apache.ws.security.crypto.merlin.file" valore="HSM-pkcs11-server"/>
            <ns2:parameter nome="securityEngine" valore="xml"/>
            <ns2:parameter nome="signaturePassword" valore="-"/>
            <ns2:parameter nome="signatureKeyInfo" valore="true"/>
            <ns2:parameter nome="keyInfo" valore="x509"/>
            <ns2:parameter nome="signatureAlgorithm" valore="http://www.w3.org/2001/04/xmldsig-more#rsa-sha256"/>
            <ns2:parameter nome="signaturePropRefId_@@@_org.apache.ws.security.crypto.merlin.keystore.type" valore="pkcs11-server"/>
            <ns2:parameter nome="signatureDigestAlgorithm" valore="http://www.w3.org/2001/04/xmlenc#sha256"/>
            <ns2:parameter nome="action" valore="Signature"/>
            <ns2:parameter nome="signatureUser" valore="server_hsm"/>
            <ns2:parameter nome="signaturePropRefId_@@@_org.apache.ws.security.crypto.merlin.keystore.password" valore="-"/>
            <ns2:parameter nome="signatureC14nAlgorithm" valore="http://www.w3.org/2001/10/xml-exc-c14n#"/>
        </ns2:response-flow>
    </ns2:message-security>
    <ns2:dump realtime="abilitato">
        <ns2:richiesta-ingresso payload="abilitato" payload-parsing="disabilitato" body="disabilitato" attachments="disabilitato" headers="abilitato"/>
        <ns2:richiesta-uscita payload="disabilitato" payload-parsing="disabilitato" body="disabilitato" attachments="disabilitato" headers="disabilitato"/>
        <ns2:risposta-ingresso payload="disabilitato" payload-parsing="disabilitato" body="disabilitato" attachments="disabilitato" headers="disabilitato"/>
        <ns2:risposta-uscita payload="abilitato" payload-parsing="disabilitato" body="disabilitato" attachments="disabilitato" headers="abilitato"/>
    </ns2:dump>
    <ns2:proprieta-oggetto utente-richiedente="amministratore" data-creazione="2024-07-04T14:13:41.134+02:00" utente-ultima-modifica="amministratore" data-ultima-modifica="2024-07-04T14:27:02.868+02:00"/>
</ns2:porta-applicativa>
