<?xml version="1.0" encoding="UTF-8" standalone="yes"?>
<ns2:porta-applicativa xmlns:ns2="http://www.openspcoop2.org/core/config" nome="__gw_SoggettoInternoVaultTest/gw_AuthorizationServerDummy/v1__Specific6" descrizione="Internal Implementation 'Specific6' for gw_SoggettoInternoVaultTest/gw_AuthorizationServerDummy/v1" ricevuta-asincrona-simmetrica="abilitato" ricevuta-asincrona-asimmetrica="abilitato" allega-body="disabilitato" scarta-body="disabilitato" autenticazione="ssl" autenticazione-opzionale="disabilitato" autorizzazione="authenticated" ricerca-porta-azione-delegata="disabilitato" stato="abilitato">
    <ns2:servizio tipo="gw" nome="AuthorizationServerDummy" versione="1"/>
    <ns2:azione identificazione="delegatedBy" nome-porta-delegante="gw_SoggettoInternoVaultTest/gw_AuthorizationServerDummy/v1" force-interface-based="disabilitato">
        <ns2:azione-delegata>aaSec.tipoTest</ns2:azione-delegata>
    </ns2:azione>
    <ns2:servizio-applicativo nome="gw_SoggettoInternoVaultTest/gw_AuthorizationServerDummy/v1"/>
    <ns2:servizi-applicativi-autorizzati>
        <ns2:servizio-applicativo tipo-soggetto-proprietario="gw" nome-soggetto-proprietario="SoggettoInternoVaultTestFruitore" nome="VaultClient1"/>
        <ns2:servizio-applicativo tipo-soggetto-proprietario="gw" nome-soggetto-proprietario="SoggettoInternoVaultTestFruitore" nome="VaultClient2"/>
    </ns2:servizi-applicativi-autorizzati>
    <ns2:correlazione-applicativa>
        <ns2:elemento identificazione="urlBased" pattern=".+aaSec/(.*)" identificazione-fallita="blocca" riuso-identificativo="disabilitato"/>
    </ns2:correlazione-applicativa>
    <ns2:dump realtime="abilitato">
        <ns2:richiesta-ingresso payload="abilitato" payload-parsing="disabilitato" body="disabilitato" attachments="disabilitato" headers="abilitato"/>
        <ns2:richiesta-uscita payload="disabilitato" payload-parsing="disabilitato" body="disabilitato" attachments="disabilitato" headers="disabilitato"/>
        <ns2:risposta-ingresso payload="disabilitato" payload-parsing="disabilitato" body="disabilitato" attachments="disabilitato" headers="disabilitato"/>
        <ns2:risposta-uscita payload="abilitato" payload-parsing="disabilitato" body="disabilitato" attachments="disabilitato" headers="abilitato"/>
    </ns2:dump>
    <ns2:trasformazioni>
        <ns2:regola nome="AttributiRisposta" posizione="1" stato="abilitato">
            <ns2:richiesta conversione="false"/>
            <ns2:risposta nome="AttributiRisposta" posizione="1" conversione="true" conversione-tipo="template" content-type="application/json">
                <ns2:conversione-template>ewogICJhMSI6ICJ2MSIsCiAgImEyIjogInYyIgp9Cg==</ns2:conversione-template>
            </ns2:risposta>
        </ns2:regola>
    </ns2:trasformazioni>
    <ns2:proprieta-oggetto utente-richiedente="amministratore" data-creazione="2024-07-03T17:21:54.365+02:00" utente-ultima-modifica="amministratore" data-ultima-modifica="2024-07-03T17:27:48.698+02:00"/>
</ns2:porta-applicativa>
