<?xml version="1.0" encoding="UTF-8" standalone="yes"?>
<ns2:porta-applicativa xmlns:ns2="http://www.openspcoop2.org/core/config" nome="__gw_SoggettoInternoVaultTest/gw_AuthorizationServerDummy/v1__Specific8" descrizione="Internal Implementation 'Specific8' for gw_SoggettoInternoVaultTest/gw_AuthorizationServerDummy/v1" ricevuta-asincrona-simmetrica="abilitato" ricevuta-asincrona-asimmetrica="abilitato" allega-body="disabilitato" scarta-body="disabilitato" autenticazione="none" autenticazione-opzionale="disabilitato" autorizzazione="none" ricerca-porta-azione-delegata="disabilitato" stato="abilitato">
    <ns2:servizio tipo="gw" nome="AuthorizationServerDummy" versione="1"/>
    <ns2:azione identificazione="delegatedBy" nome-porta-delegante="gw_SoggettoInternoVaultTest/gw_AuthorizationServerDummy/v1" force-interface-based="disabilitato">
        <ns2:azione-delegata>aaJwsRes.tipoTest</ns2:azione-delegata>
    </ns2:azione>
    <ns2:servizio-applicativo nome="gw_SoggettoInternoVaultTest/gw_AuthorizationServerDummy/v1"/>
    <ns2:message-security>
        <ns2:response-flow mode="messageSecurity.jose.sender.signature">
            <ns2:parameter nome="joseUseHeaders" valore="false"/>
            <ns2:parameter nome="signaturePropRefId_@@@_rs.security.keystore.file" valore="/etc/govway/keys/xca/ExampleServer.p12.BYOK"/>
            <ns2:parameter nome="signaturePropRefId_@@@_rs.security.keystore.file.byok" valore="openssl-pbkdf2-unwrap"/>
            <ns2:parameter nome="signatureDetached" valore="false"/>
            <ns2:parameter nome="signaturePropRefId_@@@_rs.security.keystore.type" valore="pkcs12"/>
            <ns2:parameter nome="action" valore="Signature"/>
            <ns2:parameter nome="signaturePropRefId_@@@_rs.security.keystore.alias" valore="ExampleServer"/>
            <ns2:parameter nome="securityEngine" valore="jose"/>
            <ns2:parameter nome="signaturePropRefId_@@@_rs.security.signature.algorithm" valore="RS256"/>
            <ns2:parameter nome="signaturePropRefId_@@@_rs.security.keystore.password" valore="123456"/>
            <ns2:parameter nome="signatureMode" valore="compact"/>
            <ns2:parameter nome="signaturePropRefId_@@@_rs.security.key.password" valore="123456"/>
        </ns2:response-flow>
    </ns2:message-security>
    <ns2:correlazione-applicativa>
        <ns2:elemento identificazione="urlBased" pattern=".+aaJwsRes/(.*)" identificazione-fallita="blocca" riuso-identificativo="disabilitato"/>
    </ns2:correlazione-applicativa>
    <ns2:dump realtime="abilitato">
        <ns2:richiesta-ingresso payload="abilitato" payload-parsing="disabilitato" body="disabilitato" attachments="disabilitato" headers="abilitato"/>
        <ns2:richiesta-uscita payload="disabilitato" payload-parsing="disabilitato" body="disabilitato" attachments="disabilitato" headers="disabilitato"/>
        <ns2:risposta-ingresso payload="disabilitato" payload-parsing="disabilitato" body="disabilitato" attachments="disabilitato" headers="disabilitato"/>
        <ns2:risposta-uscita payload="abilitato" payload-parsing="disabilitato" body="disabilitato" attachments="disabilitato" headers="abilitato"/>
    </ns2:dump>
    <ns2:trasformazioni>
        <ns2:regola nome="AttributiRisposta" posizione="1" stato="abilitato">
            <ns2:richiesta conversione="false"/>
            <ns2:risposta nome="AttributiRisposta" posizione="1" conversione="true" conversione-tipo="template" content-type="application/json">
                <ns2:conversione-template>ewogICJhMSI6ICJ2MSIsCiAgImEyIjogInYyIgp9Cg==</ns2:conversione-template>
            </ns2:risposta>
        </ns2:regola>
    </ns2:trasformazioni>
    <ns2:proprieta-oggetto utente-richiedente="amministratore" data-creazione="2024-07-04T14:13:40.363+02:00" utente-ultima-modifica="amministratore" data-ultima-modifica="2024-07-04T14:27:01.127+02:00"/>
</ns2:porta-applicativa>
