<?xml version="1.0" encoding="UTF-8" standalone="yes"?>
<ns2:porta-applicativa xmlns:ns2="http://www.openspcoop2.org/core/config" nome="__gw_SoggettoInternoVaultTest/gw_TestWSSecurity/v1__Specific5" descrizione="Internal Implementation 'Specific5' for gw_SoggettoInternoVaultTest/gw_TestWSSecurity/v1" ricevuta-asincrona-simmetrica="abilitato" ricevuta-asincrona-asimmetrica="abilitato" allega-body="disabilitato" scarta-body="disabilitato" autenticazione="none" autenticazione-opzionale="disabilitato" autorizzazione="none" ricerca-porta-azione-delegata="disabilitato" stato="abilitato">
    <ns2:servizio tipo="gw" nome="TestWSSecurity" versione="1"/>
    <ns2:azione identificazione="delegatedBy" nome-porta-delegante="gw_SoggettoInternoVaultTest/gw_TestWSSecurity/v1" force-interface-based="disabilitato">
        <ns2:azione-delegata>saml-holder-of-key</ns2:azione-delegata>
    </ns2:azione>
    <ns2:servizio-applicativo nome="gw_SoggettoInternoVaultTest/gw_TestWSSecurity/v1"/>
    <ns2:message-security>
        <ns2:request-flow mode="messageSecurity.wss4j.receiver.saml">
            <ns2:parameter nome="signaturePropRefId_@@@_org.apache.ws.security.crypto.merlin.file" valore="/etc/govway/keys/erogatore.jks"/>
            <ns2:parameter nome="isBSPCompliant" valore="false"/>
            <ns2:parameter nome="securityEngine" valore="wss4j"/>
            <ns2:parameter nome="samlVersion" valore="2.0"/>
            <ns2:parameter nome="signaturePropRefId_@@@_org.apache.ws.security.crypto.provider" valore="org.openspcoop2.security.keystore.MerlinProvider"/>
            <ns2:parameter nome="detachSecurityInfo" valore="true"/>
            <ns2:parameter nome="signatureActionChoice" valore="true"/>
            <ns2:parameter nome="enableRevocation" valore="false"/>
            <ns2:parameter nome="validateSamlSubjectConfirmation" valore="true"/>
            <ns2:parameter nome="signaturePropRefId_@@@_org.apache.ws.security.crypto.merlin.keystore.type" valore="jks"/>
            <ns2:parameter nome="validateSamlSubjectConfirmationType" valore="holder-of-key"/>
            <ns2:parameter nome="action" valore="Signature SAMLTokenSigned"/>
            <ns2:parameter nome="signaturePropRefId_@@@_org.apache.ws.security.crypto.merlin.keystore.password" valore="openspcoop"/>
            <ns2:parameter nome="mustUnderstand" valore="false"/>
        </ns2:request-flow>
        <ns2:response-flow mode="messageSecurity.wss4j.sender.saml">
            <ns2:parameter nome="samlPropRefId_@@@_openspcoop2.saml.version" valore="2.0"/>
            <ns2:parameter nome="samlPropRefId_@@@_openspcoop2.saml.subject.confirmation.data.address" valore="address"/>
            <ns2:parameter nome="actor" valore="actorExample"/>
            <ns2:parameter nome="signatureActionChoice" valore="true"/>
            <ns2:parameter nome="confirmationtTimeMode" valore="default"/>
            <ns2:parameter nome="issuerFormatCustomChoise" valore="false"/>
            <ns2:parameter nome="samlPropRefId_@@@_openspcoop2.saml.attribute.statement.enabled" valore="false"/>
            <ns2:parameter nome="signaturePropRefId_convertParamsIntoSamlPropRefId_holderOfKey" valore="samlPropRefId"/>
            <ns2:parameter nome="signaturePropRefId_@@@_org.apache.ws.security.crypto.merlin.keystore.password" valore="-"/>
            <ns2:parameter nome="samlPropRefId_@@@_openspcoop2.saml.issuer.value" valore="TestReponseIssuer"/>
            <ns2:parameter nome="samlPropRefId_@@@_openspcoop2.saml.authn.statement.enabled" valore="false"/>
            <ns2:parameter nome="signatureKeyIdentifier" valore="IssuerSerial"/>
            <ns2:parameter nome="mustUnderstand" valore="true"/>
            <ns2:parameter nome="samlPropRefId_@@@_openspcoop2.saml.issuer.qualifier" valore="TestReponseQualifierIssuer"/>
            <ns2:parameter nome="samlPropRefId_@@@_openspcoop2.saml.subject.nameID.value" valore="TestReponseSubject"/>
            <ns2:parameter nome="securityEngine" valore="wss4j"/>
            <ns2:parameter nome="signaturePassword" valore="-"/>
            <ns2:parameter nome="signatureSamlSubjectConfirmationHolderOfKey" valore="true"/>
            <ns2:parameter nome="signaturePropRefId_@@@_org.apache.ws.security.crypto.provider" valore="org.openspcoop2.security.keystore.MerlinProvider"/>
            <ns2:parameter nome="includeSignatureToken" valore="true"/>
            <ns2:parameter nome="passwordCallbackRef" valore="true"/>
            <ns2:parameter nome="samlPropRefId_@@@_openspcoop2.saml.subject.nameID.qualifier" valore="TestReponseQualifiedSubject"/>
            <ns2:parameter nome="signaturePropRefId_@@@_org.apache.ws.security.crypto.merlin.keystore.type" valore="pkcs11-server"/>
            <ns2:parameter nome="samlPropRefId_@@@_openspcoop2.saml.conditions.notOnOrAfter.minutes" valore="60"/>
            <ns2:parameter nome="samlPropRefId_@@@_openspcoop2.saml.subject.nameID.format" valore="X509_SUBJECT"/>
            <ns2:parameter nome="signatureDigestAlgorithm" valore="http://www.w3.org/2001/04/xmlenc#sha256"/>
            <ns2:parameter nome="samlPropRefId_@@@_openspcoop2.saml.conditions.audienceURI" valore="TestReponseAudience"/>
            <ns2:parameter nome="action" valore="SAMLTokenUnsigned Signature"/>
            <ns2:parameter nome="signatureUser" valore="server_hsm"/>
            <ns2:parameter nome="signatureParts" valore="{Element}{SOAP_TEMPLATE_NS}Body; {Element}{SAML_TEMPLATE_NS}Assertion"/>
            <ns2:parameter nome="samlPropRefId_@@@_openspcoop2.saml.subject.confirmation.data.recipient" valore="r1"/>
            <ns2:parameter nome="samlPropRefId_@@@_openspcoop2.saml.assertion.sign" valore="true"/>
            <ns2:parameter nome="subjectConfirmationMethodCustomChoise" valore="false"/>
            <ns2:parameter nome="samlPropRefId_@@@_openspcoop2.saml.conditions.notBefore.minutes" valore="0"/>
            <ns2:parameter nome="samlPropRefId_@@@_openspcoop2.saml.subject.confirmation.method" valore="HOLDER_OF_KEY"/>
            <ns2:parameter nome="___action" valore="signatureActionSignedConfirmation_@@_signatureActionSignedConfirmationSignature"/>
            <ns2:parameter nome="samlPropRefId_@@@_openspcoop2.saml.assertion.sign.sendKeyValue" valore="true"/>
            <ns2:parameter nome="samlPropRefId_@@@_openspcoop2.saml.issuer.format" valore="X509_SUBJECT"/>
            <ns2:parameter nome="signatureC14nAlgorithmExclusive" valore="http://www.w3.org/2001/10/xml-exc-c14n#"/>
            <ns2:parameter nome="samlPropRefId_@@@_openspcoop2.saml.subject.confirmation.data.inResponseTo" valore="test"/>
            <ns2:parameter nome="signaturePropRefId_@@@_org.apache.ws.security.crypto.merlin.file" valore="HSM-pkcs11-server"/>
            <ns2:parameter nome="subjectFormatCustomChoise" valore="false"/>
            <ns2:parameter nome="samlPropRefId_@@@_openspcoop2.keystoreCache" valore="true"/>
            <ns2:parameter nome="signatureAlgorithm" valore="http://www.w3.org/2001/04/xmldsig-more#rsa-sha256"/>
            <ns2:parameter nome="signaturePropRefId_convertParamsIntoSamlPropRefId" valore="samlPropRefId"/>
        </ns2:response-flow>
    </ns2:message-security>
    <ns2:dump realtime="abilitato">
        <ns2:richiesta-ingresso payload="abilitato" payload-parsing="disabilitato" body="disabilitato" attachments="disabilitato" headers="abilitato"/>
        <ns2:richiesta-uscita payload="disabilitato" payload-parsing="disabilitato" body="disabilitato" attachments="disabilitato" headers="disabilitato"/>
        <ns2:risposta-ingresso payload="disabilitato" payload-parsing="disabilitato" body="disabilitato" attachments="disabilitato" headers="disabilitato"/>
        <ns2:risposta-uscita payload="abilitato" payload-parsing="disabilitato" body="disabilitato" attachments="disabilitato" headers="abilitato"/>
    </ns2:dump>
    <ns2:proprieta-oggetto utente-richiedente="amministratore" data-creazione="2024-07-04T14:13:41.110+02:00" utente-ultima-modifica="amministratore" data-ultima-modifica="2024-07-04T14:27:02.828+02:00"/>
</ns2:porta-applicativa>
