<?xml version="1.0" encoding="UTF-8" standalone="yes"?>
<ns2:porta-applicativa xmlns:ns2="http://www.openspcoop2.org/core/config" nome="__gw_SoggettoInternoVaultTest/gw_TestVaultJoseSecurity/v1__Specific4" descrizione="Internal Implementation 'Specific4' for gw_SoggettoInternoVaultTest/gw_TestVaultJoseSecurity/v1" ricevuta-asincrona-simmetrica="abilitato" ricevuta-asincrona-asimmetrica="abilitato" allega-body="disabilitato" scarta-body="disabilitato" autenticazione="none" autenticazione-opzionale="disabilitato" autorizzazione="none" ricerca-porta-azione-delegata="disabilitato" stato="abilitato">
    <ns2:servizio tipo="gw" nome="TestVaultJoseSecurity" versione="1"/>
    <ns2:azione identificazione="delegatedBy" nome-porta-delegante="gw_SoggettoInternoVaultTest/gw_TestVaultJoseSecurity/v1" force-interface-based="disabilitato">
        <ns2:azione-delegata>encrypt-header</ns2:azione-delegata>
    </ns2:azione>
    <ns2:servizio-applicativo nome="gw_SoggettoInternoVaultTest/gw_TestVaultJoseSecurity/v1"/>
    <ns2:message-security>
        <ns2:request-flow mode="messageSecurity.jose.receiver.encrypt">
            <ns2:parameter nome="joseUseHeaders.truststore.crl.enableRevocation" valore="false"/>
            <ns2:parameter nome="joseUseHeaders.key.1.alias" valore="exampleclient1"/>
            <ns2:parameter nome="decryptionMode" valore="json"/>
            <ns2:parameter nome="joseUseHeaders.truststore.file" valore="/etc/govway/keys/xca/trustStore_ca.jks"/>
            <ns2:parameter nome="joseUseHeaders.jku" valore="false"/>
            <ns2:parameter nome="joseUseHeaders.x5t" valore="false"/>
            <ns2:parameter nome="securityEngine" valore="jose"/>
            <ns2:parameter nome="joseUseHeaders.keystore.password" valore="123456"/>
            <ns2:parameter nome="detachSecurityInfo" valore="true"/>
            <ns2:parameter nome="joseUseHeaders" valore="true"/>
            <ns2:parameter nome="joseUseHeaders.truststore.type" valore="jks"/>
            <ns2:parameter nome="joseUseHeaders.jwk" valore="false"/>
            <ns2:parameter nome="joseUseHeaders.x5u" valore="false"/>
            <ns2:parameter nome="action" valore="Decrypt"/>
            <ns2:parameter nome="joseUseHeaders.truststore.password" valore="123456"/>
            <ns2:parameter nome="joseUseHeaders.x5t256" valore="false"/>
            <ns2:parameter nome="joseUseHeaders.x5c" valore="true"/>
            <ns2:parameter nome="joseUseHeaders.kid" valore="false"/>
            <ns2:parameter nome="joseUseHeaders.keystore.mapAliasPassword" valore="01"/>
            <ns2:parameter nome="joseUseHeaders.keystore.type" valore="jks"/>
            <ns2:parameter nome="joseUseHeaders.keystore.file" valore="/etc/govway/keys/xca/ExampleClient1.p12"/>
            <ns2:parameter nome="joseUseHeaders.key.1.password" valore="123456"/>
        </ns2:request-flow>
        <ns2:response-flow mode="messageSecurity.jose.sender.encrypt">
            <ns2:parameter nome="encryptionPropRefId_@@@_rs.security.keystore.type" valore="jwk"/>
            <ns2:parameter nome="encryptionPropRefId_@@@_rs.security.encryption.include.public.key" valore="true"/>
            <ns2:parameter nome="securityEngine" valore="jose"/>
            <ns2:parameter nome="encryptionPropRefId_@@@_rs.security.encryption.key.algorithm" valore="RSA_OAEP_256"/>
            <ns2:parameter nome="joseUseHeaders" valore="true"/>
            <ns2:parameter nome="joseContentType" valore="false"/>
            <ns2:parameter nome="encryptionPropRefId_@@@_rs.security.encryption.content.algorithm" valore="A256GCM"/>
            <ns2:parameter nome="encryptionMode" valore="compact"/>
            <ns2:parameter nome="encryptionPropRefId_@@@_rs.security.keystore.file" valore="/etc/govway/keys/testJWKpublic.jwk"/>
            <ns2:parameter nome="includeExtendedHeader" valore="false"/>
            <ns2:parameter nome="encryptionPropRefId_@@@_rs.security.encryption.include.key.id" valore="false"/>
            <ns2:parameter nome="action" valore="Encrypt"/>
            <ns2:parameter nome="encryptionPropRefId_@@@_rs.security.keystore.alias" valore="c98fda52-9a37-41c0-8696-65e5022e9e44"/>
            <ns2:parameter nome="includeCertMode" valore="jwk"/>
            <ns2:parameter nome="encryptionPropRefId_@@@_rs.security.encryption.zip.algorithm" valore="NONE"/>
        </ns2:response-flow>
    </ns2:message-security>
    <ns2:dump realtime="abilitato">
        <ns2:richiesta-ingresso payload="abilitato" payload-parsing="disabilitato" body="disabilitato" attachments="disabilitato" headers="abilitato"/>
        <ns2:richiesta-uscita payload="disabilitato" payload-parsing="disabilitato" body="disabilitato" attachments="disabilitato" headers="disabilitato"/>
        <ns2:risposta-ingresso payload="disabilitato" payload-parsing="disabilitato" body="disabilitato" attachments="disabilitato" headers="disabilitato"/>
        <ns2:risposta-uscita payload="abilitato" payload-parsing="disabilitato" body="disabilitato" attachments="disabilitato" headers="abilitato"/>
    </ns2:dump>
    <ns2:proprieta-oggetto utente-richiedente="amministratore" data-creazione="2024-07-04T17:11:24.963+02:00" utente-ultima-modifica="amministratore" data-ultima-modifica="2024-07-04T17:16:23.808+02:00"/>
</ns2:porta-applicativa>
