<?xml version="1.0" encoding="UTF-8" standalone="yes"?>
<ns2:porta-applicativa xmlns:ns2="http://www.openspcoop2.org/core/config" nome="__gw_SoggettoInternoVaultTest/gw_TestXmlSecurity/v1__Specific2" descrizione="Internal Implementation 'Specific2' for gw_SoggettoInternoVaultTest/gw_TestXmlSecurity/v1" ricevuta-asincrona-simmetrica="abilitato" ricevuta-asincrona-asimmetrica="abilitato" allega-body="disabilitato" scarta-body="disabilitato" autenticazione="none" autenticazione-opzionale="disabilitato" autorizzazione="none" ricerca-porta-azione-delegata="disabilitato" stato="abilitato">
    <ns2:servizio tipo="gw" nome="TestXmlSecurity" versione="1"/>
    <ns2:azione identificazione="delegatedBy" nome-porta-delegante="gw_SoggettoInternoVaultTest/gw_TestXmlSecurity/v1" force-interface-based="disabilitato">
        <ns2:azione-delegata>encrypt</ns2:azione-delegata>
    </ns2:azione>
    <ns2:servizio-applicativo nome="gw_SoggettoInternoVaultTest/gw_TestXmlSecurity/v1"/>
    <ns2:message-security>
        <ns2:request-flow mode="messageSecurity.xml.receiver.encrypt">
            <ns2:parameter nome="decryptionPassword" valore="-"/>
            <ns2:parameter nome="decryptionPropRefId_@@@_org.apache.ws.security.crypto.merlin.file" valore="HSM-pkcs11-client2"/>
            <ns2:parameter nome="decryptionPropRefId_@@@_org.apache.ws.security.crypto.merlin.keystore.type" valore="pkcs11-client2"/>
            <ns2:parameter nome="action" valore="Encrypt"/>
            <ns2:parameter nome="securityEngine" valore="xml"/>
            <ns2:parameter nome="decryptionUser" valore="client2_hsm"/>
            <ns2:parameter nome="decryptionPropRefId_@@@_org.apache.ws.security.crypto.merlin.keystore.password" valore="-"/>
            <ns2:parameter nome="decryptionSymmetricKey" valore="false"/>
            <ns2:parameter nome="detachSecurityInfo" valore="true"/>
        </ns2:request-flow>
        <ns2:response-flow mode="messageSecurity.xml.sender.encrypt">
            <ns2:parameter nome="encryptionTrustStorePropRefId_@@@_org.apache.ws.security.crypto.merlin.file" valore="HSM-pkcs11-server"/>
            <ns2:parameter nome="encryptionTrustStorePropRefId_@@@_org.apache.ws.security.crypto.merlin.keystore.password" valore="-"/>
            <ns2:parameter nome="encryptionTrustStorePropRefId_@@@_org.apache.ws.security.crypto.merlin.keystore.type" valore="pkcs11-server"/>
            <ns2:parameter nome="encryptionKeyAlgorithm" valore="AES"/>
            <ns2:parameter nome="encryptionKeyTransportAlgorithm" valore="http://www.w3.org/2001/04/xmlenc#rsa-1_5"/>
            <ns2:parameter nome="action" valore="Encrypt"/>
            <ns2:parameter nome="encryptionDigestAlgorithm" valore="http://www.w3.org/2001/04/xmlenc#sha256"/>
            <ns2:parameter nome="securityEngine" valore="xml"/>
            <ns2:parameter nome="encryptionUser" valore="server2_hsm"/>
            <ns2:parameter nome="encryptionC14nAlgorithm" valore="http://www.w3.org/TR/2001/REC-xml-c14n-20010315#WithComments"/>
            <ns2:parameter nome="encryptionSymmetricKey" valore="false"/>
            <ns2:parameter nome="encryptionAlgorithm" valore="http://www.w3.org/2001/04/xmlenc#aes256-cbc"/>
        </ns2:response-flow>
    </ns2:message-security>
    <ns2:dump realtime="abilitato">
        <ns2:richiesta-ingresso payload="abilitato" payload-parsing="disabilitato" body="disabilitato" attachments="disabilitato" headers="abilitato"/>
        <ns2:richiesta-uscita payload="disabilitato" payload-parsing="disabilitato" body="disabilitato" attachments="disabilitato" headers="disabilitato"/>
        <ns2:risposta-ingresso payload="disabilitato" payload-parsing="disabilitato" body="disabilitato" attachments="disabilitato" headers="disabilitato"/>
        <ns2:risposta-uscita payload="abilitato" payload-parsing="disabilitato" body="disabilitato" attachments="disabilitato" headers="abilitato"/>
    </ns2:dump>
    <ns2:proprieta-oggetto utente-richiedente="amministratore" data-creazione="2024-07-03T17:21:55.643+02:00" utente-ultima-modifica="amministratore" data-ultima-modifica="2024-07-03T17:27:51.003+02:00"/>
</ns2:porta-applicativa>
