<?xml version="1.0" encoding="UTF-8" standalone="yes"?>
<ns2:porta-applicativa xmlns:ns2="http://www.openspcoop2.org/core/config" nome="__gw_SoggettoInternoVaultTest/gw_TestAttributeAuthorityVault/v1__Specific5" descrizione="Internal Implementation 'Specific5' for gw_SoggettoInternoVaultTest/gw_TestAttributeAuthorityVault/v1" ricevuta-asincrona-simmetrica="abilitato" ricevuta-asincrona-asimmetrica="abilitato" allega-body="disabilitato" scarta-body="disabilitato" autenticazione="none" autenticazione-opzionale="disabilitato" autorizzazione="none" ricerca-porta-azione-delegata="disabilitato" stato="abilitato">
    <ns2:servizio tipo="gw" nome="TestAttributeAuthorityVault" versione="1"/>
    <ns2:azione identificazione="delegatedBy" nome-porta-delegante="gw_SoggettoInternoVaultTest/gw_TestAttributeAuthorityVault/v1" force-interface-based="disabilitato">
        <ns2:azione-delegata>Vault-OtherProperties</ns2:azione-delegata>
    </ns2:azione>
    <ns2:servizio-applicativo nome="gw_SoggettoInternoVaultTest/gw_TestAttributeAuthorityVault/v1"/>
    <ns2:attribute-authority nome="Vault-OtherProperties"/>
    <ns2:proprieta-oggetto utente-richiedente="amministratore" data-creazione="2024-07-05T20:11:20.109+02:00" utente-ultima-modifica="amministratore" data-ultima-modifica="2024-07-05T20:22:32.624+02:00"/>
</ns2:porta-applicativa>
