<?xml version="1.0" encoding="UTF-8" standalone="yes"?>
<ns2:porta-applicativa xmlns:ns2="http://www.openspcoop2.org/core/config" nome="__gw_SoggettoInternoVaultTest/gw_TestVaultValidazioneAuthorizationServer/v1__Specific12" descrizione="Internal Implementation 'Specific12' for gw_SoggettoInternoVaultTest/gw_TestVaultValidazioneAuthorizationServer/v1" ricevuta-asincrona-simmetrica="abilitato" ricevuta-asincrona-asimmetrica="abilitato" allega-body="disabilitato" scarta-body="disabilitato" autenticazione="none" autenticazione-opzionale="disabilitato" autorizzazione="none" ricerca-porta-azione-delegata="disabilitato" stato="abilitato">
    <ns2:servizio tipo="gw" nome="TestVaultValidazioneAuthorizationServer" versione="1"/>
    <ns2:azione identificazione="delegatedBy" nome-porta-delegante="gw_SoggettoInternoVaultTest/gw_TestVaultValidazioneAuthorizationServer/v1" force-interface-based="disabilitato">
        <ns2:azione-delegata>Vault-OtherProperties2</ns2:azione-delegata>
    </ns2:azione>
    <ns2:servizio-applicativo nome="gw_SoggettoInternoVaultTest/gw_TestVaultValidazioneAuthorizationServer/v1"/>
    <ns2:gestione-token policy="Vault-OtherProperties2" token-opzionale="disabilitato" validazione="disabilitato" introspection="abilitato" userInfo="abilitato" forward="disabilitato"/>
    <ns2:proprieta-oggetto utente-richiedente="amministratore" data-creazione="2024-07-04T14:13:40.848+02:00" utente-ultima-modifica="amministratore" data-ultima-modifica="2024-07-04T14:27:01.935+02:00"/>
</ns2:porta-applicativa>
