<?xml version="1.0" encoding="UTF-8" standalone="yes"?>
<ns2:porta-applicativa xmlns:ns2="http://www.openspcoop2.org/core/config" nome="__gw_SoggettoInternoVaultTest/gw_TestVaultValidazioneAuthorizationServer/v1__Specific7" descrizione="Internal Implementation 'Specific7' for gw_SoggettoInternoVaultTest/gw_TestVaultValidazioneAuthorizationServer/v1" ricevuta-asincrona-simmetrica="abilitato" ricevuta-asincrona-asimmetrica="abilitato" allega-body="disabilitato" scarta-body="disabilitato" autenticazione="none" autenticazione-opzionale="disabilitato" autorizzazione="token" ricerca-porta-azione-delegata="disabilitato" stato="abilitato">
    <ns2:servizio tipo="gw" nome="TestVaultValidazioneAuthorizationServer" versione="1"/>
    <ns2:azione identificazione="delegatedBy" nome-porta-delegante="gw_SoggettoInternoVaultTest/gw_TestVaultValidazioneAuthorizationServer/v1" force-interface-based="disabilitato">
        <ns2:azione-delegata>Vault-ForwardGovWayJWS</ns2:azione-delegata>
    </ns2:azione>
    <ns2:servizio-applicativo nome="gw_SoggettoInternoVaultTest/gw_TestVaultValidazioneAuthorizationServer/v1"/>
    <ns2:gestione-token policy="Vault-ValidazioneJWS-GovWay-JWT" token-opzionale="disabilitato" validazione="abilitato" introspection="disabilitato" userInfo="disabilitato" forward="disabilitato" options="issuer=http://iss/ExampleClient1&#10;subject=testSub-ExampleClient1&#10;username=testUser-ExampleClient1&#10;clientId=testClientId-ExampleClient1&#10;audience=testAud-ExampleClient1&#10;iat=${anyValue}&#10;expire=${anyValue}&#10;processTime=${anyValue}"/>
    <ns2:proprieta-oggetto utente-richiedente="amministratore" data-creazione="2024-07-05T20:11:20.585+02:00" utente-ultima-modifica="amministratore" data-ultima-modifica="2024-07-05T20:22:33.072+02:00"/>
</ns2:porta-applicativa>
