<?xml version="1.0" encoding="UTF-8" standalone="yes"?>
<ns2:porta-applicativa xmlns:ns2="http://www.openspcoop2.org/core/config" nome="__gw_SoggettoInternoVaultTest/gw_TestJoseSecurity/v1__Specific1" descrizione="Internal Implementation 'Specific1' for gw_SoggettoInternoVaultTest/gw_TestJoseSecurity/v1" ricevuta-asincrona-simmetrica="abilitato" ricevuta-asincrona-asimmetrica="abilitato" allega-body="disabilitato" scarta-body="disabilitato" autenticazione="none" autenticazione-opzionale="disabilitato" autorizzazione="none" ricerca-porta-azione-delegata="disabilitato" stato="abilitato">
    <ns2:servizio tipo="gw" nome="TestJoseSecurity" versione="1"/>
    <ns2:azione identificazione="delegatedBy" nome-porta-delegante="gw_SoggettoInternoVaultTest/gw_TestJoseSecurity/v1" force-interface-based="disabilitato">
        <ns2:azione-delegata>signature</ns2:azione-delegata>
    </ns2:azione>
    <ns2:servizio-applicativo nome="gw_SoggettoInternoVaultTest/gw_TestJoseSecurity/v1"/>
    <ns2:message-security>
        <ns2:request-flow mode="messageSecurity.jose.receiver.signature">
            <ns2:parameter nome="joseUseHeaders" valore="false"/>
            <ns2:parameter nome="signaturePropRefId_@@@_rs.security.keystore.file" valore="/etc/govway/keys/erogatore.jks"/>
            <ns2:parameter nome="signatureDetached" valore="false"/>
            <ns2:parameter nome="signaturePropRefId_@@@_rs.security.keystore.type" valore="jks"/>
            <ns2:parameter nome="action" valore="Signature"/>
            <ns2:parameter nome="signaturePropRefId_@@@_rs.security.keystore.alias" valore="client1_hsm"/>
            <ns2:parameter nome="securityEngine" valore="jose"/>
            <ns2:parameter nome="signaturePropRefId_@@@_rs.security.keystore.password" valore="openspcoop"/>
            <ns2:parameter nome="signatureMode" valore="json"/>
            <ns2:parameter nome="detachSecurityInfo" valore="true"/>
        </ns2:request-flow>
        <ns2:response-flow mode="messageSecurity.jose.sender.signature">
            <ns2:parameter nome="signaturePropRefId_@@@_rs.security.keystore.file" valore="HSM-pkcs11-server"/>
            <ns2:parameter nome="signaturePropRefId_@@@_rs.security.keystore.alias" valore="server_hsm"/>
            <ns2:parameter nome="signaturePropRefId_@@@_rs.security.signature.include.cert" valore="true"/>
            <ns2:parameter nome="securityEngine" valore="jose"/>
            <ns2:parameter nome="signatureMode" valore="compact"/>
            <ns2:parameter nome="signaturePropRefId_@@@_rs.security.key.password" valore="-"/>
            <ns2:parameter nome="joseUseHeaders" valore="true"/>
            <ns2:parameter nome="joseContentType" valore="false"/>
            <ns2:parameter nome="includeExtendedHeader" valore="false"/>
            <ns2:parameter nome="signaturePropRefId_@@@_rs.security.keystore.type" valore="pkcs11-server"/>
            <ns2:parameter nome="signatureDetached" valore="false"/>
            <ns2:parameter nome="action" valore="Signature"/>
            <ns2:parameter nome="signaturePropRefId_@@@_rs.security.signature.algorithm" valore="RS256"/>
            <ns2:parameter nome="signaturePropRefId_@@@_rs.security.keystore.password" valore="-"/>
            <ns2:parameter nome="includeCertMode" valore="x5c"/>
            <ns2:parameter nome="includeCertShaMode" valore="-"/>
            <ns2:parameter nome="signaturePropRefId_@@@_rs.security.signature.include.key.id" valore="true"/>
        </ns2:response-flow>
    </ns2:message-security>
    <ns2:dump realtime="abilitato">
        <ns2:richiesta-ingresso payload="abilitato" payload-parsing="disabilitato" body="disabilitato" attachments="disabilitato" headers="abilitato"/>
        <ns2:richiesta-uscita payload="disabilitato" payload-parsing="disabilitato" body="disabilitato" attachments="disabilitato" headers="disabilitato"/>
        <ns2:risposta-ingresso payload="disabilitato" payload-parsing="disabilitato" body="disabilitato" attachments="disabilitato" headers="disabilitato"/>
        <ns2:risposta-uscita payload="abilitato" payload-parsing="disabilitato" body="disabilitato" attachments="disabilitato" headers="abilitato"/>
    </ns2:dump>
    <ns2:proprieta-oggetto utente-richiedente="amministratore" data-creazione="2024-07-04T12:01:00.250+02:00" utente-ultima-modifica="amministratore" data-ultima-modifica="2024-07-04T12:05:46.219+02:00"/>
</ns2:porta-applicativa>
