<?xml version="1.0" encoding="UTF-8" standalone="yes"?>
<ns2:porta-delegata xmlns:ns2="http://www.openspcoop2.org/core/config" nome="__gw_SoggettoInternoTestGestoreCredenzialeBasic/gw_SoggettoInternoTest/gw_TestGestoreCredenziali/v1__Specific3" descrizione="Internal Subscription 'Specific3' for gw_SoggettoInternoTestGestoreCredenzialeBasic/gw_SoggettoInternoTest/gw_TestGestoreCredenziali/v1" autenticazione="principal" autorizzazione="authenticated" ricevuta-asincrona-simmetrica="abilitato" ricevuta-asincrona-asimmetrica="abilitato" allega-body="disabilitato" scarta-body="disabilitato" ricerca-porta-azione-delegata="disabilitato" stato="abilitato">
    <ns2:soggetto-erogatore tipo="gw" nome="SoggettoInternoTest"/>
    <ns2:servizio tipo="gw" nome="TestGestoreCredenziali" versione="1"/>
    <ns2:azione identificazione="delegatedBy" nome-porta-delegante="gw_SoggettoInternoTestGestoreCredenzialeBasic/gw_SoggettoInternoTest/gw_TestGestoreCredenziali/v1" force-interface-based="disabilitato">
        <ns2:azione-delegata>principal</ns2:azione-delegata>
    </ns2:azione>
    <ns2:proprieta-autenticazione nome="tipoAutenticazione" valore="container"/>
    <ns2:servizio-applicativo nome="ApplicativoSoggettoInternoTestGestoreCredenzialiBasic_principal"/>
</ns2:porta-delegata>
