<?xml version="1.0" encoding="UTF-8" standalone="yes"?>
<fruitore xmlns="http://www.openspcoop2.org/core/registry" tipo="modipa" nome="DemoSoggettoFruitore" ora-registrazione="2022-10-07T15:24:11.082+02:00">
    <connettore tipo="http" nome="CNT_SF_modipa/DemoSoggettoFruitore_modipa/DemoSoggettoErogatore_modipa/DemoNegoziazioneToken/1">
        <property nome="tokenPolicy" valore="MODI-NegoziazioneTokenPDND"/>
        <property nome="location" valore="http://127.0.0.1:8080/TestService/echo"/>
    </connettore>
    <configurazione-azione>
        <connettore tipo="http" nome="CNT_SF_AZIONE_modipa/DemoSoggettoFruitore_modipa/DemoSoggettoErogatore_modipa/DemoNegoziazioneToken/1_tokenJwtLKidOnly.tipoTest">
            <property nome="tokenPolicy" valore="MODI-NegoziazioneTokenPDND-KidOnly"/>
            <property nome="location" valore="http://127.0.0.1:8080/TestService/echo"/>
        </connettore>
        <azione>tokenJwtLKidOnly.tipoTest</azione>
    </configurazione-azione>
    <configurazione-azione>
        <connettore tipo="http" nome="CNT_SF_AZIONE_modipa/DemoSoggettoFruitore_modipa/DemoSoggettoErogatore_modipa/DemoNegoziazioneToken/1_tokenJwtKidOnlyKeyPair.tipoTest">
            <property nome="tokenPolicy" valore="MODI-NegoziazioneTokenPDND-KidOnly-KeyPair"/>
            <property nome="location" valore="http://127.0.0.1:8080/TestService/echo"/>
        </connettore>
        <azione>tokenJwtKidOnlyKeyPair.tipoTest</azione>
    </configurazione-azione>
    <protocol-property name="modipaKeyAlias"/>
    <protocol-property name="modipaKeyPassword"/>
    <protocol-property name="modipaKeystoreCertMode"/>
    <protocol-property name="modipaKeystoreKeyPairAlgo"/>
    <protocol-property name="modipaKeystoreMode"/>
    <protocol-property name="modipaKeystorePassword"/>
    <protocol-property name="modipaKeystorePath"/>
    <protocol-property name="modipaKeystorePathPublicKey"/>
    <protocol-property name="modipaKeystoreType"/>
    <protocol-property name="modipaSecurityOauthId"/>
    <protocol-property name="modipaSecurityOauthKid"/>
</fruitore>
