<?xml version="1.0" encoding="UTF-8" standalone="yes"?>
<ns2:servizio-applicativo xmlns:ns2="http://www.openspcoop2.org/core/config" nome="__modipa_DemoSoggettoErogatore/modipa_ApiDemoNonBlockingRestPullNoValidazione/v1__Specific3" use-as-client="false">
    <ns2:invocazione-porta invio-per-riferimento="disabilitato" sbustamento-informazioni-protocollo="abilitato">
        <ns2:gestione-errore fault="soap"/>
    </ns2:invocazione-porta>
    <ns2:invocazione-servizio sbustamento-soap="disabilitato" sbustamento-informazioni-protocollo="abilitato" get-message="disabilitato" autenticazione="none" invio-per-riferimento="disabilitato" risposta-per-riferimento="disabilitato">
        <ns2:connettore tipo="http" nome="ConnettoreINV___modipa_DemoSoggettoErogatore/modipa_ApiDemoNonBlockingRestPullNoValidazione/v1__Specific3_modipaDemoSoggettoErogatore">
            <ns2:property nome="location" valore="http://127.0.0.1:8080/TestService/echo?destFile=/etc/govway/test/protocolli/modipa/rest/bloccante/response.json&amp;destFileContentType=application/json&amp;replyHttpHeader=GovWay-Transaction-ID&amp;replyPrefixHttpHeader=GovWay-TestSuite-"/>
        </ns2:connettore>
    </ns2:invocazione-servizio>
    <ns2:risposta-asincrona sbustamento-soap="disabilitato" sbustamento-informazioni-protocollo="abilitato" get-message="disabilitato" autenticazione="none" invio-per-riferimento="disabilitato" risposta-per-riferimento="disabilitato">
        <ns2:connettore tipo="disabilitato" nome="ConnettoreRISP___modipa_DemoSoggettoErogatore/modipa_ApiDemoNonBlockingRestPullNoValidazione/v1__Specific3_modipaDemoSoggettoErogatore"/>
    </ns2:risposta-asincrona>
</ns2:servizio-applicativo>
