<?xml version="1.0" encoding="UTF-8" standalone="yes"?>
<accordo-servizio-parte-comune xmlns="http://www.openspcoop2.org/core/registry" service-binding="rest" nome="TestValidazioneDPoP" profilo-collaborazione="sincrono" formato-specifica="openApi3" utilizzo-senza-azione="true" filtro-duplicati="disabilitato" conferma-ricezione="disabilitato" consegna-in-ordine="disabilitato" ora-registrazione="2026-01-28T06:40:47.106+01:00" versione="1">
    <soggetto-referente tipo="gw" nome="ENTE"/>
    <resource nome="antiReplyDisabilitato" path="/antiReplyDisabilitato" filtro-duplicati="disabilitato" conferma-ricezione="disabilitato" consegna-in-ordine="disabilitato">
        <request/>
    </resource>
    <resource nome="customHeader-forward-offPolicy" path="/customHeader-forward-offPolicy" filtro-duplicati="disabilitato" conferma-ricezione="disabilitato" consegna-in-ordine="disabilitato">
        <request/>
    </resource>
    <resource nome="customHeader-forward-onPolicy-offErogazione" path="/customHeader-forward-onPolicy-offErogazione" filtro-duplicati="disabilitato" conferma-ricezione="disabilitato" consegna-in-ordine="disabilitato">
        <request/>
    </resource>
    <resource nome="customHeader-forward-onPolicy-onErogazione-asReceived" path="/customHeader-forward-onPolicy-onErogazione-asReceived" filtro-duplicati="disabilitato" conferma-ricezione="disabilitato" consegna-in-ordine="disabilitato">
        <request/>
    </resource>
    <resource nome="customHeader-forward-onPolicy-onErogazione-custom" path="/customHeader-forward-onPolicy-onErogazione-custom" filtro-duplicati="disabilitato" conferma-ricezione="disabilitato" consegna-in-ordine="disabilitato">
        <request/>
    </resource>
    <resource nome="customHeader-forward-onPolicy-onErogazione-dpop" path="/customHeader-forward-onPolicy-onErogazione-dpop" filtro-duplicati="disabilitato" conferma-ricezione="disabilitato" consegna-in-ordine="disabilitato">
        <request/>
    </resource>
    <resource nome="customQueryParam-forward-offPolicy" path="/customQueryParam-forward-offPolicy" filtro-duplicati="disabilitato" conferma-ricezione="disabilitato" consegna-in-ordine="disabilitato">
        <request/>
    </resource>
    <resource nome="customQueryParam-forward-onPolicy-offErogazione" path="/customQueryParam-forward-onPolicy-offErogazione" filtro-duplicati="disabilitato" conferma-ricezione="disabilitato" consegna-in-ordine="disabilitato">
        <request/>
    </resource>
    <resource nome="customQueryParam-forward-onPolicy-onErogazione-asReceived" path="/customQueryParam-forward-onPolicy-onErogazione-asReceived" filtro-duplicati="disabilitato" conferma-ricezione="disabilitato" consegna-in-ordine="disabilitato">
        <request/>
    </resource>
    <resource nome="customQueryParam-forward-onPolicy-onErogazione-custom" path="/customQueryParam-forward-onPolicy-onErogazione-custom" filtro-duplicati="disabilitato" conferma-ricezione="disabilitato" consegna-in-ordine="disabilitato">
        <request/>
    </resource>
    <resource nome="customQueryParam-forward-onPolicy-onErogazione-dpop" path="/customQueryParam-forward-onPolicy-onErogazione-dpop" filtro-duplicati="disabilitato" conferma-ricezione="disabilitato" consegna-in-ordine="disabilitato">
        <request/>
    </resource>
    <resource nome="ec" path="/ec" filtro-duplicati="disabilitato" conferma-ricezione="disabilitato" consegna-in-ordine="disabilitato">
        <request/>
    </resource>
    <resource nome="formato-custom" path="/formato-custom" filtro-duplicati="disabilitato" conferma-ricezione="disabilitato" consegna-in-ordine="disabilitato">
        <request/>
    </resource>
    <resource nome="forward-onPolicy-offErogazione" path="/forward-onPolicy-offErogazione" filtro-duplicati="disabilitato" conferma-ricezione="disabilitato" consegna-in-ordine="disabilitato">
        <request/>
    </resource>
    <resource nome="forward-onPolicy-onErogazione" path="/forward-onPolicy-onErogazione" filtro-duplicati="disabilitato" conferma-ricezione="disabilitato" consegna-in-ordine="disabilitato">
        <request/>
    </resource>
    <resource nome="invalid-typ-hdr" path="/invalid-typ-hdr" filtro-duplicati="disabilitato" conferma-ricezione="disabilitato" consegna-in-ordine="disabilitato">
        <request/>
    </resource>
    <resource nome="localLRU" path="/localLRU" filtro-duplicati="disabilitato" conferma-ricezione="disabilitato" consegna-in-ordine="disabilitato">
        <request/>
    </resource>
    <resource nome="localReject" path="/localReject" filtro-duplicati="disabilitato" conferma-ricezione="disabilitato" consegna-in-ordine="disabilitato">
        <request/>
    </resource>
    <resource nome="low-iat" path="/low-iat" filtro-duplicati="disabilitato" conferma-ricezione="disabilitato" consegna-in-ordine="disabilitato">
        <request/>
    </resource>
    <resource nome="redis" path="/redis" filtro-duplicati="disabilitato" conferma-ricezione="disabilitato" consegna-in-ordine="disabilitato">
        <request/>
    </resource>
    <resource nome="rsa" path="/rsa" filtro-duplicati="disabilitato" conferma-ricezione="disabilitato" consegna-in-ordine="disabilitato">
        <request/>
    </resource>
    <gruppi>
        <gruppo nome="TestValidazioneToken"/>
    </gruppi>
    <proprieta-oggetto utente-richiedente="amministratore" data-creazione="2026-01-28T06:40:47.012+01:00" utente-ultima-modifica="amministratore" data-ultima-modifica="2026-01-29T17:18:01.171+01:00"/>
</accordo-servizio-parte-comune>
