<?xml version="1.0" encoding="UTF-8" standalone="yes"?>
<accordo-servizio-parte-comune xmlns="http://www.openspcoop2.org/core/registry" service-binding="soap" nome="TrasmissioneFatture" descrizione="[Fatturazione Attiva] Permette al trasmittente di ricevere dallo SdI i messaggi relativi ai file trasmessi" profilo-collaborazione="sincrono" formato-specifica="wsdl11" utilizzo-senza-azione="true" filtro-duplicati="disabilitato" conferma-ricezione="disabilitato" id-collaborazione="disabilitato" id-riferimento-richiesta="disabilitato" consegna-in-ordine="disabilitato" ora-registrazione="2018-07-18T14:48:57.271+02:00" versione="1">
    <soggetto-referente tipo="sdi" nome="@OPENSPCOOP2_NOME_SOGGETTO@"/>
    <port-type nome="TrasmissioneFatture" style="document" profilo-collaborazione="sincrono" filtro-duplicati="abilitato">
        <azione nome="AttestazioneTrasmissioneFattura" soap-action="http://www.fatturapa.it/TrasmissioneFatture/AttestazioneTrasmissioneFattura" profilo-collaborazione="oneway" filtro-duplicati="abilitato">
            <message-input use="literal">
                <part name="attestazioneTrasmissioneFattura" element-name="attestazioneTrasmissioneFattura" element-namespace="http://www.fatturapa.gov.it/sdi/ws/trasmissione/v1.0/types"/>
            </message-input>
        </azione>
        <azione nome="NotificaDecorrenzaTermini" soap-action="http://www.fatturapa.it/TrasmissioneFatture/NotificaDecorrenzaTermini" profilo-collaborazione="oneway" filtro-duplicati="abilitato">
            <message-input use="literal">
                <part name="decorrenzaTermini" element-name="notificaDecorrenzaTermini" element-namespace="http://www.fatturapa.gov.it/sdi/ws/trasmissione/v1.0/types"/>
            </message-input>
        </azione>
        <azione nome="NotificaEsito" soap-action="http://www.fatturapa.it/TrasmissioneFatture/NotificaEsito" profilo-collaborazione="oneway" filtro-duplicati="abilitato">
            <message-input use="literal">
                <part name="esito" element-name="notificaEsito" element-namespace="http://www.fatturapa.gov.it/sdi/ws/trasmissione/v1.0/types"/>
            </message-input>
        </azione>
        <azione nome="NotificaMancataConsegna" soap-action="http://www.fatturapa.it/TrasmissioneFatture/NotificaMancataConsegna" profilo-collaborazione="oneway" filtro-duplicati="abilitato">
            <message-input use="literal">
                <part name="mancataConsegna" element-name="notificaMancataConsegna" element-namespace="http://www.fatturapa.gov.it/sdi/ws/trasmissione/v1.0/types"/>
            </message-input>
        </azione>
        <azione nome="NotificaScarto" soap-action="http://www.fatturapa.it/TrasmissioneFatture/NotificaScarto" profilo-collaborazione="oneway" filtro-duplicati="abilitato">
            <message-input use="literal">
                <part name="scarto" element-name="notificaScarto" element-namespace="http://www.fatturapa.gov.it/sdi/ws/trasmissione/v1.0/types"/>
            </message-input>
        </azione>
        <azione nome="RicevutaConsegna" soap-action="http://www.fatturapa.it/TrasmissioneFatture/RicevutaConsegna" profilo-collaborazione="oneway" filtro-duplicati="abilitato">
            <message-input use="literal">
                <part name="ricevuta" element-name="ricevutaConsegna" element-namespace="http://www.fatturapa.gov.it/sdi/ws/trasmissione/v1.0/types"/>
            </message-input>
        </azione>
    </port-type>
    <allegato tipo="xsd" file="TrasmissioneTypes_v1.1.xsd" ora-registrazione="2018-07-18T14:49:21.107+02:00"/>
</accordo-servizio-parte-comune>
