<?xml version="1.0" encoding="UTF-8" standalone="yes"?>
<accordo-servizio-parte-comune xmlns="http://www.openspcoop2.org/core/registry" service-binding="soap" nome="Consultazione3000" profilo-collaborazione="sincrono" formato-specifica="wsdl11" utilizzo-senza-azione="true" filtro-duplicati="disabilitato" conferma-ricezione="disabilitato" id-collaborazione="disabilitato" id-riferimento-richiesta="disabilitato" consegna-in-ordine="disabilitato" ora-registrazione="2020-03-10T10:49:37.127+01:00" versione="1">
    <soggetto-referente tipo="gw" nome="@OPENSPCOOP2_NOME_SOGGETTO_DEFAULT@"/>
    <port-type nome="AnprPortType3000" style="document" profilo-collaborazione="sincrono" filtro-duplicati="abilitato">
        <azione nome="consultazione_procedimento_amministrativo" profilo-collaborazione="sincrono" filtro-duplicati="abilitato">
            <message-input use="literal">
                <part name="request" element-name="Richiesta3004" element-namespace="http://sogei.it/ANPR/3000consultazione"/>
            </message-input>
            <message-output use="literal">
                <part name="response" element-name="Risposta3004" element-namespace="http://sogei.it/ANPR/3000consultazione"/>
            </message-output>
        </azione>
        <azione nome="gestione_richieste" profilo-collaborazione="sincrono" filtro-duplicati="abilitato">
            <message-input use="literal">
                <part name="request" element-name="Richiesta3003" element-namespace="http://sogei.it/ANPR/3000consultazione"/>
            </message-input>
            <message-output use="literal">
                <part name="response" element-name="Risposta3003" element-namespace="http://sogei.it/ANPR/3000consultazione"/>
            </message-output>
        </azione>
        <azione nome="interrogazioneCittadino_famiglia_convivenza" profilo-collaborazione="sincrono" filtro-duplicati="abilitato">
            <message-input use="literal">
                <part name="request" element-name="Richiesta3002" element-namespace="http://sogei.it/ANPR/3000consultazione"/>
            </message-input>
            <message-output use="literal">
                <part name="response" element-name="Risposta3002" element-namespace="http://sogei.it/ANPR/3000consultazione"/>
            </message-output>
        </azione>
        <azione nome="ricerca_identificativi_anpr" profilo-collaborazione="sincrono" filtro-duplicati="abilitato">
            <message-input use="literal">
                <part name="request" element-name="Richiesta3007" element-namespace="http://sogei.it/ANPR/3000consultazione"/>
            </message-input>
            <message-output use="literal">
                <part name="response" element-name="Risposta3007" element-namespace="http://sogei.it/ANPR/3000consultazione"/>
            </message-output>
        </azione>
        <azione nome="richiesta_paternita_maternita" profilo-collaborazione="sincrono" filtro-duplicati="abilitato">
            <message-input use="literal">
                <part name="request" element-name="Richiesta3001" element-namespace="http://sogei.it/ANPR/3000consultazione"/>
            </message-input>
            <message-output use="literal">
                <part name="response" element-name="Risposta3001" element-namespace="http://sogei.it/ANPR/3000consultazione"/>
            </message-output>
        </azione>
        <azione nome="visualizzazione_eleaborati" profilo-collaborazione="sincrono" filtro-duplicati="abilitato">
            <message-input use="literal">
                <part name="request" element-name="Richiesta3005" element-namespace="http://sogei.it/ANPR/3000consultazione"/>
            </message-input>
            <message-output use="literal">
                <part name="response" element-name="Risposta3005" element-namespace="http://sogei.it/ANPR/3000consultazione"/>
            </message-output>
        </azione>
    </port-type>
    <allegato tipo="xsd" file="3000consultazione.xsd" ora-registrazione="2020-03-10T10:52:10.430+01:00"/>
    <allegato tipo="xsd" file="tipoDato.xsd" ora-registrazione="2020-03-10T10:53:39.946+01:00"/>
    <allegato tipo="xsd" file="vocabolario3000consultazione.xsd" ora-registrazione="2020-03-10T10:53:39.946+01:00"/>
    <allegato tipo="xsd" file="rispostaComune.xsd" ora-registrazione="2020-03-10T10:53:39.946+01:00"/>
    <allegato tipo="xsd" file="vocabolarioRispostaComune.xsd" ora-registrazione="2020-03-10T10:53:39.946+01:00"/>
    <gruppi>
	<gruppo nome="ANPR"/>
    </gruppi>
</accordo-servizio-parte-comune>
