<?xml version="1.0" encoding="UTF-8" standalone="yes"?>
<ns2:porta-applicativa xmlns:ns2="http://www.openspcoop2.org/core/config" nome="gw_SoggettoInternoTest/gw_TempiRispostaSOAP/v1" descrizione="Service implementation gw/SoggettoInternoTest:gw/TempiRispostaSOAP:1" ricevuta-asincrona-simmetrica="abilitato" ricevuta-asincrona-asimmetrica="abilitato" allega-body="disabilitato" scarta-body="disabilitato" autenticazione="none" autenticazione-opzionale="disabilitato" autorizzazione="none" ricerca-porta-azione-delegata="abilitato" stato="abilitato">
    <ns2:servizio tipo="gw" nome="TempiRispostaSOAP" versione="1"/>
    <ns2:azione identificazione="urlBased" pattern=".*/(?:gw_)?SoggettoInternoTest/(?:gw_)?TempiRispostaSOAP/v1/([^/|^?]*).*" force-interface-based="abilitato"/>
    <ns2:servizio-applicativo nome="gw_SoggettoInternoTest/gw_TempiRispostaSOAP/v1"/>
    <ns2:servizio-applicativo nome="gw_SoggettoInternoTest/gw_TempiRispostaSOAP/v1__SA1">
        <ns2:dati-connettore nome="connectionTimeout" notifica="true" stato="abilitato" coda="DEFAULT" priorita="DEFAULT" priorita-max="false">
            <ns2:filtro>connectionTimeout</ns2:filtro>
        </ns2:dati-connettore>
    </ns2:servizio-applicativo>
    <ns2:servizio-applicativo nome="gw_SoggettoInternoTest/gw_TempiRispostaSOAP/v1__SA2">
        <ns2:dati-connettore nome="echoReceiveRequestSlow" notifica="true" stato="abilitato" coda="DEFAULT" priorita="DEFAULT" priorita-max="false">
            <ns2:filtro>echoReceiveRequestSlow</ns2:filtro>
        </ns2:dati-connettore>
    </ns2:servizio-applicativo>
    <ns2:servizio-applicativo nome="gw_SoggettoInternoTest/gw_TempiRispostaSOAP/v1__SA3">
        <ns2:dati-connettore nome="echoSendResponseSlow" notifica="true" stato="abilitato" coda="DEFAULT" priorita="DEFAULT" priorita-max="false">
            <ns2:filtro>echoSendResponseSlow</ns2:filtro>
        </ns2:dati-connettore>
    </ns2:servizio-applicativo>
    <ns2:servizio-applicativo nome="gw_SoggettoInternoTest/gw_TempiRispostaSOAP/v1__SA4">
        <ns2:dati-connettore nome="echoSleepBeforeResponse" notifica="true" stato="abilitato" coda="DEFAULT" priorita="DEFAULT" priorita-max="false">
            <ns2:filtro>echoSleepBeforeResponse</ns2:filtro>
        </ns2:dati-connettore>
    </ns2:servizio-applicativo>
    <ns2:proprieta nome="fileTrace.enabled" valore="false"/>
    <ns2:dump realtime="abilitato">
        <ns2:richiesta-ingresso payload="disabilitato" payload-parsing="disabilitato" body="disabilitato" attachments="disabilitato" headers="disabilitato"/>
        <ns2:richiesta-uscita payload="disabilitato" payload-parsing="disabilitato" body="disabilitato" attachments="disabilitato" headers="disabilitato"/>
        <ns2:risposta-ingresso payload="disabilitato" payload-parsing="disabilitato" body="disabilitato" attachments="disabilitato" headers="disabilitato"/>
        <ns2:risposta-uscita payload="disabilitato" payload-parsing="disabilitato" body="disabilitato" attachments="disabilitato" headers="disabilitato"/>
    </ns2:dump>
    <ns2:behaviour nome="__conditional">
        <ns2:proprieta nome="md_notifiche_by_esito" valore="false"/>
        <ns2:proprieta nome="md_notifiche_by_esito_ok" valore="false"/>
        <ns2:proprieta nome="md_notifiche_by_esito_fault" valore="false"/>
        <ns2:proprieta nome="md_notifiche_by_esito_errori_consegna" valore="false"/>
        <ns2:proprieta nome="md_notifiche_by_esito_scartate" valore="false"/>
        <ns2:proprieta nome="md_notifiche_by_esito_processamento" valore="false"/>
        <ns2:proprieta nome="c_enabled" valore="true"/>
        <ns2:proprieta nome="c_by_filter" valore="true"/>
        <ns2:proprieta nome="c_selettore" valore="FormBased"/>
        <ns2:proprieta nome="c_pattern" valore="test"/>
        <ns2:proprieta nome="c_selector_not_found_c_abort" valore="true"/>
        <ns2:proprieta nome="c_selector_not_found_c_diag_info" valore="false"/>
        <ns2:proprieta nome="c_selector_not_found_c_diag_error" valore="false"/>
        <ns2:proprieta nome="c_connector_not_found_c_abort" valore="true"/>
        <ns2:proprieta nome="c_connector_not_found_c_diag_info" valore="false"/>
        <ns2:proprieta nome="c_connector_not_found_c_diag_error" valore="false"/>
    </ns2:behaviour>
</ns2:porta-applicativa>
