<?xml version="1.0" encoding="UTF-8" standalone="yes"?>
<ns2:porta-applicativa xmlns:ns2="http://www.openspcoop2.org/core/config" nome="__gw_SoggettoInternoTest/gw_NumeroRichiesteSoap/v1__Specific1" descrizione="Internal Implementation 'Specific1' for gw_SoggettoInternoTest/gw_NumeroRichiesteSoap/v1" ricevuta-asincrona-simmetrica="abilitato" ricevuta-asincrona-asimmetrica="abilitato" allega-body="disabilitato" scarta-body="disabilitato" autenticazione="none" autenticazione-opzionale="disabilitato" autorizzazione="none" ricerca-porta-azione-delegata="disabilitato" stato="abilitato">
    <ns2:servizio tipo="gw" nome="NumeroRichiesteSoap" versione="1"/>
    <ns2:azione identificazione="delegatedBy" nome-porta-delegante="gw_SoggettoInternoTest/gw_NumeroRichiesteSoap/v1" force-interface-based="disabilitato">
        <ns2:azione-delegata>Giornaliero</ns2:azione-delegata>
        <ns2:azione-delegata>Minuto</ns2:azione-delegata>
        <ns2:azione-delegata>Orario</ns2:azione-delegata>
        <ns2:azione-delegata>MinutoDefault</ns2:azione-delegata>
    </ns2:azione>
    <ns2:servizio-applicativo nome="gw_SoggettoInternoTest/gw_NumeroRichiesteSoap/v1"/>
</ns2:porta-applicativa>
