<?xml version="1.0" encoding="UTF-8" standalone="yes"?>
<ns2:porta-applicativa xmlns:ns2="http://www.openspcoop2.org/core/config" nome="__gw_SoggettoInternoTest/gw_TempiRispostaREST/v1__Specific1" descrizione="Internal Implementation 'Specific1' for gw_SoggettoInternoTest/gw_TempiRispostaREST/v1" ricevuta-asincrona-simmetrica="abilitato" ricevuta-asincrona-asimmetrica="abilitato" allega-body="disabilitato" scarta-body="disabilitato" autenticazione="none" autorizzazione="none" ricerca-porta-azione-delegata="disabilitato" stato="abilitato">
    <ns2:servizio tipo="gw" nome="TempiRispostaREST" versione="1"/>
    <ns2:azione identificazione="delegatedBy" nome-porta-delegante="gw_SoggettoInternoTest/gw_TempiRispostaREST/v1" force-interface-based="disabilitato">
        <ns2:azione-delegata>sendRegistrazioneAbilitataClientSendSlow</ns2:azione-delegata>
    </ns2:azione>
    <ns2:servizio-applicativo nome="__gw_SoggettoInternoTest/gw_TempiRispostaREST/v1__Specific1"/>
    <ns2:proprieta nome="connettori.request.timeoutMs" valore="2000"/>
    <ns2:proprieta nome="fileTrace.enabled" valore="false"/>
    <ns2:dump realtime="abilitato">
        <ns2:richiesta-ingresso payload="abilitato" payload-parsing="disabilitato" body="disabilitato" attachments="disabilitato" headers="abilitato"/>
        <ns2:richiesta-uscita payload="abilitato" payload-parsing="disabilitato" body="disabilitato" attachments="disabilitato" headers="abilitato"/>
        <ns2:risposta-ingresso payload="abilitato" payload-parsing="disabilitato" body="disabilitato" attachments="disabilitato" headers="abilitato"/>
        <ns2:risposta-uscita payload="abilitato" payload-parsing="disabilitato" body="disabilitato" attachments="disabilitato" headers="abilitato"/>
    </ns2:dump>
</ns2:porta-applicativa>
