<?xml version="1.0" encoding="UTF-8" standalone="yes"?>
<ns2:porta-applicativa xmlns:ns2="http://www.openspcoop2.org/core/config" nome="__gw_SoggettoInternoTest/gw_TempiRispostaSOAP/v1__Specific2" descrizione="Internal Implementation 'Specific2' for gw_SoggettoInternoTest/gw_TempiRispostaSOAP/v1" ricevuta-asincrona-simmetrica="abilitato" ricevuta-asincrona-asimmetrica="abilitato" allega-body="disabilitato" scarta-body="disabilitato" autenticazione="none" autenticazione-opzionale="disabilitato" autorizzazione="none" ricerca-porta-azione-delegata="disabilitato" stato="abilitato">
    <ns2:servizio tipo="gw" nome="TempiRispostaSOAP" versione="1"/>
    <ns2:azione identificazione="delegatedBy" nome-porta-delegante="gw_SoggettoInternoTest/gw_TempiRispostaSOAP/v1" force-interface-based="disabilitato">
        <ns2:azione-delegata>sendCorrelazioneApplicativa</ns2:azione-delegata>
    </ns2:azione>
    <ns2:servizio-applicativo nome="__gw_SoggettoInternoTest/gw_TempiRispostaSOAP/v1__Specific2">
        <ns2:dati-connettore nome="ClientSendRequestSlow" notifica="false" stato="abilitato" coda="DEFAULT" priorita="DEFAULT" priorita-max="false">
            <ns2:filtro>ClientSendRequestSlow</ns2:filtro>
        </ns2:dati-connettore>
    </ns2:servizio-applicativo>
    <ns2:servizio-applicativo nome="__gw_SoggettoInternoTest/gw_TempiRispostaSOAP/v1__Specific2__SA1">
        <ns2:dati-connettore nome="EchoSendResponseSlow" notifica="true" stato="abilitato" coda="DEFAULT" priorita="DEFAULT" priorita-max="false">
            <ns2:filtro>EchoSendResponseSlow</ns2:filtro>
        </ns2:dati-connettore>
    </ns2:servizio-applicativo>
    <ns2:proprieta nome="fileTrace.enabled" valore="false"/>
    <ns2:proprieta nome="connettori.request.timeoutMs" valore="2000"/>
    <ns2:correlazione-applicativa>
        <ns2:elemento identificazione="contentBased" pattern="//xmlFragment1/text()" identificazione-fallita="blocca" riuso-identificativo="disabilitato"/>
    </ns2:correlazione-applicativa>
    <ns2:correlazione-applicativa-risposta>
        <ns2:elemento identificazione="contentBased" pattern="//xmlFragment1/text()" identificazione-fallita="blocca"/>
    </ns2:correlazione-applicativa-risposta>
    <ns2:dump realtime="abilitato">
        <ns2:richiesta-ingresso payload="disabilitato" payload-parsing="disabilitato" body="disabilitato" attachments="disabilitato" headers="disabilitato"/>
        <ns2:richiesta-uscita payload="disabilitato" payload-parsing="disabilitato" body="disabilitato" attachments="disabilitato" headers="disabilitato"/>
        <ns2:risposta-ingresso payload="disabilitato" payload-parsing="disabilitato" body="disabilitato" attachments="disabilitato" headers="disabilitato"/>
        <ns2:risposta-uscita payload="disabilitato" payload-parsing="disabilitato" body="disabilitato" attachments="disabilitato" headers="disabilitato"/>
    </ns2:dump>
    <ns2:behaviour nome="__conditional">
        <ns2:proprieta nome="md_notifiche_by_esito_ok" valore="false"/>
        <ns2:proprieta nome="md_notifiche_by_esito_fault" valore="false"/>
        <ns2:proprieta nome="md_notifiche_by_esito_errori_consegna" valore="false"/>
        <ns2:proprieta nome="md_notifiche_by_esito_scartate" valore="false"/>
        <ns2:proprieta nome="md_notifiche_by_esito_processamento" valore="false"/>
        <ns2:proprieta nome="c_enabled" valore="true"/>
        <ns2:proprieta nome="c_by_filter" valore="true"/>
        <ns2:proprieta nome="c_selettore" valore="FormBased"/>
        <ns2:proprieta nome="c_pattern" valore="test"/>
        <ns2:proprieta nome="c_selector_not_found_c_abort" valore="true"/>
        <ns2:proprieta nome="c_selector_not_found_c_diag_info" valore="false"/>
        <ns2:proprieta nome="c_selector_not_found_c_diag_error" valore="false"/>
        <ns2:proprieta nome="c_connector_not_found_c_abort" valore="true"/>
        <ns2:proprieta nome="c_connector_not_found_c_diag_info" valore="false"/>
        <ns2:proprieta nome="c_connector_not_found_c_diag_error" valore="false"/>
        <ns2:proprieta nome="md_notifiche_by_esito" valore="false"/>
    </ns2:behaviour>
</ns2:porta-applicativa>
