<?xml version="1.0" encoding="UTF-8"?>
<openspcoop2 xmlns="http://www.openspcoop2.org/protocol/information_missing">

	<wizard step="6" step-in-delete="2" descrizione="SdI (FatturazioneElettronica) - Ciclo Passivo senza ProxyFatturaPA" intestazione-originale="false" >
		<requisiti>
			<protocollo nome="spcoop"/>
			<protocollo nome="sdi"/>
		</requisiti>
	</wizard> 

        <soggetto tipo="RIFERIMENTO" descrizione="Soggetto SPCoop"
                  protocollo="spcoop" tipo-pdd="operativo" >
                <replace-match>
                        <nome tipo="EMPTY" />
                        <tipo tipo="EQUALS" valore="SPC" />
                </replace-match>
        </soggetto>

	<soggetto tipo="RIFERIMENTO" descrizione="Soggetto SDI"
		  protocollo="sdi" tipo-pdd="operativo" >
		<replace-match>
			<nome tipo="EMPTY" />
			<tipo tipo="EQUALS" valore="SDI" />
		</replace-match>
	</soggetto>

	<input descrizione="Servizio SdIRiceviNotifica erogato dal Sistema di Interscambio">
		<!-- <proprieta placeholder="URL_SERVIZIO_SDI_NOTIFICA" nome="Endpoint" default="https://testservizi.fatturapa.it/ricevi_notifica"/> -->
		<proprieta use-in-delete="false" placeholder="URL_SERVIZIO_SDI_NOTIFICA" nome="Endpoint" />
	</input>

	<servizio-applicativo tipo="CREDENZIALI_ACCESSO_PDD" descrizione="Credenziali per accesso porta delegata NotificaEsito">
		<replace-match>
			<nome tipo="ENDS_WITH" valore="/SDICentroServiziFatturaPA/SDIRiceviNotifica/NotificaEsito" />
		</replace-match>
	</servizio-applicativo>
	<servizio-applicativo tipo="ALLINEA_CREDENZIALI_PD" descrizione="Allineo tipo di autenticazione nelle porteDelegate riferite">
		<replace-match>
                        <nome tipo="ENDS_WITH" valore="/SDICentroServiziFatturaPA/SDIRiceviNotifica/NotificaEsito" />
                </replace-match>
	</servizio-applicativo>

        <servizio-applicativo tipo="CONNETTORE" descrizione="Servizio Applicativo per consegna FatturaPA">
                <replace-match>
                        <nome tipo="CONTAINS" valore="/SDIRicezioneFatture/RiceviFatture" />
                </replace-match>
        </servizio-applicativo>

        <servizio-applicativo tipo="CONNETTORE" descrizione="Servizio Applicativo per consegna NotificaDecorrenzaTermini">
                <replace-match>
                        <nome tipo="CONTAINS" valore="/SDIRicezioneFatture/NotificaDecorrenzaTermini" />
                </replace-match>
        </servizio-applicativo>

	<accordo-servizio-parte-comune tipo="STATO_ARCHIVIO" descrizione="StatiAccordiImpostatiAOperativi" stato="operativo">
		<replace-match>
			<nome tipo="ALL" />
		</replace-match>
	</accordo-servizio-parte-comune>
        <accordo-servizio-parte-specifica tipo="STATO_ARCHIVIO" descrizione="StatiAccordiImpostatiAOperativi" stato="operativo">
                <replace-match>
                        <nome tipo="ALL" />
                </replace-match>
        </accordo-servizio-parte-specifica>
        <fruitore tipo="STATO_ARCHIVIO" descrizione="StatiAccordiImpostatiAOperativi" stato="operativo">
                <replace-match>
                        <nome tipo="ALL" />
                </replace-match>
        </fruitore>
</openspcoop2>
