<?xml version="1.0" encoding="UTF-8" standalone="yes"?>
<ns2:porta-applicativa xmlns:ns2="http://www.openspcoop2.org/core/config" nome="spc_SoggettoInternoVaultTest/spc_VaultTestConnettori/v1" descrizione="Service implementation spc/SoggettoInternoVaultTest:spc/VaultTestConnettori:1" ricevuta-asincrona-simmetrica="abilitato" ricevuta-asincrona-asimmetrica="abilitato" allega-body="disabilitato" scarta-body="disabilitato" autenticazione="none" autenticazione-opzionale="disabilitato" autorizzazione="none" ricerca-porta-azione-delegata="abilitato" servizio-applicativo-default="spc_SoggettoInternoVaultTest/spc_VaultTestConnettori/v1" stato="abilitato">
    <ns2:servizio tipo="spc" nome="VaultTestConnettori" versione="1"/>
    <ns2:azione identificazione="protocolBased" force-interface-based="disabilitato"/>
    <ns2:servizio-applicativo nome="TestServerAsincronoAsimmetrico"/>
    <ns2:trasformazioni>
        <ns2:regola nome="govwayTestSuite_IDOP" posizione="1" stato="abilitato">
            <ns2:richiesta conversione="false">
                <ns2:parametro-url conversione-tipo="updateOrAdd" nome="govwayTestSuite_IDOP" valore="${query:govwayTestSuite_IDOP}" identificazione-fallita="blocca"/>
            </ns2:richiesta>
        </ns2:regola>
    </ns2:trasformazioni>
    <ns2:proprieta-oggetto utente-richiedente="amministratore" data-creazione="2024-06-27T17:53:23.946+02:00" utente-ultima-modifica="amministratore" data-ultima-modifica="2024-06-28T14:21:09.508+02:00"/>
</ns2:porta-applicativa>
