<?xml version="1.0" encoding="UTF-8" standalone="yes"?>
<accordo-servizio-parte-comune xmlns="http://www.openspcoop2.org/core/registry" service-binding="soap" nome="SoapNonBlockingPushServerHelperCollaborazione" profilo-collaborazione="sincrono" formato-specifica="wsdl11" utilizzo-senza-azione="true" filtro-duplicati="disabilitato" conferma-ricezione="disabilitato" id-collaborazione="abilitato" id-riferimento-richiesta="disabilitato" consegna-in-ordine="disabilitato" ora-registrazione="2020-10-09T13:19:28.749+02:00" versione="1">
    <soggetto-referente tipo="modipa" nome="ENTE"/>
    <port-type nome="SOAPCallback" style="document" profilo-collaborazione="sincrono" filtro-duplicati="disabilitato" conferma-ricezione="disabilitato" id-collaborazione="abilitato" id-riferimento-richiesta="disabilitato" consegna-in-ordine="disabilitato">
        <azione nome="MRequest" style="document" profilo-collaborazione="sincrono" filtro-duplicati="disabilitato" conferma-ricezione="disabilitato" id-collaborazione="abilitato" id-riferimento-richiesta="disabilitato" consegna-in-ordine="disabilitato">
            <message-input use="literal">
                <part name="parameters" element-name="MRequest" element-namespace="http://amministrazioneesempio.it/nomeinterfacciaservizio"/>
            </message-input>
            <message-output use="literal">
                <part name="result" element-name="MRequestResponse" element-namespace="http://amministrazioneesempio.it/nomeinterfacciaservizio"/>
            </message-output>
            <protocol-property name="modipaInteractionProfile" value="nonBloccante"/>
            <protocol-property name="modipaInteractionAsyncProfile" value="PUSH"/>
            <protocol-property name="modipaInteractionAsyncRole" value="Richiesta"/>
            <protocol-property name="modipaInteractionAsyncApiRequest"/>
            <protocol-property name="modipaInteractionAsyncServiceRequest"/>
            <protocol-property name="modipaInteractionAsyncActionRequest"/>
            <protocol-property name="modipaSecurityMessageProfileActionMode" value="default"/>
            <protocol-property name="modipaSecurityMessageProfile"/>
            <protocol-property name="modipaSecurityMessageCorniceSicurezza" boolean-value="false"/>
            <protocol-property name="modipaSecurityMessageRequestDigest" boolean-value="false"/>
        </azione>
    </port-type>
    <allegato tipo="xsd" file="WsdlTypes_1.xsd" ora-registrazione="2020-10-09T11:47:32.698+02:00"/>
    <protocol-property name="modipaSecurityChannelProfile" value="idac01"/>
    <protocol-property name="modipaSecurityMessageProfile" value="-"/>
    <protocol-property name="modipaSecurityMessageCorniceSicurezza" boolean-value="false"/>
    <protocol-property name="modipaSecurityMessageRequestDigest" boolean-value="false"/>
</accordo-servizio-parte-comune>
