<?xml version="1.0" encoding="UTF-8" standalone="yes"?>
<accordo-servizio-parte-comune xmlns="http://www.openspcoop2.org/core/registry" service-binding="rest" nome="Certificazione" profilo-collaborazione="sincrono" formato-specifica="openApi3" utilizzo-senza-azione="true" filtro-duplicati="disabilitato" conferma-ricezione="disabilitato" id-collaborazione="disabilitato" id-riferimento-richiesta="disabilitato" consegna-in-ordine="disabilitato" ora-registrazione="2020-03-13T14:38:51.001+01:00" versione="1">
    <soggetto-referente tipo="gw" nome="ANPR"/>
    <resource nome="POST_certificazione" path="/certificazione" method="POST" filtro-duplicati="disabilitato" conferma-ricezione="disabilitato" id-collaborazione="disabilitato" id-riferimento-richiesta="disabilitato" consegna-in-ordine="disabilitato">
        <request>
            <parameter nome="lingua" descrizione="Specifica la lingua con cui viene prodotto il certificato. Per le lingue disponibili consultare la [tabella di riferimento](https://www.anpr.interno.it/portale/tabelle-di-riferimento) 14" parameter-type="query" required="false" tipo="string" restrizioni="type=string; minLength=2; maxLength=2; pattern=[A-Z]{2}"/>
            <parameter nome="forza_certificazione" descrizione="Forza l'emissione del certificato ignorando alcune tipologie di errore" parameter-type="query" required="false" tipo="boolean" restrizioni="type=boolean"/>
            <parameter nome="operatore" descrizione="Identificativo dell'operatore che ha richiesto l'operazione" parameter-type="query" required="false" tipo="string" restrizioni="type=string"/>
            <parameter nome="postazione" descrizione="Numero identificativo dell'operazione richiesta" parameter-type="query" required="false" tipo="string" restrizioni="type=string; pattern=([0-9a-zA-Z]){1,30}"/>
            <parameter nome="postazione_firmato" descrizione="Firma dell' identificativo postazione" parameter-type="query" required="false" tipo="string" restrizioni="type=string"/>
            <representation media-type="application/json" nome="RichiestaCertificato" representation-type="json">
                <json tipo="RichiestaCertificato"/>
            </representation>
        </request>
        <response descrizione="Certificato emesso" status="201">
            <representation media-type="application/json" nome="response_POST__certificazione_201_application_json" representation-type="json">
                <json tipo="Certificato"/>
            </representation>
        </response>
        <response descrizione="Richiesta non valida." status="400">
            <representation media-type="application/json" nome="response_POST__certificazione_400_application_json" representation-type="json">
                <json tipo="ProblemJson"/>
            </representation>
        </response>
        <response descrizione="Unauthorized" status="401"/>
        <response descrizione="Errore nell'emissione del certificato" status="422">
            <representation media-type="application/json" nome="response_POST__certificazione_422_application_json" representation-type="json">
                <json tipo="ErroreANPR"/>
            </representation>
        </response>
        <response descrizione="Gateway error" status="502">
            <representation media-type="application/json" nome="response_POST__certificazione_502_application_json" representation-type="json">
                <json tipo="ProblemJson"/>
            </representation>
        </response>
    </resource>
    <gruppi>
        <gruppo nome="ANPR"/>
    </gruppi>
</accordo-servizio-parte-comune>
