<?xml version="1.0" encoding="UTF-8" standalone="yes"?>
<accordo-servizio-parte-comune xmlns="http://www.openspcoop2.org/core/registry" service-binding="soap" nome="ChiediElencoAvvisiDigitali" profilo-collaborazione="sincrono" formato-specifica="wsdl11" utilizzo-senza-azione="true" filtro-duplicati="disabilitato" conferma-ricezione="disabilitato" id-collaborazione="disabilitato" id-riferimento-richiesta="disabilitato" consegna-in-ordine="disabilitato" ora-registrazione="2018-07-26T12:34:42.081+02:00" versione="1">
    <soggetto-referente tipo="spc" nome="@OPENSPCOOP2_NOME_SOGGETTO@"/>
    <port-type nome="ChiediElencoAvvisiDigitali" style="document" profilo-collaborazione="sincrono" filtro-duplicati="abilitato">
        <azione nome="paaChiediElencoAvvisiDigitali" soap-action="paaChiediElencoAvvisiDigitali" profilo-collaborazione="sincrono" filtro-duplicati="abilitato">
            <message-input use="literal">
                <part name="bodyrichiesta" element-name="paaChiediElencoAvvisiDigitali" element-namespace="http://ws.pagamenti.telematici.gov/"/>
            </message-input>
            <message-output use="literal">
                <part name="bodyrisposta" element-name="paaChiediElencoAvvisiDigitaliRisposta" element-namespace="http://ws.pagamenti.telematici.gov/"/>
            </message-output>
        </azione>
    </port-type>
    <allegato tipo="xsd" file="avvisi-digitali-1.0.xsd" ora-registrazione="2018-07-26T14:46:29.829+02:00"/>
    <allegato tipo="xsd" file="sac-common-types-1.0.xsd" ora-registrazione="2018-07-26T14:46:51.339+02:00"/>
    <allegato tipo="xsd" file="WsdlTypes_1.xsd" ora-registrazione="2018-07-26T12:34:42.081+02:00"/>
    <gruppi>
        <gruppo nome="pagoPA"/>
    </gruppi>
</accordo-servizio-parte-comune>
