<?xml version="1.0" encoding="UTF-8" standalone="yes"?>
<fruitore xmlns="http://www.openspcoop2.org/core/registry" tipo="modipa" nome="DemoSoggettoFruitore" ora-registrazione="2025-04-01T14:05:13.658+02:00">
    <connettore tipo="http" nome="CNT_SF_modipa/DemoSoggettoFruitore_modipa/DemoSoggettoErogatore_modipa/DemoNegoziazioneTokenSicurezzaMessaggio03ViaTokenPolicyKeystoreSenzaPassword/1">
        <property nome="tokenPolicy" valore="MODI-NegoziazioneTokenPDND-datiInPolicy-keystoreJksNoPassword-KeyNoPassword"/>
        <property nome="location" valore="http://localhost:8080/govway/rest/in/DemoSoggettoErogatore/DemoNegoziazioneTokenSicurezzaMessaggio03ViaTokenPolicy/v1"/>
    </connettore>
    <configurazione-azione>
        <connettore tipo="http" nome="CNT_SF_AZIONE_modipa/DemoSoggettoFruitore_modipa/DemoSoggettoErogatore_modipa/DemoNegoziazioneTokenSicurezzaMessaggio03ViaTokenPolicyKeystoreSenzaPassword/1_keystoreJksNoPassword-KeyNoPassword">
            <property nome="tokenPolicy" valore="MODI-NegoziazioneTokenPDND-datiInPolicy-keystoreJksNoPassword-KeyNoPassword"/>
            <property nome="location" valore="http://localhost:8080/govway/rest/in/DemoSoggettoErogatore/DemoNegoziazioneTokenSicurezzaMessaggio03ViaTokenPolicy/v1"/>
        </connettore>
        <azione>keystoreJksNoPassword-KeyNoPassword</azione>
    </configurazione-azione>
    <configurazione-azione>
        <connettore tipo="http" nome="CNT_SF_AZIONE_modipa/DemoSoggettoFruitore_modipa/DemoSoggettoErogatore_modipa/DemoNegoziazioneTokenSicurezzaMessaggio03ViaTokenPolicyKeystoreSenzaPassword/1_keystoreJksNoPassword-KeyWithPassword">
            <property nome="tokenPolicy" valore="MODI-NegoziazioneTokenPDND-datiInPolicy-keystoreJksNoPassword-KeyWithPassword"/>
            <property nome="location" valore="http://localhost:8080/govway/rest/in/DemoSoggettoErogatore/DemoNegoziazioneTokenSicurezzaMessaggio03ViaTokenPolicy/v1"/>
        </connettore>
        <azione>keystoreJksNoPassword-KeyWithPassword</azione>
    </configurazione-azione>
    <configurazione-azione>
        <connettore tipo="http" nome="CNT_SF_AZIONE_modipa/DemoSoggettoFruitore_modipa/DemoSoggettoErogatore_modipa/DemoNegoziazioneTokenSicurezzaMessaggio03ViaTokenPolicyKeystoreSenzaPassword/1_keystorePkcs12NoPassword-KeyNoPassword">
            <property nome="tokenPolicy" valore="MODI-NegoziazioneTokenPDND-datiInPolicy-keystorePkcs12NoPassword-KeyNoPassword"/>
            <property nome="location" valore="http://localhost:8080/govway/rest/in/DemoSoggettoErogatore/DemoNegoziazioneTokenSicurezzaMessaggio03ViaTokenPolicy/v1"/>
        </connettore>
        <azione>keystorePkcs12NoPassword-KeyNoPassword</azione>
    </configurazione-azione>
    <configurazione-azione>
        <connettore tipo="http" nome="CNT_SF_AZIONE_modipa/DemoSoggettoFruitore_modipa/DemoSoggettoErogatore_modipa/DemoNegoziazioneTokenSicurezzaMessaggio03ViaTokenPolicyKeystoreSenzaPassword/1_keystorePkcs12NoPassword-KeyWithPassword">
            <property nome="tokenPolicy" valore="MODI-NegoziazioneTokenPDND-datiInPolicy-keystorePkcs12NoPassword-KeyWithPassword"/>
            <property nome="location" valore="http://localhost:8080/govway/rest/in/DemoSoggettoErogatore/DemoNegoziazioneTokenSicurezzaMessaggio03ViaTokenPolicy/v1"/>
        </connettore>
        <azione>keystorePkcs12NoPassword-KeyWithPassword</azione>
    </configurazione-azione>
    <protocol-property name="modipaKeyAlias"/>
    <protocol-property name="modipaKeyPassword"/>
    <protocol-property name="modipaKeystoreByokPolicy"/>
    <protocol-property name="modipaKeystoreCertMode" value="default"/>
    <protocol-property name="modipaKeystoreFruizioneMode" value="token"/>
    <protocol-property name="modipaKeystoreKeyPairAlgo" value="RSA"/>
    <protocol-property name="modipaKeystoreMode" value="path"/>
    <protocol-property name="modipaKeystorePassword"/>
    <protocol-property name="modipaKeystorePath"/>
    <protocol-property name="modipaKeystorePathPublicKey"/>
    <protocol-property name="modipaKeystoreType" value="jks"/>
    <protocol-property name="modipaSecurityMessageHttpHeaders" value="Digest,Content-Type,Content-Encoding"/>
    <protocol-property name="modipaSecurityMessageRequestAud"/>
    <protocol-property name="modipaSecurityMessageRequestClaims"/>
    <protocol-property name="modipaSecurityMessageRequestExp" number-value="300"/>
    <protocol-property name="modipaSecurityMessageRestRequestAlg" value="RS256"/>
    <protocol-property name="modipaSecurityMessageRestRequestDigestEncoding" value="BASE64"/>
    <protocol-property name="modipaSecurityMessageRestRequestX509Cert" value="x5c,x5t"/>
    <protocol-property name="modipaSecurityMessageRestRequestX509CertUseCertificateChain" boolean-value="false"/>
    <protocol-property name="modipaSecurityMessageRestRequestX509Url"/>
    <protocol-property name="modipaSecurityOauthId"/>
    <protocol-property name="modipaSecurityOauthKid"/>
    <proprieta-oggetto utente-richiedente="amministratore" data-creazione="2025-04-01T14:05:13.657+02:00" utente-ultima-modifica="amministratore" data-ultima-modifica="2025-04-01T14:43:56.991+02:00"/>
</fruitore>
