<?xml version="1.0" encoding="UTF-8" standalone="yes"?>
<accordo-servizio-parte-comune xmlns="http://www.openspcoop2.org/core/registry" service-binding="soap" nome="PaForNode" profilo-collaborazione="sincrono" formato-specifica="wsdl11" utilizzo-senza-azione="true" filtro-duplicati="disabilitato" conferma-ricezione="disabilitato" consegna-in-ordine="disabilitato" ora-registrazione="2023-09-18T16:50:20.589+02:00" versione="1">
    <soggetto-referente tipo="modipa" nome="@OPENSPCOOP2_NOME_SOGGETTO_DEFAULT@"/>
    <port-type nome="paForNode" style="document" profilo-collaborazione="sincrono" filtro-duplicati="abilitato">
        <azione nome="paDemandPaymentNotice" soap-action="paDemandPaymentNotice" profilo-collaborazione="sincrono" filtro-duplicati="abilitato">
            <message-input use="literal" soap-namespace="http://pagopa-api.pagopa.gov.it/paForNode">
                <part name="bodyrequest" element-name="paDemandPaymentNoticeRequest" element-namespace="http://pagopa-api.pagopa.gov.it/pa/paForNode.xsd"/>
            </message-input>
            <message-output use="literal" soap-namespace="http://pagopa-api.pagopa.gov.it/paForNode">
                <part name="bodyresponse" element-name="paDemandPaymentNoticeResponse" element-namespace="http://pagopa-api.pagopa.gov.it/pa/paForNode.xsd"/>
            </message-output>
        </azione>
        <azione nome="paGetPayment" soap-action="paGetPayment" profilo-collaborazione="sincrono" filtro-duplicati="abilitato">
            <message-input use="literal" soap-namespace="http://pagopa-api.pagopa.gov.it/paForNode">
                <part name="bodyrequest" element-name="paGetPaymentReq" element-namespace="http://pagopa-api.pagopa.gov.it/pa/paForNode.xsd"/>
            </message-input>
            <message-output use="literal" soap-namespace="http://pagopa-api.pagopa.gov.it/paForNode">
                <part name="bodyresponse" element-name="paGetPaymentRes" element-namespace="http://pagopa-api.pagopa.gov.it/pa/paForNode.xsd"/>
            </message-output>
        </azione>
        <azione nome="paGetPaymentV2" soap-action="paGetPaymentV2" profilo-collaborazione="sincrono" filtro-duplicati="abilitato">
            <message-input use="literal" soap-namespace="http://pagopa-api.pagopa.gov.it/paForNode">
                <part name="bodyrequest" element-name="paGetPaymentV2Request" element-namespace="http://pagopa-api.pagopa.gov.it/pa/paForNode.xsd"/>
            </message-input>
            <message-output use="literal" soap-namespace="http://pagopa-api.pagopa.gov.it/paForNode">
                <part name="bodyresponse" element-name="paGetPaymentV2Response" element-namespace="http://pagopa-api.pagopa.gov.it/pa/paForNode.xsd"/>
            </message-output>
        </azione>
        <azione nome="paSendRT" soap-action="paSendRT" profilo-collaborazione="sincrono" filtro-duplicati="abilitato">
            <message-input use="literal" soap-namespace="http://pagopa-api.pagopa.gov.it/paForNode">
                <part name="bodyrequest" element-name="paSendRTReq" element-namespace="http://pagopa-api.pagopa.gov.it/pa/paForNode.xsd"/>
            </message-input>
            <message-output use="literal" soap-namespace="http://pagopa-api.pagopa.gov.it/paForNode">
                <part name="bodyresponse" element-name="paSendRTRes" element-namespace="http://pagopa-api.pagopa.gov.it/pa/paForNode.xsd"/>
            </message-output>
        </azione>
        <azione nome="paSendRTV2" soap-action="paSendRTV2" profilo-collaborazione="sincrono" filtro-duplicati="abilitato">
            <message-input use="literal" soap-namespace="http://pagopa-api.pagopa.gov.it/paForNode">
                <part name="bodyrequest" element-name="paSendRTV2Request" element-namespace="http://pagopa-api.pagopa.gov.it/pa/paForNode.xsd"/>
            </message-input>
            <message-output use="literal" soap-namespace="http://pagopa-api.pagopa.gov.it/paForNode">
                <part name="bodyresponse" element-name="paSendRTV2Response" element-namespace="http://pagopa-api.pagopa.gov.it/pa/paForNode.xsd"/>
            </message-output>
        </azione>
        <azione nome="paVerifyPaymentNotice" soap-action="paVerifyPaymentNotice" profilo-collaborazione="sincrono" filtro-duplicati="abilitato">
            <message-input use="literal" soap-namespace="http://pagopa-api.pagopa.gov.it/paForNode">
                <part name="bodyrequest" element-name="paVerifyPaymentNoticeReq" element-namespace="http://pagopa-api.pagopa.gov.it/pa/paForNode.xsd"/>
            </message-input>
            <message-output use="literal" soap-namespace="http://pagopa-api.pagopa.gov.it/paForNode">
                <part name="bodyresponse" element-name="paVerifyPaymentNoticeRes" element-namespace="http://pagopa-api.pagopa.gov.it/pa/paForNode.xsd"/>
            </message-output>
        </azione>
    </port-type>
    <allegato tipo="xsd" file="paForNode.xsd" ora-registrazione="2023-09-19T09:30:09.466+02:00"/>
    <allegato tipo="xsd" file="sac-common-types-1.0.xsd" ora-registrazione="2023-09-19T09:30:45.221+02:00"/>
    <protocol-property name="modipaSecurityChannelProfile" value="idac02"/>
    <protocol-property name="modipaSecurityMessageConfig"/>
    <protocol-property name="modipaSecurityMessageCorniceSicurezza" boolean-value="false"/>
    <protocol-property name="modipaSecurityMessageCorniceSicurezzaOpzionale" boolean-value="false"/>
    <protocol-property name="modipaSecurityMessageCorniceSicurezzaPattern"/>
    <protocol-property name="modipaSecurityMessageCorniceSicurezzaSchema"/>
    <protocol-property name="modipaSecurityMessageProfile" value="-"/>
    <protocol-property name="modipaSecurityMessageRequestDigest" boolean-value="false"/>
    <protocol-property name="modipaSecurityMessageSorgenteToken"/>
    <protocol-property name="modipaSecurityRequest"/>
    <protocol-property name="modipaSecurityRequestContentType"/>
    <protocol-property name="modipaSecurityResponse"/>
    <protocol-property name="modipaSecurityResponseContentType"/>
    <protocol-property name="modipaSecurityResponseReturnCode"/>
    <gruppi>
        <gruppo nome="pagoPA-v2"/>
    </gruppi>
</accordo-servizio-parte-comune>
