<?xml version="1.0" encoding="UTF-8" standalone="yes"?>
<accordo-servizio-parte-specifica xmlns="http://www.openspcoop2.org/core/registry" tipo="modipa" nome="SignalHubTest2" versione="1" accordo-servizio-parte-comune="modipa/ENTE:SignalHubTest:1" tipologia-servizio="normale" ora-registrazione="2025-05-11T07:51:36.110+02:00">
    <configurazione-servizio>
        <connettore tipo="disabilitato" nome="CNT_modipa/DemoSoggettoErogatore_modipa/SignalHubTest2/1"/>
    </configurazione-servizio>
    <protocol-property name="modipaInfoGenEserviceId" value="eServiceTestID2"/>
    <protocol-property name="modipaInfoGenSignalHub" boolean-value="true"/>
    <protocol-property name="modipaInfoGenSignalHubAlg" value="SHA-256"/>
    <protocol-property name="modipaInfoGenSignalHubOp" value="GET_pseudonymization"/>
    <protocol-property name="modipaInfoGenSignalHubPulisherRole" value="SignalHubRole3"/>
    <protocol-property name="modipaInfoGenSignalHubPulisherSA" value="-"/>
    <protocol-property name="modipaInfoGenSignalHubPulisherText" value="Pubblicatore"/>
    <protocol-property name="modipaInfoGenSignalHubSeedLifetime" number-value="5"/>
    <protocol-property name="modipaInfoGenSignalHubSeedSize" number-value="16"/>
    <proprieta-oggetto utente-richiedente="amministratore" data-creazione="2025-05-11T07:51:35.829+02:00" utente-ultima-modifica="amministratore" data-ultima-modifica="2025-05-11T07:54:41.182+02:00"/>
</accordo-servizio-parte-specifica>
