<?xml version="1.0" encoding="UTF-8" standalone="yes"?>
<fruitore xmlns="http://www.openspcoop2.org/core/registry" tipo="modipa" nome="SoggettoInternoVaultTestFruitore" ora-registrazione="2026-01-26T10:55:19.397+01:00">
    <connettore tipo="http" nome="CNT_SF_modipa/SoggettoInternoVaultTestFruitore_modipa/SoggettoInternoVaultTest_modipa/VaultTestDPoP/1">
        <property nome="tokenPolicy" valore="Vault-NegoziazioneSignedJWT-DPoP"/>
        <property nome="location" valore="http://127.0.0.1:8080/TestService/echo?existsHttpHeaders=Authorization,DPoP"/>
    </connettore>
    <configurazione-azione>
        <connettore tipo="http" nome="CNT_SF_AZIONE_modipa/SoggettoInternoVaultTestFruitore_modipa/SoggettoInternoVaultTest_modipa/VaultTestDPoP/1_archivio">
            <property nome="tokenPolicy" valore="Vault-NegoziazioneSignedJWT-DPoP-KeystoreApplicativo"/>
            <property nome="location" valore="http://127.0.0.1:8080/TestService/echo?existsHttpHeaders=Authorization,DPoP"/>
        </connettore>
        <azione>archivio</azione>
        <azione>path</azione>
    </configurazione-azione>
    <protocol-property name="modipaDPoPFruizioneKeystoreMode" value="-"/>
    <protocol-property name="modipaDPoPKeyAlias"/>
    <protocol-property name="modipaDPoPKeyPassword"/>
    <protocol-property name="modipaDPoPKeystoreByokPolicy"/>
    <protocol-property name="modipaDPoPKeystoreKeyPairAlgo"/>
    <protocol-property name="modipaDPoPKeystoreMode"/>
    <protocol-property name="modipaDPoPKeystorePassword"/>
    <protocol-property name="modipaDPoPKeystorePath"/>
    <protocol-property name="modipaDPoPKeystorePathPublicKey"/>
    <protocol-property name="modipaDPoPKeystoreType"/>
    <protocol-property name="modipaKeyAlias"/>
    <protocol-property name="modipaKeyPassword"/>
    <protocol-property name="modipaKeystoreByokPolicy"/>
    <protocol-property name="modipaKeystoreCertMode" value="-"/>
    <protocol-property name="modipaKeystoreKeyPairAlgo"/>
    <protocol-property name="modipaKeystoreMode"/>
    <protocol-property name="modipaKeystorePassword"/>
    <protocol-property name="modipaKeystorePath"/>
    <protocol-property name="modipaKeystorePathPublicKey"/>
    <protocol-property name="modipaKeystoreType"/>
    <protocol-property name="modipaSecurityOauthId"/>
    <protocol-property name="modipaSecurityOauthKid"/>
    <proprieta-oggetto utente-richiedente="amministratore" data-creazione="2026-01-26T10:55:19.372+01:00"/>
</fruitore>
