<?xml version="1.0" encoding="UTF-8" standalone="yes"?>
<accordo-servizio-parte-specifica xmlns="http://www.openspcoop2.org/core/registry" tipo="modipa" nome="DemoNegoziazioneTokenSicurezzaMessaggio04ViaTokenPolicy-DefinitoApplicativo" versione="1" accordo-servizio-parte-comune="modipa/ENTE:DemoNegoziazioneTokenSicurezzaMessaggio04ViaTokenPolicy:1" tipologia-servizio="normale" ora-registrazione="2023-12-18T09:59:30.048+01:00">
    <configurazione-servizio>
        <connettore tipo="disabilitato" nome="CNT_modipa/DemoSoggettoErogatore_modipa/DemoNegoziazioneTokenSicurezzaMessaggio04ViaTokenPolicy-DefinitoApplicativo/1"/>
    </configurazione-servizio>
    <protocol-property name="modipaSecurityMessageRequestAud"/>
    <protocol-property name="modipaSecurityMessageRequestDuplicateJti"/>
    <protocol-property name="modipaSecurityMessageRequestIatMode"/>
    <protocol-property name="modipaSecurityMessageRequestIatTtl" number-value="300"/>
    <protocol-property name="modipaSslTruststoreCRLs"/>
    <protocol-property name="modipaSslTruststoreMode"/>
    <protocol-property name="modipaSslTruststoreOCSP"/>
    <protocol-property name="modipaSslTruststorePassword"/>
    <protocol-property name="modipaSslTruststorePath"/>
    <protocol-property name="modipaSslTruststoreType"/>
    <protocol-property name="modipaTruststoreCRLs"/>
    <protocol-property name="modipaTruststoreMode"/>
    <protocol-property name="modipaTruststoreOCSP"/>
    <protocol-property name="modipaTruststorePassword"/>
    <protocol-property name="modipaTruststorePath"/>
    <protocol-property name="modipaTruststoreType"/>
    <proprieta-oggetto utente-richiedente="amministratore" data-creazione="2023-12-18T09:59:29.773+01:00" utente-ultima-modifica="amministratore" data-ultima-modifica="2023-12-18T10:00:05.618+01:00"/>
</accordo-servizio-parte-specifica>
