<?xml version="1.0" encoding="UTF-8" standalone="yes"?>
<accordo-servizio-parte-comune xmlns="http://www.openspcoop2.org/core/registry" service-binding="soap" nome="PagamentiTelematiciCCP" profilo-collaborazione="sincrono" formato-specifica="wsdl11" utilizzo-senza-azione="true" filtro-duplicati="disabilitato" conferma-ricezione="disabilitato" id-collaborazione="disabilitato" id-riferimento-richiesta="disabilitato" consegna-in-ordine="disabilitato" ora-registrazione="2018-07-26T12:29:18.258+02:00" versione="1">
    <soggetto-referente tipo="spc" nome="@OPENSPCOOP2_NOME_SOGGETTO@"/>
    <port-type nome="PagamentiTelematiciCCP" style="document" profilo-collaborazione="sincrono" filtro-duplicati="abilitato">
        <azione nome="paaAttivaRPT" soap-action="paaAttivaRPT" profilo-collaborazione="sincrono" filtro-duplicati="abilitato">
            <message-input use="literal">
                <part name="bodyrichiesta" element-name="paaAttivaRPT" element-namespace="http://ws.pagamenti.telematici.gov/"/>
            </message-input>
            <message-output use="literal">
                <part name="bodyrisposta" element-name="paaAttivaRPTRisposta" element-namespace="http://ws.pagamenti.telematici.gov/"/>
            </message-output>
        </azione>
        <azione nome="paaVerificaRPT" soap-action="paaVerificaRPT" profilo-collaborazione="sincrono" filtro-duplicati="abilitato">
            <message-input use="literal">
                <part name="bodyrichiesta" element-name="paaVerificaRPT" element-namespace="http://ws.pagamenti.telematici.gov/"/>
            </message-input>
            <message-output use="literal">
                <part name="bodyrisposta" element-name="paaVerificaRPTRisposta" element-namespace="http://ws.pagamenti.telematici.gov/"/>
            </message-output>
        </azione>
    </port-type>
    <allegato tipo="xsd" file="PagInf_RPT_RT_6_2_0.xsd" ora-registrazione="2018-07-26T14:52:59.635+02:00"/>
    <allegato tipo="xsd" file="WsdlTypes_1.xsd" ora-registrazione="2018-07-26T12:29:18.258+02:00"/>
    <allegato tipo="xsd" file="WsdlTypes_2.xsd" ora-registrazione="2018-07-26T12:29:18.258+02:00"/>
    <gruppi>
        <gruppo nome="pagoPA"/>
    </gruppi>
</accordo-servizio-parte-comune>
