<?xml version="1.0" encoding="UTF-8" standalone="yes"?>
<fruitore xmlns="http://www.openspcoop2.org/core/registry" tipo="gw" nome="SoggettoInternoTestFruitore" ora-registrazione="2022-02-24T13:26:25.818+01:00">
    <connettore tipo="http" nome="CNT_SF_gw/SoggettoInternoTestFruitore_gw/SoggettoInternoTest_gw/BackendRisposteNonRest/1">
        <property nome="location" valore="http://127.0.0.1:8080/TestService/echo"/>
    </connettore>
    <configurazione-azione>
        <connettore tipo="http" nome="CNT_SF_AZIONE_gw/SoggettoInternoTestFruitore_gw/SoggettoInternoTest_gw/BackendRisposteNonRest/1_invalidContentType1">
            <property nome="location" valore="http://127.0.0.1:8080/TestService/echo?destFile=/etc/govway/testfiles/HelloWorld.json&amp;destFileContentType=%22application/json%22;%20charset%3DUTF-8"/>
        </connettore>
        <azione>invalidContentType1</azione>
    </configurazione-azione>
    <configurazione-azione>
        <connettore tipo="http" nome="CNT_SF_AZIONE_gw/SoggettoInternoTestFruitore_gw/SoggettoInternoTest_gw/BackendRisposteNonRest/1_invalidContentType2">
            <property nome="location" valore="http://127.0.0.1:8080/TestService/echo?destFile=/etc/govway/testfiles/HelloWorld.json&amp;destFileContentType=%22application/json%22"/>
        </connettore>
        <azione>invalidContentType2</azione>
    </configurazione-azione>
</fruitore>
