<?xml version="1.0" encoding="UTF-8" standalone="yes"?>
<ns2:porta-applicativa xmlns:ns2="http://www.openspcoop2.org/core/config" nome="spc_@OPENSPCOOP2_NOME_SOGGETTO@/spc_PagamentiTelematiciRT60E/v1" descrizione="Service implementation spc/@OPENSPCOOP2_NOME_SOGGETTO@:spc/PagamentiTelematiciRT60E:1" ricevuta-asincrona-simmetrica="abilitato" ricevuta-asincrona-asimmetrica="abilitato" allega-body="disabilitato" scarta-body="disabilitato" autenticazione="ssl" autorizzazione="authenticated" ricerca-porta-azione-delegata="abilitato" stato="abilitato">
    <ns2:servizio tipo="spc" nome="PagamentiTelematiciRT60E" versione="1"/>
    <ns2:azione identificazione="soapActionBased" force-interface-based="abilitato"/>
    <ns2:servizio-applicativo nome="spc_@OPENSPCOOP2_NOME_SOGGETTO@/spc_PagamentiTelematiciRT/v1"/>
    <ns2:soggetti>
        <ns2:soggetto tipo="spc" nome="PortaEquivalenteProd"/>
    </ns2:soggetti>
    <ns2:correlazione-applicativa>
        <ns2:elemento nome="paaInviaRT" 
	identificazione="contentBased" pattern="concat_openspcoop(//{http://ws.pagamenti.telematici.gov/ppthead}intestazionePPT/identificativoDominio/text(),&#34;#&#34;,//{http://ws.pagamenti.telematici.gov/ppthead}intestazionePPT/identificativoUnivocoVersamento/text(),&#34;#&#34;,//{http://ws.pagamenti.telematici.gov/ppthead}intestazionePPT/codiceContestoPagamento/text())" 
	identificazione-fallita="accetta" riuso-identificativo="disabilitato"/>
	<ns2:elemento nome="" identificazione="disabilitato" />
    </ns2:correlazione-applicativa>
</ns2:porta-applicativa>
