<?xml version="1.0" encoding="UTF-8" standalone="yes"?>
<accordo-servizio-parte-comune xmlns="http://www.openspcoop2.org/core/registry" service-binding="soap" nome="SoapBlockingIDAS03MultipleOpDigestRichiesta" profilo-collaborazione="sincrono" formato-specifica="wsdl11" utilizzo-senza-azione="true" filtro-duplicati="disabilitato" conferma-ricezione="disabilitato" id-collaborazione="disabilitato" id-riferimento-richiesta="disabilitato" consegna-in-ordine="disabilitato" ora-registrazione="2020-11-05T18:21:53.985+01:00" versione="1">
    <soggetto-referente tipo="modipa" nome="ENTE"/>
    <port-type nome="SOAPBlockingImpl" style="document" profilo-collaborazione="sincrono" filtro-duplicati="abilitato">
        <azione nome="MOnlyRequest" style="document" profilo-collaborazione="oneway" filtro-duplicati="abilitato">
            <message-input use="literal">
                <part name="parameters" element-name="MOnlyRequestOp" element-namespace="http://amministrazioneesempio.it/nomeinterfacciaservizio"/>
            </message-input>
        </azione>
        <azione nome="MRequestResponse" style="document" profilo-collaborazione="sincrono" filtro-duplicati="abilitato">
            <message-input use="literal">
                <part name="parameters" element-name="MRequestOp" element-namespace="http://amministrazioneesempio.it/nomeinterfacciaservizio"/>
            </message-input>
            <message-output use="literal">
                <part name="parameters" element-name="MRequestResponseOp" element-namespace="http://amministrazioneesempio.it/nomeinterfacciaservizio"/>
            </message-output>
        </azione>
        <azione nome="MRequestResponse1" profilo-collaborazione="sincrono" filtro-duplicati="abilitato">
            <message-input use="literal">
                <part name="parameters" element-name="MRequestOp1" element-namespace="http://amministrazioneesempio.it/nomeinterfacciaservizio"/>
            </message-input>
            <message-output use="literal">
                <part name="parameters" element-name="MRequestResponseOp" element-namespace="http://amministrazioneesempio.it/nomeinterfacciaservizio"/>
            </message-output>
        </azione>
    </port-type>
    <allegato tipo="xsd" file="WsdlTypes_1.xsd" ora-registrazione="2020-10-28T18:49:56.359+01:00"/>
    <protocol-property name="modipaSecurityChannelProfile" value="idac01"/>
    <protocol-property name="modipaSecurityMessageCorniceSicurezza" boolean-value="false"/>
    <protocol-property name="modipaSecurityMessageProfile" value="idam0301"/>
    <protocol-property name="modipaSecurityMessageRequestDigest" boolean-value="true"/>
</accordo-servizio-parte-comune>
