<?xml version="1.0" encoding="UTF-8" standalone="yes"?>
<fruitore xmlns="http://www.openspcoop2.org/core/registry" tipo="gw" nome="SoggettoInternoTestFruitore" ora-registrazione="2022-08-03T17:32:16.081+02:00">
    <connettore tipo="http" nome="CNT_SF_gw/SoggettoInternoTestFruitore_gw/SoggettoInternoTest_gw/TrasformazioneVersioneSoap/1">
        <property nome="location" valore="http://127.0.0.1:8080/TestService/echo?replyHttpHeader=Content-Type&amp;replyPrefixHttpHeader=GovWay-TestSuite-"/>
    </connettore>
    <configurazione-azione>
        <connettore tipo="http" nome="CNT_SF_AZIONE_gw/SoggettoInternoTestFruitore_gw/SoggettoInternoTest_gw/TrasformazioneVersioneSoap/1_simple_12_to_11">
            <property nome="location" valore="http://127.0.0.1:8080/TestService/echo?replyHttpHeader=Content-Type,SOAPAction&amp;replyPrefixHttpHeader=GovWay-TestSuite-"/>
        </connettore>
        <azione>simple_12_to_11</azione>
    </configurazione-azione>
    <configurazione-azione>
        <connettore tipo="http" nome="CNT_SF_AZIONE_gw/SoggettoInternoTestFruitore_gw/SoggettoInternoTest_gw/TrasformazioneVersioneSoap/1_attachments_12_to_11">
            <property nome="location" valore="http://127.0.0.1:8080/TestService/echo?replyHttpHeader=Content-Type,SOAPAction&amp;replyPrefixHttpHeader=GovWay-TestSuite-"/>
        </connettore>
        <azione>attachments_12_to_11</azione>
    </configurazione-azione>
</fruitore>
