<?xml version="1.0" encoding="UTF-8" standalone="yes"?>
<fruitore xmlns="http://www.openspcoop2.org/core/registry" tipo="modipa" nome="DemoSoggettoFruitore" ora-registrazione="2020-10-09T12:53:55.437+02:00">
    <connettore tipo="https" nome="CNT_SF_modipa/DemoSoggettoFruitore_modipa/DemoSoggettoErogatore_modipa/ApiDemoNonBlockingRestPullNoValidazione/1">
        <property nome="debug" valore="false"/>
        <property nome="location" valore="https://Erogatore:8445/govway/rest/in/DemoSoggettoErogatore/ApiDemoNonBlockingRestPullNoValidazione/v1"/>
        <property nome="sslType" valore="TLSv1.3"/>
        <property nome="hostnameVerifier" valore="true"/>
        <property nome="trustAllCerts" valore="false"/>
        <property nome="trustStoreLocation" valore="/etc/govway/keys/erogatore.jks"/>
        <property nome="trustStoreType" valore="jks"/>
        <property nome="trustStorePassword" valore="openspcoop"/>
        <property nome="trustManagementAlgorithm" valore="PKIX"/>
    </connettore>
</fruitore>
