<?xml version="1.0" encoding="UTF-8" standalone="yes"?>
<accordo-servizio-parte-specifica xmlns="http://www.openspcoop2.org/core/registry" tipo="modipa" nome="RestBlockingIDAR03-AudienceAsArray" versione="1" accordo-servizio-parte-comune="modipa/ENTE:RestBlockingIDAR03:1" tipologia-servizio="normale" ora-registrazione="2024-01-22T16:20:02.105+01:00">
    <configurazione-servizio>
        <connettore tipo="disabilitato" nome="CNT_modipa/DemoSoggettoErogatore_modipa/RestBlockingIDAR03-AudienceAsArray/1"/>
    </configurazione-servizio>
    <protocol-property name="modipaKeyAlias"/>
    <protocol-property name="modipaKeyPassword"/>
    <protocol-property name="modipaKeystoreCertMode" value="default"/>
    <protocol-property name="modipaKeystoreKeyPairAlgo" value="RSA"/>
    <protocol-property name="modipaKeystoreMode" value="path"/>
    <protocol-property name="modipaKeystorePassword"/>
    <protocol-property name="modipaKeystorePath"/>
    <protocol-property name="modipaKeystorePathPublicKey"/>
    <protocol-property name="modipaKeystoreType" value="jks"/>
    <protocol-property name="modipaSecurityMessageHttpHeaders" value="Digest,Content-Type,Content-Encoding,IDAR03TestHeader"/>
    <protocol-property name="modipaSecurityMessageRequestAud" value="testsuite"/>
    <protocol-property name="modipaSecurityMessageRequestIatMode" value="default"/>
    <protocol-property name="modipaSecurityMessageRequestIatTtl"/>
    <protocol-property name="modipaSecurityMessageResponseClaims" value="aud=[testsuite-server-response]"/>
    <protocol-property name="modipaSecurityMessageResponseExp" number-value="300"/>
    <protocol-property name="modipaSecurityMessageRestRequestX509Cert" value="x5c,x5t"/>
    <protocol-property name="modipaSecurityMessageRestResponseAlg" value="RS256"/>
    <protocol-property name="modipaSecurityMessageRestResponseDigestEncoding" value="BASE64"/>
    <protocol-property name="modipaSecurityMessageRestResponseX509Cert" value="x5c,x5t"/>
    <protocol-property name="modipaSecurityMessageRestResponseX509CertAsReq" value="true"/>
    <protocol-property name="modipaSecurityMessageRestResponseX509CertUseCertificateChain" boolean-value="false"/>
    <protocol-property name="modipaSecurityMessageRestResponseX509Url"/>
    <protocol-property name="modipaSslTruststoreCRLs"/>
    <protocol-property name="modipaSslTruststoreMode" value="default"/>
    <protocol-property name="modipaSslTruststoreOCSP"/>
    <protocol-property name="modipaSslTruststorePassword"/>
    <protocol-property name="modipaSslTruststorePath"/>
    <protocol-property name="modipaSslTruststoreType" value="jks"/>
    <protocol-property name="modipaTruststoreCRLs"/>
    <protocol-property name="modipaTruststoreMode" value="default"/>
    <protocol-property name="modipaTruststoreOCSP"/>
    <protocol-property name="modipaTruststorePassword"/>
    <protocol-property name="modipaTruststorePath"/>
    <protocol-property name="modipaTruststoreType" value="jks"/>
    <proprieta-oggetto utente-richiedente="amministratore" data-creazione="2024-01-22T16:20:01.736+01:00" utente-ultima-modifica="amministratore" data-ultima-modifica="2024-01-22T17:34:54.410+01:00"/>
</accordo-servizio-parte-specifica>
