<?xml version="1.0" encoding="UTF-8" standalone="yes"?>
<ns2:servizio-applicativo xmlns:ns2="http://www.openspcoop2.org/core/config" nome="gw_ENTE/gw_StressTestSoapValidazione/v1" use-as-client="false">
    <ns2:invocazione-servizio sbustamento-soap="disabilitato" sbustamento-informazioni-protocollo="abilitato" get-message="disabilitato" autenticazione="none" invio-per-riferimento="disabilitato" risposta-per-riferimento="disabilitato">
        <ns2:connettore tipo="http" nome="ConnettoreINV_gw_ENTE/gw_StressTestSoapValidazione/v1_gwENTE">
            <ns2:property nome="location" valore="http://StressTestServer:8081/TestService/echo?sleepMin=${header:GovWay-StressTest-SleepMin}&amp;sleepMax=${header:GovWay-StressTest-SleepMax}"/>
        </ns2:connettore>
    </ns2:invocazione-servizio>
    <ns2:risposta-asincrona sbustamento-soap="disabilitato" sbustamento-informazioni-protocollo="abilitato" get-message="disabilitato" autenticazione="none" invio-per-riferimento="disabilitato" risposta-per-riferimento="disabilitato">
        <ns2:connettore tipo="disabilitato" nome="ConnettoreRISP_gw_ENTE/gw_StressTestSoapValidazione/v1_gwENTE"/>
    </ns2:risposta-asincrona>
</ns2:servizio-applicativo>
