<?xml version="1.0" encoding="UTF-8" standalone="yes"?>
<accordo-servizio-parte-specifica xmlns="http://www.openspcoop2.org/core/registry" tipo="modipa" nome="PKCS11TestSOAPtrustStore" versione="1" accordo-servizio-parte-comune="modipa/ENTE:PKCS11TestSOAP:1" tipologia-servizio="normale" port-type="PKCS11TestSOAP" ora-registrazione="2021-10-01T11:36:10.928+02:00">
    <configurazione-servizio>
        <connettore tipo="disabilitato" nome="CNT_modipa/DemoSoggettoErogatore_modipa/PKCS11TestSOAPtrustStore/1"/>
    </configurazione-servizio>
    <protocol-property name="modipaKeyAlias" value="server2_hsm"/>
    <protocol-property name="modipaKeyPassword"/>
    <protocol-property name="modipaKeystoreCertMode" value="ridefinisci"/>
    <protocol-property name="modipaKeystoreMode" value="hsm"/>
    <protocol-property name="modipaKeystorePassword"/>
    <protocol-property name="modipaKeystorePath"/>
    <protocol-property name="modipaKeystoreType" value="pkcs11-server"/>
    <protocol-property name="modipaSecurityMessageRequestAud" value="testPKCS11"/>
    <protocol-property name="modipaSecurityMessageRequestIatMode" value="default"/>
    <protocol-property name="modipaSecurityMessageRequestIatTtl"/>
    <protocol-property name="modipaSecurityMessageResponseExp" number-value="300"/>
    <protocol-property name="modipaSecurityMessageSoapHeaders"/>
    <protocol-property name="modipaSecurityMessageSoapResponseAlg" value="http://www.w3.org/2001/04/xmldsig-more#rsa-sha256"/>
    <protocol-property name="modipaSecurityMessageSoapResponseCanonicalizationAlg" value="http://www.w3.org/2001/10/xml-exc-c14n#"/>
    <protocol-property name="modipaSecurityMessageSoapResponseX509Cert" value="DirectReference"/>
    <protocol-property name="modipaSecurityMessageSoapResponseX509CertIncludeSignatureToken" boolean-value="false"/>
    <protocol-property name="modipaSecurityMessageSoapResponseX509CertUseCertificateChain" boolean-value="false"/>
    <protocol-property name="modipaTruststoreCRLs"/>
    <protocol-property name="modipaTruststoreMode" value="ridefinisci"/>
    <protocol-property name="modipaTruststorePassword"/>
    <protocol-property name="modipaTruststorePath"/>
    <protocol-property name="modipaTruststoreType" value="pkcs11-modi-client"/>
</accordo-servizio-parte-specifica>
