<?xml version="1.0" encoding="UTF-8" standalone="yes"?>
<accordo-servizio-parte-specifica xmlns="http://www.openspcoop2.org/core/registry" tipo="modipa" nome="SoapBlockingAuditRest01-JWK" versione="1" accordo-servizio-parte-comune="modipa/ENTE:SoapBlockingAuditRest01:1" tipologia-servizio="normale" port-type="SoapBlockingAuditRest01" ora-registrazione="2023-05-25T17:39:40.648+02:00">
    <configurazione-servizio>
        <connettore tipo="disabilitato" nome="CNT_modipa/DemoSoggettoErogatore_modipa/SoapBlockingAuditRest01-JWK/1"/>
    </configurazione-servizio>
    <protocol-property name="modipaSecurityMessageRequestAud" value="SoapBlockingAuditRest01-JWK/v1"/>
    <protocol-property name="modipaSecurityMessageRequestAuditAud"/>
    <protocol-property name="modipaSecurityMessageRequestAuditAudMode" value="same"/>
    <protocol-property name="modipaSecurityMessageRequestDuplicateJti" value="modi"/>
    <protocol-property name="modipaSecurityMessageRequestIatMode" value="default"/>
    <protocol-property name="modipaSecurityMessageRequestIatTtl"/>
    <protocol-property name="modipaTruststoreCRLs"/>
    <protocol-property name="modipaTruststoreMode" value="ridefinisci"/>
    <protocol-property name="modipaTruststoreOCSP"/>
    <protocol-property name="modipaTruststorePassword"/>
    <protocol-property name="modipaTruststorePath" value="/etc/govway/keys/truststore_certificati.jwk"/>
    <protocol-property name="modipaTruststoreType" value="jwk"/>
</accordo-servizio-parte-specifica>
