<?xml version="1.0" encoding="UTF-8" standalone="yes"?>
<accordo-servizio-parte-comune xmlns="http://www.openspcoop2.org/core/registry" service-binding="soap" nome="TestRedirectSOAP" profilo-collaborazione="sincrono" formato-specifica="wsdl11" utilizzo-senza-azione="true" filtro-duplicati="disabilitato" conferma-ricezione="disabilitato" consegna-in-ordine="disabilitato" ora-registrazione="2021-11-16T12:24:29.176+01:00" versione="1">
    <soggetto-referente tipo="gw" nome="ENTE"/>
    <port-type nome="TestRedirectSOAP" style="document" profilo-collaborazione="sincrono" filtro-duplicati="disabilitato" conferma-ricezione="disabilitato" id-collaborazione="disabilitato" id-riferimento-richiesta="disabilitato" consegna-in-ordine="disabilitato">
        <azione nome="follow" profilo-collaborazione="sincrono" filtro-duplicati="disabilitato" conferma-ricezione="disabilitato" id-collaborazione="disabilitato" id-riferimento-richiesta="disabilitato" consegna-in-ordine="disabilitato"/>
        <azione nome="follow-maxhop" profilo-collaborazione="sincrono" filtro-duplicati="disabilitato" conferma-ricezione="disabilitato" id-collaborazione="disabilitato" id-riferimento-richiesta="disabilitato" consegna-in-ordine="disabilitato"/>
        <azione nome="not-follow" profilo-collaborazione="sincrono" filtro-duplicati="disabilitato" conferma-ricezione="disabilitato" id-collaborazione="disabilitato" id-riferimento-richiesta="disabilitato" consegna-in-ordine="disabilitato"/>
    </port-type>
    <gruppi>
        <gruppo nome="TestConnettori"/>
    </gruppi>
</accordo-servizio-parte-comune>
