<?xml version="1.0" encoding="UTF-8" standalone="yes"?>
<accordo-servizio-parte-specifica xmlns="http://www.openspcoop2.org/core/registry" tipo="modipa" nome="SOAPBlockingIDAS01LowTTL" versione="1" accordo-servizio-parte-comune="modipa/ENTE:SoapBlockingIDAS01:1" tipologia-servizio="normale" port-type="SOAPBlockingImpl" ora-registrazione="2020-10-27T11:44:23.224+01:00" descrizione="">
    <configurazione-servizio>
        <connettore tipo="disabilitato" nome="CNT_modipa/DemoSoggettoErogatore_modipa/SOAPBlockingIDAS01LowTTL/1"/>
    </configurazione-servizio>
    <protocol-property name="modipaTruststoreMode" value="default"/>
    <protocol-property name="modipaSecurityMessageRequestAud" value="testsuite"/>
    <protocol-property name="modipaTruststorePath"/>
    <protocol-property name="modipaTruststoreType" value="jks"/>
    <protocol-property name="modipaTruststorePassword"/>
    <protocol-property name="modipaTruststoreCRLs"/>
    <protocol-property name="modipaSecurityMessageSoapResponseAlg" value="http://www.w3.org/2001/04/xmldsig-more#rsa-sha256"/>
    <protocol-property name="modipaSecurityMessageSoapResponseCanonicalizationAlg" value="http://www.w3.org/2001/10/xml-exc-c14n#"/>
    <protocol-property name="modipaSecurityMessageSoapResponseX509Cert" value="DirectReference"/>
    <protocol-property name="modipaSecurityMessageSoapResponseX509CertUseCertificateChain" boolean-value="false"/>
    <protocol-property name="modipaSecurityMessageSoapResponseX509CertIncludeSignatureToken" boolean-value="false"/>
    <protocol-property name="modipaKeystoreCertMode" value="default"/>
    <protocol-property name="modipaSecurityMessageResponseExp" number-value="1"/>
    <protocol-property name="modipaKeystoreMode" value="archive"/>
    <protocol-property name="modipaKeystorePath"/>
    <protocol-property name="modipaKeystoreType" value="jks"/>
    <protocol-property name="modipaKeystorePassword"/>
    <protocol-property name="modipaKeyAlias"/>
    <protocol-property name="modipaKeyPassword"/>
</accordo-servizio-parte-specifica>
