<?xml version="1.0" encoding="UTF-8" standalone="yes"?>
<fruitore xmlns="http://www.openspcoop2.org/core/registry" tipo="modipa" nome="DemoSoggettoFruitore" ora-registrazione="2026-01-23T14:28:31.086+01:00">
    <connettore tipo="http" nome="CNT_SF_modipa/DemoSoggettoFruitore_modipa/DemoSoggettoErogatore_modipa/DemoNegoziazioneTokenDPoP-RS256-DefinitoFruizioneRidefinito-Archivio/1">
        <property nome="tokenPolicy" valore="ModI-NegoziazionePDND-DPoP-RS256-DefinitoFruizioneDefault"/>
        <property nome="location" valore="http://localhost:8080/govway/rest/in/DemoSoggettoErogatore/DemoNegoziazioneTokenDPoP-RS256/v1"/>
    </connettore>
    <protocol-property name="modipaDPoPFruizioneKeystoreMode" value="ridefinisci"/>
    <protocol-property name="modipaDPoPKeyAlias" value="ExampleClient1"/>
    <protocol-property name="modipaDPoPKeyPassword" value="123456"/>
    <protocol-property name="modipaDPoPKeystoreArchive" file="ExampleClient1.p12"/>
    <protocol-property name="modipaDPoPKeystoreByokPolicy"/>
    <protocol-property name="modipaDPoPKeystoreKeyPairAlgo"/>
    <protocol-property name="modipaDPoPKeystoreMode" value="archive"/>
    <protocol-property name="modipaDPoPKeystorePassword" value="123456"/>
    <protocol-property name="modipaDPoPKeystorePath"/>
    <protocol-property name="modipaDPoPKeystorePathPublicKey"/>
    <protocol-property name="modipaDPoPKeystoreType" value="pkcs12"/>
    <protocol-property name="modipaKeyAlias"/>
    <protocol-property name="modipaKeyPassword"/>
    <protocol-property name="modipaKeystoreByokPolicy"/>
    <protocol-property name="modipaKeystoreCertMode" value="default"/>
    <protocol-property name="modipaKeystoreFruizioneMode" value="token"/>
    <protocol-property name="modipaKeystoreKeyPairAlgo" value="RSA"/>
    <protocol-property name="modipaKeystoreMode" value="archive"/>
    <protocol-property name="modipaKeystorePassword"/>
    <protocol-property name="modipaKeystorePath"/>
    <protocol-property name="modipaKeystorePathPublicKey"/>
    <protocol-property name="modipaKeystoreType" value="pkcs12"/>
    <protocol-property name="modipaSecurityMessageCorniceSicurezzaSchemaModeLoA" value="ridefinisci"/>
    <protocol-property name="modipaSecurityMessageCorniceSicurezzaSchemaModeuserID" value="ridefinisci"/>
    <protocol-property name="modipaSecurityMessageCorniceSicurezzaSchemaModeuserLocation" value="ridefinisci"/>
    <protocol-property name="modipaSecurityMessageCorniceSicurezzaSchemaValueLoA" value="userLoa"/>
    <protocol-property name="modipaSecurityMessageCorniceSicurezzaSchemaValueuserID" value="testTest"/>
    <protocol-property name="modipaSecurityMessageCorniceSicurezzaSchemaValueuserLocation" value="userLocation"/>
    <protocol-property name="modipaSecurityMessageHttpHeaders" value="Digest,Content-Type,Content-Encoding"/>
    <protocol-property name="modipaSecurityMessageRequestAud" value="test"/>
    <protocol-property name="modipaSecurityMessageRequestAuditAud"/>
    <protocol-property name="modipaSecurityMessageRequestAuditAudMode" value="same"/>
    <protocol-property name="modipaSecurityMessageRequestClaims"/>
    <protocol-property name="modipaSecurityMessageRequestExp" number-value="300"/>
    <protocol-property name="modipaSecurityMessageResponseAud" boolean-value="false"/>
    <protocol-property name="modipaSecurityMessageResponseAudExpected"/>
    <protocol-property name="modipaSecurityMessageResponseIatMode" value="default"/>
    <protocol-property name="modipaSecurityMessageResponseIatTtl"/>
    <protocol-property name="modipaSecurityMessageRestRequestAlg" value="RS256"/>
    <protocol-property name="modipaSecurityMessageRestRequestDigestEncoding" value="BASE64"/>
    <protocol-property name="modipaSecurityMessageRestRequestX509Url"/>
    <protocol-property name="modipaSecurityOauthId"/>
    <protocol-property name="modipaSecurityOauthKid"/>
    <protocol-property name="modipaSslTruststoreCRLs"/>
    <protocol-property name="modipaSslTruststoreMode" value="default"/>
    <protocol-property name="modipaSslTruststoreOCSP"/>
    <protocol-property name="modipaSslTruststorePassword"/>
    <protocol-property name="modipaSslTruststorePath"/>
    <protocol-property name="modipaSslTruststoreType" value="jks"/>
    <protocol-property name="modipaTruststoreCRLs"/>
    <protocol-property name="modipaTruststoreMode" value="ridefinisci"/>
    <protocol-property name="modipaTruststoreOCSP"/>
    <protocol-property name="modipaTruststorePassword" value="123456"/>
    <protocol-property name="modipaTruststorePath" value="/etc/govway/keys/xca/trustStore_certificati.jks"/>
    <protocol-property name="modipaTruststoreType" value="jks"/>
    <proprieta-oggetto utente-richiedente="amministratore" data-creazione="2026-01-23T14:28:30.776+01:00" utente-ultima-modifica="amministratore" data-ultima-modifica="2026-01-23T14:32:40.372+01:00"/>
</fruitore>
