<?xml version="1.0" encoding="UTF-8" standalone="yes"?>
<fruitore xmlns="http://www.openspcoop2.org/core/registry" tipo="modipa" nome="DemoSoggettoFruitore" ora-registrazione="2026-01-21T19:55:29.116+01:00">
    <connettore tipo="http" nome="CNT_SF_modipa/DemoSoggettoFruitore_modipa/DemoSoggettoErogatore_modipa/DemoNegoziazioneTokenDPoP-ES256-DefinitoApplicativo/1">
        <property nome="tokenPolicy" valore="ModI-NegoziazionePDND-DPoP-ES256-DefinitoApplicativo"/>
        <property nome="location" valore="http://localhost:8080/govway/rest/in/DemoSoggettoErogatore/DemoNegoziazioneTokenDPoP-ES256/v1"/>
    </connettore>
    <protocol-property name="modipaDPoPFruizioneKeystoreMode" value="-"/>
    <protocol-property name="modipaDPoPKeyAlias"/>
    <protocol-property name="modipaDPoPKeyPassword"/>
    <protocol-property name="modipaDPoPKeystoreByokPolicy"/>
    <protocol-property name="modipaDPoPKeystoreKeyPairAlgo"/>
    <protocol-property name="modipaDPoPKeystoreMode"/>
    <protocol-property name="modipaDPoPKeystorePassword"/>
    <protocol-property name="modipaDPoPKeystorePath"/>
    <protocol-property name="modipaDPoPKeystorePathPublicKey"/>
    <protocol-property name="modipaDPoPKeystoreType"/>
    <protocol-property name="modipaKeyAlias"/>
    <protocol-property name="modipaKeyPassword"/>
    <protocol-property name="modipaKeystoreByokPolicy"/>
    <protocol-property name="modipaKeystoreCertMode" value="default"/>
    <protocol-property name="modipaKeystoreFruizioneMode" value="token"/>
    <protocol-property name="modipaKeystoreKeyPairAlgo" value="RSA"/>
    <protocol-property name="modipaKeystoreMode" value="path"/>
    <protocol-property name="modipaKeystorePassword"/>
    <protocol-property name="modipaKeystorePath"/>
    <protocol-property name="modipaKeystorePathPublicKey"/>
    <protocol-property name="modipaKeystoreType" value="jks"/>
    <protocol-property name="modipaSecurityMessageCorniceSicurezzaSchemaModeLoA" value="ridefinisci"/>
    <protocol-property name="modipaSecurityMessageCorniceSicurezzaSchemaModeuserID" value="ridefinisci"/>
    <protocol-property name="modipaSecurityMessageCorniceSicurezzaSchemaModeuserLocation" value="ridefinisci"/>
    <protocol-property name="modipaSecurityMessageCorniceSicurezzaSchemaValueLoA" value="loa2"/>
    <protocol-property name="modipaSecurityMessageCorniceSicurezzaSchemaValueuserID" value="userTest"/>
    <protocol-property name="modipaSecurityMessageCorniceSicurezzaSchemaValueuserLocation" value="locationTest"/>
    <protocol-property name="modipaSecurityMessageHttpHeaders" value="Digest,Content-Type,Content-Encoding"/>
    <protocol-property name="modipaSecurityMessageRequestAud" value="test"/>
    <protocol-property name="modipaSecurityMessageRequestAuditAud"/>
    <protocol-property name="modipaSecurityMessageRequestAuditAudMode" value="same"/>
    <protocol-property name="modipaSecurityMessageRequestClaims"/>
    <protocol-property name="modipaSecurityMessageRequestExp" number-value="300"/>
    <protocol-property name="modipaSecurityMessageResponseAud" boolean-value="false"/>
    <protocol-property name="modipaSecurityMessageResponseAudExpected"/>
    <protocol-property name="modipaSecurityMessageResponseIatMode" value="default"/>
    <protocol-property name="modipaSecurityMessageResponseIatTtl"/>
    <protocol-property name="modipaSecurityMessageRestRequestAlg" value="ES256"/>
    <protocol-property name="modipaSecurityMessageRestRequestDigestEncoding" value="BASE64"/>
    <protocol-property name="modipaSecurityMessageRestRequestX509Url"/>
    <protocol-property name="modipaSecurityOauthId"/>
    <protocol-property name="modipaSecurityOauthKid"/>
    <protocol-property name="modipaSslTruststoreCRLs"/>
    <protocol-property name="modipaSslTruststoreMode" value="default"/>
    <protocol-property name="modipaSslTruststoreOCSP"/>
    <protocol-property name="modipaSslTruststorePassword"/>
    <protocol-property name="modipaSslTruststorePath"/>
    <protocol-property name="modipaSslTruststoreType" value="jks"/>
    <protocol-property name="modipaTruststoreCRLs"/>
    <protocol-property name="modipaTruststoreMode" value="ridefinisci"/>
    <protocol-property name="modipaTruststoreOCSP"/>
    <protocol-property name="modipaTruststorePassword"/>
    <protocol-property name="modipaTruststorePath" value="/etc/govway/keys/keyPair-test-es256.jwks"/>
    <protocol-property name="modipaTruststoreType" value="jwk"/>
    <proprieta-oggetto utente-richiedente="amministratore" data-creazione="2026-01-21T19:55:29.015+01:00" utente-ultima-modifica="amministratore" data-ultima-modifica="2026-01-21T20:04:17.349+01:00"/>
</fruitore>
