<?xml version="1.0" encoding="UTF-8"?>
<openspcoop2 xmlns="http://www.openspcoop2.org/protocol/information_missing">

	<wizard step="6" step-in-delete="1" descrizione="pagoPA - Piattaforma Pagamenti Telematici v1" intestazione-originale="false" >
                <requisiti>
                        <protocollo nome="modipa"/>
                </requisiti>
        </wizard> 
	<operazione>

		<soggetto tipo="RIFERIMENTO" descrizione="Soggetto"
			  protocollo="modipa" tipo-pdd="operativo" >
			<replace-match>
				<nome tipo="EMPTY" />
				<tipo tipo="EQUALS" valore="modipa" />
			</replace-match>
			<header>
				<item tipo="note" valore="Selezionare il soggetto PA che deve interagire con la piattaforma dei servizi pagoPA"/>
			</header>
		</soggetto>

	</operazione>

	<operazione>

		<fruitore tipo="CONNETTORE" descrizione="Fruizione Servizio 'NodoPerPa' (1/3)"
			protocollo="modipa">
		        <replace-match>
		        	<!-- <nome tipo="EMPTY" /> e' gia' il valore inserito allo step precedente -->
				<tipo tipo="EQUALS" valore="modipa" />
				<nome-servizio tipo="EQUALS" valore="NodoPerPa" />
				<tipo-servizio tipo="EQUALS" valore="modipa" />
		        </replace-match>
			<header>
				<item tipo="note" valore="Definire l'endpoint a cui vengono inviate le richieste alla piattaforma dei servizi pagoPA."/>
				<item tipo="note" valore="Nota: Verificare l'endpoint della piattaforma target ottenuta durante l'accreditamento del canale"/>
				<item tipo="subtitle" label="Connettore"/>
			</header>
			<default>
				<proprieta nome="interfaccia" valore="standard"/>
				<proprieta nome="connettore" valore="http"/>
				<proprieta nome="endpointtype" valore="http"/>
				<!--<proprieta nome="endpointtype" valore="https"/>
				<proprieta nome="endpointtype_ckb" valore="abilitato"/>
				<proprieta nome="endpointtype_https" valore="abilitato"/>
				<proprieta nome="httpsstato" valore="abilitato"/>-->
				<proprieta nome="url" valore="https://api.platform.pagopa.it/nodo-auth/nodo-per-pa/v1"/>
			</default>
		</fruitore>

	</operazione>

        <operazione>

                <input descrizione="Fruizione Servizio 'NodoPerPa' (2/3)">

                        <proprieta use-in-delete="false" placeholder="ID_SUB_KEY" nome="Subscription-Key" >
<!--                                <header>
                                        <item tipo="subtitle" label="Ocp Apim Subscription-Key"/>
                                </header>-->
                        </proprieta>

                </input>

        </operazione>

	<operazione>

		<servizio-applicativo tipo="CREDENZIALI_ACCESSO_PDD" descrizione="Fruizione Servizio 'NodoPerPa' (3/3)">
			<replace-match>
				<nome tipo="EQUALS" valore="NodoPerPa" />
			</replace-match>
			<header>
				<item tipo="note" valore="Definire la modalità di autenticazione dell'applicativo interno."/>
				<item tipo="note" valore="Le credenziali indicate dovranno essere utilizzate dall'applicativo interno per fruire del servizio 'NodoPerPa'"/>
				<item tipo="subtitle" label="Credenziali di Accesso"/>
			</header>
			<default>
				<proprieta nome="tipoauthCredenziali" valore="basic"/>
				<proprieta nome="utenteCredenziali" valore="Client-pagoPA"/>
			</default>
		</servizio-applicativo>
		<servizio-applicativo tipo="ALLINEA_CREDENZIALI_PD" descrizione="Allineo tipo di autenticazione nelle porteDelegate riferite">
			<replace-match>
		                <nome tipo="EQUALS" valore="NodoPerPa" />
		        </replace-match>
		</servizio-applicativo>

	</operazione>

	<operazione>

		<servizio-applicativo tipo="CONNETTORE" descrizione="Erogazione Servizio 'PaPerNodo'"
			protocollo="trasparente">
		        <replace-match>
		                <nome tipo="ENDS_WITH" valore="/modipa_PaPerNodo/v1" />
		        </replace-match>
			<header>
				<item tipo="note" valore="Definire l'endpoint dell'applicativo interno"/>
				<item tipo="subtitle" label="Connettore"/>
			</header>
			<default>
				<proprieta nome="interfaccia" valore="standard"/>
				<proprieta nome="connettore" valore="http"/>
				<proprieta nome="sbustamento" valore="disabilitato"/>
				<proprieta nome="sbustamentoInformazioniProtocolloRichiesta" valore="abilitato"/>
				<proprieta nome="endpointtype" valore="http"/>
				<proprieta nome="endpointtype_ckb" valore="abilitato"/>
				<proprieta nome="endpointtype_https" valore="disabilitato"/>
				<proprieta nome="url" valore="https://..."/>
			</default>
		</servizio-applicativo>

	</operazione>

	<operazione>

		<servizio-applicativo tipo="CONNETTORE" descrizione="Erogazione Servizio 'PaPerNodoPagamentoPsp'"
			protocollo="trasparente">
		        <replace-match>
		                <nome tipo="ENDS_WITH" valore="/modipa_PaPerNodoPagamentoPsp/v1" />
		        </replace-match>
			<header>
				<item tipo="note" valore="Definire l'endpoint dell'applicativo interno"/>
				<item tipo="subtitle" label="Connettore"/>
			</header>
			<default>
				<proprieta nome="interfaccia" valore="standard"/>
				<proprieta nome="connettore" valore="http"/>
				<proprieta nome="sbustamento" valore="disabilitato"/>
				<proprieta nome="sbustamentoInformazioniProtocolloRichiesta" valore="abilitato"/>
				<proprieta nome="endpointtype" valore="http"/>
				<proprieta nome="endpointtype_ckb" valore="abilitato"/>
				<proprieta nome="endpointtype_https" valore="disabilitato"/>
				<proprieta nome="url" valore="https://..."/>
			</default>
		</servizio-applicativo>

	</operazione>


	<operazione>

		<accordo-servizio-parte-comune tipo="STATO_ARCHIVIO" descrizione="StatiAccordiImpostatiAOperativi" stato="operativo">
			<replace-match>
				<nome tipo="ALL" />
			</replace-match>
		</accordo-servizio-parte-comune>


		<accordo-servizio-parte-specifica tipo="STATO_ARCHIVIO" descrizione="StatiAccordiImpostatiAOperativi" stato="operativo">
		        <replace-match>
		                <nome tipo="ALL" />
		        </replace-match>
		</accordo-servizio-parte-specifica>

		<fruitore tipo="STATO_ARCHIVIO" descrizione="StatiAccordiImpostatiAOperativi" stato="operativo">
		        <replace-match>
		                <nome tipo="ALL" />
		        </replace-match>
		</fruitore>

	</operazione>

	<operazione>

		<porta-delegata tipo="STATO" descrizione="NodoPerPa StatoAbilitato" stato="abilitato">
			<replace-match>
				<nome tipo="ENDS_WITH" valore="/modipa_NodoPerPa/v1" />
			</replace-match>
		</porta-delegata>
		<porta-applicativa tipo="STATO" descrizione="PaPerNodo StatoAbilitato" stato="abilitato">
			<replace-match>
				<nome tipo="ENDS_WITH" valore="/modipa_PaPerNodo/v1" />
			</replace-match>
		</porta-applicativa>
		<porta-applicativa tipo="STATO" descrizione="PaPerNodoPagamentoPsp StatoDisabilitato" stato="abilitato">
			<replace-match>
				<nome tipo="ENDS_WITH" valore="/modipa_PaPerNodoPagamentoPsp/v1" />
			</replace-match>
		</porta-applicativa>

	</operazione>

</openspcoop2>
