<?xml version="1.0" encoding="UTF-8" standalone="yes"?>
<ns2:servizio-applicativo xmlns:ns2="http://www.openspcoop2.org/core/config" nome="modipa_@OPENSPCOOP2_NOME_SOGGETTO@/modipa_PaPerNodoPagamentoPsp/v1" use-as-client="false">
    <ns2:invocazione-servizio sbustamento-soap="disabilitato" sbustamento-informazioni-protocollo="abilitato" get-message="disabilitato" autenticazione="none" invio-per-riferimento="disabilitato" risposta-per-riferimento="disabilitato">
        <ns2:connettore tipo="http" nome="ConnettoreINV_modipa_@OPENSPCOOP2_NOME_SOGGETTO@/modipa_PaPerNodoPagamentoPsp/v1_modipa@OPENSPCOOP2_NOME_SOGGETTO@">
            <ns2:property nome="location" valore="http://changeIt"/>
        </ns2:connettore>
    </ns2:invocazione-servizio>
    <ns2:risposta-asincrona sbustamento-soap="disabilitato" sbustamento-informazioni-protocollo="abilitato" get-message="disabilitato" autenticazione="none" invio-per-riferimento="disabilitato" risposta-per-riferimento="disabilitato">
        <ns2:connettore tipo="disabilitato" nome="ConnettoreRISP_modipa_@OPENSPCOOP2_NOME_SOGGETTO@/modipa_PaPerNodoPagamentoPsp/v1_modipa@OPENSPCOOP2_NOME_SOGGETTO@"/>
    </ns2:risposta-asincrona>
</ns2:servizio-applicativo>
