<?xml version="1.0" encoding="UTF-8" standalone="yes"?>
<ns2:servizio-applicativo xmlns:ns2="http://www.openspcoop2.org/core/config" nome="ApplicativoSoggettoInternoTestFruitoreRuoloNonFiltrato" tipo="client" use-as-client="false">
    <ns2:invocazione-porta invio-per-riferimento="disabilitato" sbustamento-informazioni-protocollo="abilitato">
        <ns2:credenziali tipo="basic" user="ApplicativoSoggettoInternoTestFruitoreRuoloNonFiltrato" password="$6$xnb0L1LHoascqzh4$iQNCZpSCJp85XC2CAy0Kk4w35dc3lblNKv0aw4gZGGgiaNmBUXI1Szh02emKkewr7SM.dlkgLVjhjWwfKDeri." app-id="false" certificate-strict-verification="true"/>
        <ns2:gestione-errore fault="soap" fault-actor="" generic-fault-code="disabilitato" prefix-fault-code=""/>
    </ns2:invocazione-porta>
    <ns2:invocazione-servizio sbustamento-soap="disabilitato" sbustamento-informazioni-protocollo="abilitato" get-message="disabilitato" autenticazione="none" invio-per-riferimento="disabilitato" risposta-per-riferimento="disabilitato">
        <ns2:connettore tipo="disabilitato" nome="ConnettoreINV_ApplicativoSoggettoInternoTestFruitoreRuoloNonFiltrato_gwSoggettoInternoTestFruitore"/>
    </ns2:invocazione-servizio>
    <ns2:risposta-asincrona sbustamento-soap="disabilitato" sbustamento-informazioni-protocollo="abilitato" get-message="disabilitato" autenticazione="none" invio-per-riferimento="disabilitato" risposta-per-riferimento="disabilitato">
        <ns2:connettore tipo="disabilitato" nome="ConnettoreRISP_ApplicativoSoggettoInternoTestFruitoreRuoloNonFiltrato_gwSoggettoInternoTestFruitore"/>
    </ns2:risposta-asincrona>
</ns2:servizio-applicativo>
