<?xml version="1.0" encoding="UTF-8" standalone="yes"?>
<ns2:servizio-applicativo xmlns:ns2="http://www.openspcoop2.org/core/config" nome="ApplicativoSoggettoInternoTestFruitoreFiltrato" tipo="client" use-as-client="false">
    <ns2:invocazione-porta invio-per-riferimento="disabilitato" sbustamento-informazioni-protocollo="abilitato">
        <ns2:credenziali tipo="basic" user="ApplicativoSoggettoInternoTestFruitoreFiltrato" password="$6$LxgfJOgMfNvoUTUZ$oc/fJKryhdDQ.StPsB/KXJc5bhr37wmE4dvGLRNsuNlg4l6AI97.KHTz0s0SyQzDdn4GH2NPGf3YWSGi/Zaem." app-id="false" certificate-strict-verification="true"/>
        <ns2:gestione-errore fault="soap"/>
    </ns2:invocazione-porta>
    <ns2:invocazione-servizio sbustamento-soap="disabilitato" sbustamento-informazioni-protocollo="abilitato" get-message="disabilitato" autenticazione="none" invio-per-riferimento="disabilitato" risposta-per-riferimento="disabilitato">
        <ns2:connettore tipo="disabilitato" nome="ConnettoreINV_ApplicativoSoggettoInternoTestFruitoreFiltrato_gwSoggettoInternoTestFruitore"/>
    </ns2:invocazione-servizio>
    <ns2:risposta-asincrona sbustamento-soap="disabilitato" sbustamento-informazioni-protocollo="abilitato" get-message="disabilitato" autenticazione="none" invio-per-riferimento="disabilitato" risposta-per-riferimento="disabilitato">
        <ns2:connettore tipo="disabilitato" nome="ConnettoreRISP_ApplicativoSoggettoInternoTestFruitoreFiltrato_gwSoggettoInternoTestFruitore"/>
    </ns2:risposta-asincrona>
</ns2:servizio-applicativo>
