<?xml version="1.0" encoding="UTF-8" standalone="yes"?>
<ns2:servizio-applicativo xmlns:ns2="http://www.openspcoop2.org/core/config" nome="ApplicativoSoggettoInternoTestFruitoreRuoloFiltrato" tipo="client" use-as-client="false">
    <ns2:invocazione-porta invio-per-riferimento="disabilitato" sbustamento-informazioni-protocollo="abilitato">
        <ns2:credenziali tipo="basic" user="ApplicativoSoggettoInternoTestFruitoreRuoloFiltrato" password="$6$34RbLyfE4rIcE.1n$g5ujJecLk/7zcn7DG.rS5oYyCbGaflMI2eOFV9low4Hw4cnM9YgXzIqhYHo63s2D/o/o2NnlrD8rhG7ZLikyF." app-id="false" certificate-strict-verification="true"/>
        <ns2:ruoli>
            <ns2:ruolo nome="RuoloRateLimitingTest"/>
        </ns2:ruoli>
        <ns2:gestione-errore fault="soap" fault-actor="" generic-fault-code="disabilitato" prefix-fault-code=""/>
    </ns2:invocazione-porta>
    <ns2:invocazione-servizio sbustamento-soap="disabilitato" sbustamento-informazioni-protocollo="abilitato" get-message="disabilitato" autenticazione="none" invio-per-riferimento="disabilitato" risposta-per-riferimento="disabilitato">
        <ns2:connettore tipo="disabilitato" nome="ConnettoreINV_ApplicativoSoggettoInternoTestFruitoreRuoloFiltrato_gwSoggettoInternoTestFruitore"/>
    </ns2:invocazione-servizio>
    <ns2:risposta-asincrona sbustamento-soap="disabilitato" sbustamento-informazioni-protocollo="abilitato" get-message="disabilitato" autenticazione="none" invio-per-riferimento="disabilitato" risposta-per-riferimento="disabilitato">
        <ns2:connettore tipo="disabilitato" nome="ConnettoreRISP_ApplicativoSoggettoInternoTestFruitoreRuoloFiltrato_gwSoggettoInternoTestFruitore"/>
    </ns2:risposta-asincrona>
</ns2:servizio-applicativo>
