<openspcoop2 xmlns="http://www.openspcoop2.org/core/config">

	<soggetto xmlns="http://www.openspcoop2.org/core/config" tipo="gw" nome="SOGGETTO_LOCALE">

		<ns2:porta-applicativa xmlns:ns2="http://www.openspcoop2.org/core/config" nome="gw_SOGGETTO_LOCALE/gw_api-monitor/v1" descrizione="Service implementation gw/SOGGETTO_LOCALE:gw/api-monitor:1" ricevuta-asincrona-simmetrica="abilitato" ricevuta-asincrona-asimmetrica="abilitato" allega-body="disabilitato" scarta-body="disabilitato" autenticazione="ssl" autenticazione-opzionale="disabilitato" autorizzazione="authenticated" ricerca-porta-azione-delegata="abilitato" stato="abilitato">
		    <ns2:servizio tipo="gw" nome="api-monitor" versione="1"/>
		    <ns2:azione identificazione="interfaceBased" force-interface-based="abilitato"/>
		    <ns2:servizio-applicativo nome="gw_SOGGETTO_LOCALE/gw_api-monitor/v1"/>
		</ns2:porta-applicativa>

		<ns2:servizio-applicativo xmlns:ns2="http://www.openspcoop2.org/core/config" nome="gw_SOGGETTO_LOCALE/gw_api-monitor/v1">
		    <ns2:invocazione-servizio sbustamento-soap="disabilitato" sbustamento-informazioni-protocollo="abilitato" get-message="disabilitato" autenticazione="basic" invio-per-riferimento="disabilitato" risposta-per-riferimento="disabilitato">
			<ns2:credenziali user="USERNAME_MONITOR" password="PASSWORD_MONITOR"/>
			<ns2:connettore tipo="http" nome="ConnettoreINV_gw_SOGGETTO_LOCALE/gw_api-monitor/v1_gwSOGGETTO_LOCALE">
			    <ns2:property nome="location" valore="http://127.0.0.1:8080/govwayAPIMonitor/"/>
			</ns2:connettore>
		    </ns2:invocazione-servizio>
		    <ns2:risposta-asincrona sbustamento-soap="disabilitato" sbustamento-informazioni-protocollo="abilitato" get-message="disabilitato" autenticazione="none" invio-per-riferimento="disabilitato" risposta-per-riferimento="disabilitato">
			<ns2:connettore tipo="disabilitato" nome="ConnettoreRISP_gw_SOGGETTO_LOCALE/gw_api-monitor/v1_gwSOGGETTO_LOCALE"/>
		    </ns2:risposta-asincrona>
		</ns2:servizio-applicativo>

	</soggetto>

</openspcoop2>
