<registro-servizi xmlns="http://www.openspcoop2.org/core/registry">

	<accordo-servizio-parte-comune xmlns="http://www.openspcoop2.org/core/registry" service-binding="rest" nome="api-monitor" descrizione="Servizi per il monitoraggio di GovWay" profilo-collaborazione="sincrono" formato-specifica="openApi3" utilizzo-senza-azione="true" filtro-duplicati="disabilitato" conferma-ricezione="disabilitato" id-collaborazione="disabilitato" id-riferimento-richiesta="disabilitato" consegna-in-ordine="disabilitato" ora-registrazione="2019-04-11T16:06:23.284+02:00" versione="1">
	    <soggetto-referente tipo="gw" nome="SOGGETTO_LOCALE"/>
	    <resource nome="GET_monitoraggio.eventi" path="/monitoraggio/eventi" method="GET" filtro-duplicati="disabilitato" conferma-ricezione="disabilitato" id-collaborazione="disabilitato" id-riferimento-richiesta="disabilitato" consegna-in-ordine="disabilitato">
		<request/>
		<response descrizione="Ricerca eventi completata con successo" status="200">
		    <representation media-type="application/json" nome="response_GET__monitoraggio_eventi_200_application_json" representation-type="json">
		        <json tipo="ListaEventi"/>
		    </representation>
		</response>
		<response status="400"/>
		<response status="401"/>
		<response status="403"/>
		<response status="404"/>
		<response status="429"/>
		<response status="503"/>
		<response status="-2"/>
	    </resource>
	    <resource nome="GET_monitoraggio.eventi.id" path="/monitoraggio/eventi/{id}" method="GET" filtro-duplicati="disabilitato" conferma-ricezione="disabilitato" id-collaborazione="disabilitato" id-riferimento-richiesta="disabilitato" consegna-in-ordine="disabilitato">
		<request/>
		<response descrizione="Recupero evento completato con successo" status="200">
		    <representation media-type="application/json" nome="response_GET__monitoraggio_eventi_{id}_200_application_json" representation-type="json">
		        <json tipo="Evento"/>
		    </representation>
		</response>
		<response status="400"/>
		<response status="401"/>
		<response status="403"/>
		<response status="404"/>
		<response status="429"/>
		<response status="503"/>
		<response status="-2"/>
	    </resource>
	    <resource nome="GET_monitoraggio.transazioni" path="/monitoraggio/transazioni" method="GET" filtro-duplicati="disabilitato" conferma-ricezione="disabilitato" id-collaborazione="disabilitato" id-riferimento-richiesta="disabilitato" consegna-in-ordine="disabilitato">
		<request/>
		<response descrizione="ricerca completata con successo" status="200">
		    <representation media-type="application/json" nome="response_GET__monitoraggio_transazioni_200_application_json" representation-type="json">
		        <json tipo="ListaTransazioni"/>
		    </representation>
		</response>
		<response status="400"/>
		<response status="401"/>
		<response status="403"/>
		<response status="404"/>
		<response status="429"/>
		<response status="503"/>
		<response status="-2"/>
	    </resource>
	    <resource nome="POST_monitoraggio.transazioni" path="/monitoraggio/transazioni" method="POST" filtro-duplicati="disabilitato" conferma-ricezione="disabilitato" id-collaborazione="disabilitato" id-riferimento-richiesta="disabilitato" consegna-in-ordine="disabilitato">
		<request>
		    <representation media-type="application/json" nome="RicercaIntervalloTemporale" representation-type="json">
		        <json tipo="RicercaIntervalloTemporale"/>
		    </representation>
		</request>
		<response descrizione="ricerca completata con successo" status="200">
		    <representation media-type="application/json" nome="response_POST__monitoraggio_transazioni_200_application_json" representation-type="json">
		        <json tipo="ListaTransazioni"/>
		    </representation>
		</response>
		<response status="400"/>
		<response status="401"/>
		<response status="403"/>
		<response status="404"/>
		<response status="429"/>
		<response status="503"/>
		<response status="-2"/>
	    </resource>
	    <resource nome="GET_monitoraggio.transazioni.id" path="/monitoraggio/transazioni/{id}" method="GET" filtro-duplicati="disabilitato" conferma-ricezione="disabilitato" id-collaborazione="disabilitato" id-riferimento-richiesta="disabilitato" consegna-in-ordine="disabilitato">
		<request/>
		<response descrizione="dettaglio transazione restituito correttamSOGGETTO_LOCALE" status="200">
		    <representation media-type="application/json" nome="response_GET__monitoraggio_transazioni_{id}_200_application_json" representation-type="json">
		        <json tipo="TransazioneExt"/>
		    </representation>
		</response>
		<response status="400"/>
		<response status="401"/>
		<response status="403"/>
		<response status="404"/>
		<response status="429"/>
		<response status="503"/>
		<response status="-2"/>
	    </resource>
	    <resource nome="GET_monitoraggio.transazioni.id_applicativo" path="/monitoraggio/transazioni/id_applicativo" method="GET" filtro-duplicati="disabilitato" conferma-ricezione="disabilitato" id-collaborazione="disabilitato" id-riferimento-richiesta="disabilitato" consegna-in-ordine="disabilitato">
		<request/>
		<response descrizione="ricerca completata con successo" status="200">
		    <representation media-type="application/json" nome="response_GET__monitoraggio_transazioni_id_applicativo_200_application_json" representation-type="json">
		        <json tipo="ListaTransazioni"/>
		    </representation>
		</response>
		<response status="400"/>
		<response status="401"/>
		<response status="403"/>
		<response status="404"/>
		<response status="429"/>
		<response status="503"/>
		<response status="-2"/>
	    </resource>
	    <resource nome="POST_monitoraggio.transazioni.id_applicativo" path="/monitoraggio/transazioni/id_applicativo" method="POST" filtro-duplicati="disabilitato" conferma-ricezione="disabilitato" id-collaborazione="disabilitato" id-riferimento-richiesta="disabilitato" consegna-in-ordine="disabilitato">
		<request>
		    <representation media-type="application/json" nome="RicercaIdApplicativo" representation-type="json">
		        <json tipo="RicercaIdApplicativo"/>
		    </representation>
		</request>
		<response descrizione="ricerca completata con successo" status="200">
		    <representation media-type="application/json" nome="response_POST__monitoraggio_transazioni_id_applicativo_200_application_json" representation-type="json">
		        <json tipo="ListaTransazioni"/>
		    </representation>
		</response>
		<response status="400"/>
		<response status="401"/>
		<response status="403"/>
		<response status="404"/>
		<response status="429"/>
		<response status="503"/>
		<response status="-2"/>
	    </resource>
	    <resource nome="GET_monitoraggio.transazioni.id_messaggio" path="/monitoraggio/transazioni/id_messaggio" method="GET" filtro-duplicati="disabilitato" conferma-ricezione="disabilitato" id-collaborazione="disabilitato" id-riferimento-richiesta="disabilitato" consegna-in-ordine="disabilitato">
		<request/>
		<response descrizione="dettaglio transazione restituito correttamSOGGETTO_LOCALE" status="200">
		    <representation media-type="application/json" nome="response_GET__monitoraggio_transazioni_id_messaggio_200_application_json" representation-type="json">
		        <json tipo="ListaTransazioni"/>
		    </representation>
		</response>
		<response status="400"/>
		<response status="401"/>
		<response status="403"/>
		<response status="404"/>
		<response status="429"/>
		<response status="503"/>
		<response status="-2"/>
	    </resource>
	    <resource nome="GET_reportistica.analisi-statistica.distribuzione-api" path="/reportistica/analisi-statistica/distribuzione-api" method="GET" filtro-duplicati="disabilitato" conferma-ricezione="disabilitato" id-collaborazione="disabilitato" id-riferimento-richiesta="disabilitato" consegna-in-ordine="disabilitato">
		<request/>
		<response status="200"/>
		<response status="400"/>
		<response status="401"/>
		<response status="403"/>
		<response status="404"/>
		<response status="429"/>
		<response status="503"/>
		<response status="-2"/>
	    </resource>
	    <resource nome="POST_reportistica.analisi-statistica.distribuzione-api" path="/reportistica/analisi-statistica/distribuzione-api" method="POST" filtro-duplicati="disabilitato" conferma-ricezione="disabilitato" id-collaborazione="disabilitato" id-riferimento-richiesta="disabilitato" consegna-in-ordine="disabilitato">
		<request>
		    <representation media-type="application/json" nome="RicercaStatisticaDistribuzioneApi" representation-type="json">
		        <json tipo="RicercaStatisticaDistribuzioneApi"/>
		    </representation>
		</request>
		<response status="200"/>
		<response status="400"/>
		<response status="401"/>
		<response status="403"/>
		<response status="404"/>
		<response status="429"/>
		<response status="503"/>
		<response status="-2"/>
	    </resource>
	    <resource nome="GET_reportistica.analisi-statistica.distribuzione-applicativo" path="/reportistica/analisi-statistica/distribuzione-applicativo" method="GET" filtro-duplicati="disabilitato" conferma-ricezione="disabilitato" id-collaborazione="disabilitato" id-riferimento-richiesta="disabilitato" consegna-in-ordine="disabilitato">
		<request/>
		<response status="200"/>
		<response status="400"/>
		<response status="401"/>
		<response status="403"/>
		<response status="404"/>
		<response status="429"/>
		<response status="503"/>
		<response status="-2"/>
	    </resource>
	    <resource nome="POST_reportistica.analisi-statistica.distribuzione-applicativo" path="/reportistica/analisi-statistica/distribuzione-applicativo" method="POST" filtro-duplicati="disabilitato" conferma-ricezione="disabilitato" id-collaborazione="disabilitato" id-riferimento-richiesta="disabilitato" consegna-in-ordine="disabilitato">
		<request>
		    <representation media-type="application/json" nome="RicercaStatisticaDistribuzioneApplicativo" representation-type="json">
		        <json tipo="RicercaStatisticaDistribuzioneApplicativo"/>
		    </representation>
		</request>
		<response status="200"/>
		<response status="400"/>
		<response status="401"/>
		<response status="403"/>
		<response status="404"/>
		<response status="429"/>
		<response status="503"/>
		<response status="-2"/>
	    </resource>
	    <resource nome="GET_reportistica.analisi-statistica.distribuzione-azione" path="/reportistica/analisi-statistica/distribuzione-azione" method="GET" filtro-duplicati="disabilitato" conferma-ricezione="disabilitato" id-collaborazione="disabilitato" id-riferimento-richiesta="disabilitato" consegna-in-ordine="disabilitato">
		<request/>
		<response status="200"/>
		<response status="400"/>
		<response status="401"/>
		<response status="403"/>
		<response status="404"/>
		<response status="429"/>
		<response status="503"/>
		<response status="-2"/>
	    </resource>
	    <resource nome="POST_reportistica.analisi-statistica.distribuzione-azione" path="/reportistica/analisi-statistica/distribuzione-azione" method="POST" filtro-duplicati="disabilitato" conferma-ricezione="disabilitato" id-collaborazione="disabilitato" id-riferimento-richiesta="disabilitato" consegna-in-ordine="disabilitato">
		<request>
		    <representation media-type="application/json" nome="RicercaStatisticaDistribuzioneAzione" representation-type="json">
		        <json tipo="RicercaStatisticaDistribuzioneAzione"/>
		    </representation>
		</request>
		<response status="200"/>
		<response status="400"/>
		<response status="401"/>
		<response status="403"/>
		<response status="404"/>
		<response status="429"/>
		<response status="503"/>
		<response status="-2"/>
	    </resource>
	    <resource nome="GET_reportistica.analisi-statistica.distribuzione-esiti" path="/reportistica/analisi-statistica/distribuzione-esiti" method="GET" filtro-duplicati="disabilitato" conferma-ricezione="disabilitato" id-collaborazione="disabilitato" id-riferimento-richiesta="disabilitato" consegna-in-ordine="disabilitato">
		<request/>
		<response status="200"/>
		<response status="400"/>
		<response status="401"/>
		<response status="403"/>
		<response status="404"/>
		<response status="429"/>
		<response status="503"/>
		<response status="-2"/>
	    </resource>
	    <resource nome="POST_reportistica.analisi-statistica.distribuzione-esiti" path="/reportistica/analisi-statistica/distribuzione-esiti" method="POST" filtro-duplicati="disabilitato" conferma-ricezione="disabilitato" id-collaborazione="disabilitato" id-riferimento-richiesta="disabilitato" consegna-in-ordine="disabilitato">
		<request>
		    <representation media-type="application/json" nome="RicercaStatisticaDistribuzioneEsiti" representation-type="json">
		        <json tipo="RicercaStatisticaDistribuzioneEsiti"/>
		    </representation>
		</request>
		<response status="200"/>
		<response status="400"/>
		<response status="401"/>
		<response status="403"/>
		<response status="404"/>
		<response status="429"/>
		<response status="503"/>
		<response status="-2"/>
	    </resource>
	    <resource nome="GET_reportistica.analisi-statistica.distribuzione-id-autenticato" path="/reportistica/analisi-statistica/distribuzione-id-autenticato" method="GET" filtro-duplicati="disabilitato" conferma-ricezione="disabilitato" id-collaborazione="disabilitato" id-riferimento-richiesta="disabilitato" consegna-in-ordine="disabilitato">
		<request/>
		<response status="200"/>
		<response status="400"/>
		<response status="401"/>
		<response status="403"/>
		<response status="404"/>
		<response status="429"/>
		<response status="503"/>
		<response status="-2"/>
	    </resource>
	    <resource nome="POST_reportistica.analisi-statistica.distribuzione-id-autenticato" path="/reportistica/analisi-statistica/distribuzione-id-autenticato" method="POST" filtro-duplicati="disabilitato" conferma-ricezione="disabilitato" id-collaborazione="disabilitato" id-riferimento-richiesta="disabilitato" consegna-in-ordine="disabilitato">
		<request>
		    <representation media-type="application/json" nome="RicercaStatisticaDistribuzioneIdAutenticato" representation-type="json">
		        <json tipo="RicercaStatisticaDistribuzioneIdAutenticato"/>
		    </representation>
		</request>
		<response status="200"/>
		<response status="400"/>
		<response status="401"/>
		<response status="403"/>
		<response status="404"/>
		<response status="429"/>
		<response status="503"/>
		<response status="-2"/>
	    </resource>
	    <resource nome="GET_reportistica.analisi-statistica.distribuzione-soggetto-locale" path="/reportistica/analisi-statistica/distribuzione-soggetto-locale" method="GET" filtro-duplicati="disabilitato" conferma-ricezione="disabilitato" id-collaborazione="disabilitato" id-riferimento-richiesta="disabilitato" consegna-in-ordine="disabilitato">
		<request/>
		<response status="200"/>
		<response status="400"/>
		<response status="401"/>
		<response status="403"/>
		<response status="404"/>
		<response status="429"/>
		<response status="503"/>
		<response status="-2"/>
	    </resource>
	    <resource nome="POST_reportistica.analisi-statistica.distribuzione-soggetto-locale" path="/reportistica/analisi-statistica/distribuzione-soggetto-locale" method="POST" filtro-duplicati="disabilitato" conferma-ricezione="disabilitato" id-collaborazione="disabilitato" id-riferimento-richiesta="disabilitato" consegna-in-ordine="disabilitato">
		<request>
		    <representation media-type="application/json" nome="RicercaStatisticaDistribuzioneSoggettoLocale" representation-type="json">
		        <json tipo="RicercaStatisticaDistribuzioneSoggettoLocale"/>
		    </representation>
		</request>
		<response status="200"/>
		<response status="400"/>
		<response status="401"/>
		<response status="403"/>
		<response status="404"/>
		<response status="429"/>
		<response status="503"/>
		<response status="-2"/>
	    </resource>
	    <resource nome="GET_reportistica.analisi-statistica.distribuzione-soggetto-remoto" path="/reportistica/analisi-statistica/distribuzione-soggetto-remoto" method="GET" filtro-duplicati="disabilitato" conferma-ricezione="disabilitato" id-collaborazione="disabilitato" id-riferimento-richiesta="disabilitato" consegna-in-ordine="disabilitato">
		<request/>
		<response status="200"/>
		<response status="400"/>
		<response status="401"/>
		<response status="403"/>
		<response status="404"/>
		<response status="429"/>
		<response status="503"/>
		<response status="-2"/>
	    </resource>
	    <resource nome="POST_reportistica.analisi-statistica.distribuzione-soggetto-remoto" path="/reportistica/analisi-statistica/distribuzione-soggetto-remoto" method="POST" filtro-duplicati="disabilitato" conferma-ricezione="disabilitato" id-collaborazione="disabilitato" id-riferimento-richiesta="disabilitato" consegna-in-ordine="disabilitato">
		<request>
		    <representation media-type="application/json" nome="RicercaStatisticaDistribuzioneSoggettoRemoto" representation-type="json">
		        <json tipo="RicercaStatisticaDistribuzioneSoggettoRemoto"/>
		    </representation>
		</request>
		<response status="200"/>
		<response status="400"/>
		<response status="401"/>
		<response status="403"/>
		<response status="404"/>
		<response status="429"/>
		<response status="503"/>
		<response status="-2"/>
	    </resource>
	    <resource nome="GET_reportistica.analisi-statistica.distribuzione-temporale" path="/reportistica/analisi-statistica/distribuzione-temporale" method="GET" filtro-duplicati="disabilitato" conferma-ricezione="disabilitato" id-collaborazione="disabilitato" id-riferimento-richiesta="disabilitato" consegna-in-ordine="disabilitato">
		<request/>
		<response status="200"/>
		<response status="400"/>
		<response status="401"/>
		<response status="403"/>
		<response status="404"/>
		<response status="429"/>
		<response status="503"/>
		<response status="-2"/>
	    </resource>
	    <resource nome="POST_reportistica.analisi-statistica.distribuzione-temporale" path="/reportistica/analisi-statistica/distribuzione-temporale" method="POST" filtro-duplicati="disabilitato" conferma-ricezione="disabilitato" id-collaborazione="disabilitato" id-riferimento-richiesta="disabilitato" consegna-in-ordine="disabilitato">
		<request>
		    <representation media-type="application/json" nome="RicercaStatisticaAndamentoTemporale" representation-type="json">
		        <json tipo="RicercaStatisticaAndamentoTemporale"/>
		    </representation>
		</request>
		<response status="200"/>
		<response status="400"/>
		<response status="401"/>
		<response status="403"/>
		<response status="404"/>
		<response status="429"/>
		<response status="503"/>
		<response status="-2"/>
	    </resource>
	    <resource nome="GET_reportistica.analisi-statistica.distribuzione-token-info" path="/reportistica/analisi-statistica/distribuzione-token-info" method="GET" filtro-duplicati="disabilitato" conferma-ricezione="disabilitato" id-collaborazione="disabilitato" id-riferimento-richiesta="disabilitato" consegna-in-ordine="disabilitato">
		<request/>
		<response status="200"/>
		<response status="400"/>
		<response status="401"/>
		<response status="403"/>
		<response status="404"/>
		<response status="429"/>
		<response status="503"/>
		<response status="-2"/>
	    </resource>
	    <resource nome="POST_reportistica.analisi-statistica.distribuzione-token-info" path="/reportistica/analisi-statistica/distribuzione-token-info" method="POST" filtro-duplicati="disabilitato" conferma-ricezione="disabilitato" id-collaborazione="disabilitato" id-riferimento-richiesta="disabilitato" consegna-in-ordine="disabilitato">
		<request>
		    <representation media-type="application/json" nome="RicercaStatisticaDistribuzioneTokenInfo" representation-type="json">
		        <json tipo="RicercaStatisticaDistribuzioneTokenInfo"/>
		    </representation>
		</request>
		<response status="200"/>
		<response status="400"/>
		<response status="401"/>
		<response status="403"/>
		<response status="404"/>
		<response status="429"/>
		<response status="503"/>
		<response status="-2"/>
	    </resource>
	    <resource nome="GET_reportistica.configurazione-api" path="/reportistica/configurazione-api" method="GET" filtro-duplicati="disabilitato" conferma-ricezione="disabilitato" id-collaborazione="disabilitato" id-riferimento-richiesta="disabilitato" consegna-in-ordine="disabilitato">
		<request/>
		<response descrizione="Riepilogo ottenuto con successo" status="200">
		    <representation media-type="application/json" nome="response_GET__reportistica_configurazione-api_200_application_json" representation-type="json">
		        <json tipo="ListaRiepilogoApi"/>
		    </representation>
		</response>
		<response status="400"/>
		<response status="401"/>
		<response status="403"/>
		<response status="404"/>
		<response status="429"/>
		<response status="503"/>
		<response status="-2"/>
	    </resource>
	    <resource nome="GET_reportistica.configurazione-api.esporta" path="/reportistica/configurazione-api/esporta" method="GET" filtro-duplicati="disabilitato" conferma-ricezione="disabilitato" id-collaborazione="disabilitato" id-riferimento-richiesta="disabilitato" consegna-in-ordine="disabilitato">
		<request/>
		<response status="200"/>
		<response status="400"/>
		<response status="401"/>
		<response status="403"/>
		<response status="404"/>
		<response status="429"/>
		<response status="503"/>
		<response status="-2"/>
	    </resource>
	    <resource nome="POST_reportistica.configurazione-api.esporta" path="/reportistica/configurazione-api/esporta" method="POST" filtro-duplicati="disabilitato" conferma-ricezione="disabilitato" id-collaborazione="disabilitato" id-riferimento-richiesta="disabilitato" consegna-in-ordine="disabilitato">
		<request>
		    <representation media-type="application/json" nome="RicercaConfigurazioneApi" representation-type="json">
		        <json tipo="RicercaConfigurazioneApi"/>
		    </representation>
		</request>
		<response status="200"/>
		<response status="400"/>
		<response status="401"/>
		<response status="403"/>
		<response status="404"/>
		<response status="429"/>
		<response status="503"/>
		<response status="-2"/>
	    </resource>
	    <resource nome="GET_reportistica.configurazione-api.riepilogo" path="/reportistica/configurazione-api/riepilogo" method="GET" filtro-duplicati="disabilitato" conferma-ricezione="disabilitato" id-collaborazione="disabilitato" id-riferimento-richiesta="disabilitato" consegna-in-ordine="disabilitato">
		<request/>
		<response descrizione="Riepilogo ottenuto con successo" status="200">
		    <representation media-type="application/json" nome="response_GET__reportistica_configurazione-api_riepilogo_200_application_json" representation-type="json">
		        <json tipo="Riepilogo"/>
		    </representation>
		</response>
		<response status="400"/>
		<response status="401"/>
		<response status="403"/>
		<response status="404"/>
		<response status="429"/>
		<response status="503"/>
		<response status="-2"/>
	    </resource>
	    <resource nome="GET_reportistica.configurazione-api.riepilogo.api" path="/reportistica/configurazione-api/riepilogo/api" method="GET" filtro-duplicati="disabilitato" conferma-ricezione="disabilitato" id-collaborazione="disabilitato" id-riferimento-richiesta="disabilitato" consegna-in-ordine="disabilitato">
		<request/>
		<response descrizione="Informazioni sulla API ottenute con successo" status="200">
		    <representation media-type="application/json" nome="response_GET__reportistica_configurazione-api_riepilogo_api_200_application_json" representation-type="json">
		        <json tipo="InfoImplementazioneApi"/>
		    </representation>
		</response>
		<response status="400"/>
		<response status="401"/>
		<response status="403"/>
		<response status="404"/>
		<response status="429"/>
		<response status="503"/>
		<response status="-2"/>
	    </resource>
	</accordo-servizio-parte-comune>

	<soggetto xmlns="http://www.openspcoop2.org/core/registry" tipo="gw" nome="SOGGETTO_LOCALE">

		<accordo-servizio-parte-specifica xmlns="http://www.openspcoop2.org/core/registry" tipo="gw" nome="api-monitor" versione="1" accordo-servizio-parte-comune="gw/SOGGETTO_LOCALE:api-monitor:1" tipologia-servizio="normale" ora-registrazione="2019-04-11T16:07:42.111+02:00" descrizione="">
		    <configurazione-servizio>
			<connettore tipo="disabilitato" nome="CNT_gw/SOGGETTO_LOCALE_gw/api-monitor/1"/>
		    </configurazione-servizio>
		</accordo-servizio-parte-specifica>

	</soggetto>

</registro-servizi>

