<?xml version="1.0" encoding="UTF-8" standalone="yes"?>
<fruitore xmlns="http://www.openspcoop2.org/core/registry" tipo="modipa" nome="DemoSoggettoFruitore" ora-registrazione="2020-11-02T18:56:50.226+01:00">
    <connettore tipo="https" nome="CNT_SF_modipa/DemoSoggettoFruitore_modipa/DemoSoggettoErogatore_modipa/ApiDemoBlockingSoapIDAC02/1">
        <property nome="debug" valore="false"/>
        <property nome="location" valore="https://Erogatore:8444/govway/soap/in/DemoSoggettoErogatore/ApiDemoBlockingSoapIDAC02/v1"/>
        <property nome="sslType" valore="TLSv1.3"/>
        <property nome="hostnameVerifier" valore="true"/>
        <property nome="trustAllCerts" valore="false"/>
        <property nome="trustStoreLocation" valore="/etc/govway/keys/erogatore.jks"/>
        <property nome="trustStoreType" valore="jks"/>
        <property nome="trustStorePassword" valore="openspcoop"/>
        <property nome="trustManagementAlgorithm" valore="PKIX"/>
        <property nome="keyManagementAlgorithm" valore="SunX509"/>
        <property nome="keyStoreLocation" valore="/etc/govway/keys/soggetto1.jks"/>
        <property nome="keyStoreType" valore="jks"/>
        <property nome="keyStorePassword" valore="openspcoopjks"/>
        <property nome="keyPassword" valore="openspcoop"/>
    </connettore>
</fruitore>
