<?xml version="1.0" encoding="UTF-8" standalone="yes"?>
<accordo-servizio-parte-specifica xmlns="http://www.openspcoop2.org/core/registry" tipo="modipa" nome="RestBlockingIDAR03CustomHeaderDuplicatiMultipart" versione="1" accordo-servizio-parte-comune="modipa/ENTE:RestBlockingIDAR03CustomHeaderDuplicati:1" tipologia-servizio="normale" ora-registrazione="2022-11-23T15:59:27.294+01:00">
    <configurazione-servizio>
        <connettore tipo="disabilitato" nome="CNT_modipa/DemoSoggettoErogatore_modipa/RestBlockingIDAR03CustomHeaderDuplicatiMultipart/1"/>
    </configurazione-servizio>
    <protocol-property name="modipaKeyAlias"/>
    <protocol-property name="modipaKeyPassword"/>
    <protocol-property name="modipaKeystoreCertMode" value="default"/>
    <protocol-property name="modipaKeystoreMode" value="path"/>
    <protocol-property name="modipaKeystorePassword"/>
    <protocol-property name="modipaKeystorePath"/>
    <protocol-property name="modipaKeystoreType" value="jks"/>
    <protocol-property name="modipaSecurityMessageHttpHeaders" value="Digest,Content-Type,Content-Encoding"/>
    <protocol-property name="modipaSecurityMessageRequestAud" value="testsuite"/>
    <protocol-property name="modipaSecurityMessageRequestDuplicateJti" value="modi"/>
    <protocol-property name="modipaSecurityMessageRequestIatMode" value="default"/>
    <protocol-property name="modipaSecurityMessageRequestIatTtl"/>
    <protocol-property name="modipaSecurityMessageRequestIntegrityAud"/>
    <protocol-property name="modipaSecurityMessageRequestIntegrityAudMode" value="same"/>
    <protocol-property name="modipaSecurityMessageResponseClaims" value="apiRestMultipart=cast(${response:restMultipart} as boolean)&#10;response_digestBody=${response:dumpMessage.bodyBase64Digest(SHA-256)}&#10;response_digest=${response:contentBase64Digest(SHA-512,true)}"/>
    <protocol-property name="modipaSecurityMessageResponseClaimsAuth" value="response_digestAllegato1=${response:part.attachmentByIndex(0).contentBase64Digest(SHA-256)}&#10;response_digestAllegato2=${response:part.attachment(&lt;5ec3652b-eee3-4c67-aea8-aa94bf3d7245&gt;).contentBase64Digest(SHA-256)}"/>
    <protocol-property name="modipaSecurityMessageResponseClaimsModi" value="response_digestAllegato1=${response:part.attachmentByIndex(3).contentHexDigest(SHA-256,true)}&#10;response_digestAllegato2=${response:part.attachmentByContentId(&lt;b38bebd7-dd0e-4ca2-a5b7-36b68993bd04&gt;).contentHexDigest(SHA-256,true)}"/>
    <protocol-property name="modipaSecurityMessageResponseExp" number-value="300"/>
    <protocol-property name="modipaSecurityMessageResponseJti" value="same"/>
    <protocol-property name="modipaSecurityMessageResponseJtiIdMsg" value="modi"/>
    <protocol-property name="modipaSecurityMessageRestRequestX509Cert" value="x5c,x5t"/>
    <protocol-property name="modipaSecurityMessageRestResponseAlg" value="RS256"/>
    <protocol-property name="modipaSecurityMessageRestResponseDigestEncoding" value="BASE64"/>
    <protocol-property name="modipaSecurityMessageRestResponseX509Cert" value="x5c,x5t"/>
    <protocol-property name="modipaSecurityMessageRestResponseX509CertAsReq" value="true"/>
    <protocol-property name="modipaSecurityMessageRestResponseX509CertUseCertificateChain" boolean-value="false"/>
    <protocol-property name="modipaSecurityMessageRestResponseX509Url"/>
    <protocol-property name="modipaSslTruststoreCRLs"/>
    <protocol-property name="modipaSslTruststoreMode" value="default"/>
    <protocol-property name="modipaSslTruststorePassword"/>
    <protocol-property name="modipaSslTruststorePath"/>
    <protocol-property name="modipaSslTruststoreType" value="jks"/>
    <protocol-property name="modipaTruststoreCRLs"/>
    <protocol-property name="modipaTruststoreMode" value="default"/>
    <protocol-property name="modipaTruststorePassword"/>
    <protocol-property name="modipaTruststorePath"/>
    <protocol-property name="modipaTruststoreType" value="jks"/>
</accordo-servizio-parte-specifica>
