<?xml version="1.0" encoding="UTF-8" standalone="yes"?>
<accordo-servizio-parte-specifica xmlns="http://www.openspcoop2.org/core/registry" tipo="modipa" nome="RestBlockingAuditRest02-JWK-Custom" versione="1" accordo-servizio-parte-comune="modipa/ENTE:RestBlockingAuditRest02:1" tipologia-servizio="normale" ora-registrazione="2023-05-24T11:49:13.599+02:00">
    <configurazione-servizio>
        <connettore tipo="disabilitato" nome="CNT_modipa/DemoSoggettoErogatore_modipa/RestBlockingAuditRest02-JWK-Custom/1"/>
    </configurazione-servizio>
    <protocol-property name="modipaSecurityMessageRequestAud"/>
    <protocol-property name="modipaSecurityMessageRequestAuditAud"/>
    <protocol-property name="modipaSecurityMessageRequestAuditAudMode"/>
    <protocol-property name="modipaSecurityMessageRequestDuplicateJti"/>
    <protocol-property name="modipaSecurityMessageRequestIatMode"/>
    <protocol-property name="modipaSecurityMessageRequestIatTtl" number-value="300"/>
    <protocol-property name="modipaSslTruststoreCRLs"/>
    <protocol-property name="modipaSslTruststoreMode"/>
    <protocol-property name="modipaSslTruststoreOCSP"/>
    <protocol-property name="modipaSslTruststorePassword"/>
    <protocol-property name="modipaSslTruststorePath"/>
    <protocol-property name="modipaSslTruststoreType"/>
    <protocol-property name="modipaTruststoreCRLs"/>
    <protocol-property name="modipaTruststoreMode"/>
    <protocol-property name="modipaTruststoreOCSP"/>
    <protocol-property name="modipaTruststorePassword"/>
    <protocol-property name="modipaTruststorePath"/>
    <protocol-property name="modipaTruststoreType"/>
</accordo-servizio-parte-specifica>
