<?xml version="1.0" encoding="UTF-8" standalone="yes"?>
<ns2:porta-delegata xmlns:ns2="http://www.openspcoop2.org/core/config" nome="__modipa_SoggettoInternoVaultTestFruitore/modipa_SoggettoInternoVaultTest/modipa_VaultTestDPoP/v1__Specific1" descrizione="Internal Subscription 'Specific1' for modipa_SoggettoInternoVaultTestFruitore/modipa_SoggettoInternoVaultTest/modipa_VaultTestDPoP/v1" autenticazione="basic" autorizzazione="authenticated" ricevuta-asincrona-simmetrica="abilitato" ricevuta-asincrona-asimmetrica="abilitato" allega-body="disabilitato" scarta-body="disabilitato" ricerca-porta-azione-delegata="disabilitato" stato="abilitato">
    <ns2:soggetto-erogatore tipo="modipa" nome="SoggettoInternoVaultTest"/>
    <ns2:servizio tipo="modipa" nome="VaultTestDPoP" versione="1"/>
    <ns2:azione identificazione="delegatedBy" nome-porta-delegante="modipa_SoggettoInternoVaultTestFruitore/modipa_SoggettoInternoVaultTest/modipa_VaultTestDPoP/v1" force-interface-based="disabilitato">
        <ns2:azione-delegata>archivio</ns2:azione-delegata>
        <ns2:azione-delegata>path</ns2:azione-delegata>
    </ns2:azione>
    <ns2:servizio-applicativo nome="ApplicativoVaultModiDPoPPath"/>
    <ns2:servizio-applicativo nome="ApplicativoVaultModiDPoPArchive"/>
    <ns2:proprieta-oggetto utente-richiedente="amministratore" data-creazione="2026-01-26T11:23:39.216+01:00" utente-ultima-modifica="amministratore" data-ultima-modifica="2026-01-26T11:31:44.350+01:00"/>
</ns2:porta-delegata>
