<?xml version="1.0" encoding="UTF-8" standalone="yes"?>
<accordo-servizio-parte-comune xmlns="http://www.openspcoop2.org/core/registry" service-binding="rest" nome="RestNonBlockingPushServerValidazione" profilo-collaborazione="sincrono" formato-specifica="openApi3" utilizzo-senza-azione="true" filtro-duplicati="disabilitato" conferma-ricezione="disabilitato" id-collaborazione="disabilitato" id-riferimento-richiesta="disabilitato" consegna-in-ordine="disabilitato" ora-registrazione="2020-11-09T18:51:25.332+01:00" versione="1">
    <soggetto-referente tipo="modipa" nome="ENTE"/>
    <resource nome="POST_resources.id_resource.M" path="/resources/{id_resource}/M" method="POST" filtro-duplicati="disabilitato" conferma-ricezione="disabilitato" consegna-in-ordine="disabilitato">
        <request>
            <parameter nome="id_resource" parameter-type="dynamicPath" required="true" tipo="int32" restrizioni="type=integer; format=int32"/>
            <parameter nome="X-ReplyTo" parameter-type="header" required="false" tipo="string" restrizioni="type=string"/>
            <representation media-type="application/json" nome="MType" representation-type="json">
                <json tipo="MType"/>
            </representation>
        </request>
        <response descrizione="Errore inatteso. Non ritornare informazioni&#10;sulla logica interna e/o non pertinenti all'interfaccia." status="-2">
            <representation media-type="application/json" nome="response_POST__resources_{id_resource}_M_default_application_json" representation-type="json">
                <json tipo="ErrorMessage"/>
            </representation>
        </response>
        <response descrizione="Preso carico correttamente di M" status="202">
            <parameter nome="X-Correlation-ID" parameter-type="header" required="true" tipo="string" restrizioni="type=string"/>
            <representation media-type="application/json" nome="response_POST__resources_{id_resource}_M_202_application_json" representation-type="json">
                <json tipo="ACKMessage"/>
            </representation>
        </response>
        <response descrizione="Richiesta non valida" status="400">
            <representation media-type="application/json" nome="response_POST__resources_{id_resource}_M_400_application_json" representation-type="json">
                <json tipo="ErrorMessage"/>
            </representation>
        </response>
        <response descrizione="Identificativo non trovato" status="404">
            <representation media-type="application/json" nome="response_POST__resources_{id_resource}_M_404_application_json" representation-type="json">
                <json tipo="ErrorMessage"/>
            </representation>
        </response>
        <protocol-property name="modipaInteractionAsyncActionRequest" value="POST_MResponse"/>
        <protocol-property name="modipaInteractionAsyncApiRequest" value="modipa/ENTE:RestNonBlockingPushClientValidazione:1"/>
        <protocol-property name="modipaInteractionAsyncProfile" value="PUSH"/>
        <protocol-property name="modipaInteractionAsyncRole" value="Richiesta"/>
        <protocol-property name="modipaInteractionAsyncServiceRequest"/>
        <protocol-property name="modipaInteractionProfile" value="nonBloccante"/>
        <protocol-property name="modipaSecurityMessageCorniceSicurezza" boolean-value="false"/>
        <protocol-property name="modipaSecurityMessageProfile"/>
        <protocol-property name="modipaSecurityMessageProfileActionMode" value="default"/>
        <protocol-property name="modipaSecurityMessageRequestDigest" boolean-value="false"/>
    </resource>
    <protocol-property name="modipaSecurityChannelProfile" value="idac01"/>
    <protocol-property name="modipaSecurityMessageCorniceSicurezza" boolean-value="false"/>
    <protocol-property name="modipaSecurityMessageProfile" value="-"/>
    <protocol-property name="modipaSecurityMessageRequestDigest" boolean-value="false"/>
</accordo-servizio-parte-comune>
