<?xml version="1.0" encoding="UTF-8" standalone="yes"?>
<accordo-servizio-parte-specifica xmlns="http://www.openspcoop2.org/core/registry" tipo="modipa" nome="DemoNegoziazioneTokenSicurezzaIntegrityAuditViaTokenPolicySOAP" versione="1" accordo-servizio-parte-comune="modipa/ENTE:DemoNegoziazioneTokenSicurezzaIntegrityAuditViaTokenPolicySOAP:1" tipologia-servizio="normale" port-type="DemoNegoziazioneTokenSicurezzaIntegrityAuditViaTokenPolicySOAP" ora-registrazione="2023-12-18T15:21:56.609+01:00">
    <configurazione-servizio>
        <connettore tipo="disabilitato" nome="CNT_modipa/DemoSoggettoErogatore_modipa/DemoNegoziazioneTokenSicurezzaIntegrityAuditViaTokenPolicySOAP/1"/>
    </configurazione-servizio>
    <protocol-property name="modipaSecurityMessageRequestAud"/>
    <protocol-property name="modipaSecurityMessageRequestAuditAud"/>
    <protocol-property name="modipaSecurityMessageRequestAuditAudMode" value="same"/>
    <protocol-property name="modipaSecurityMessageRequestDuplicateJti" value="modi"/>
    <protocol-property name="modipaSecurityMessageRequestIatMode" value="default"/>
    <protocol-property name="modipaSecurityMessageRequestIatTtl"/>
    <protocol-property name="modipaTruststoreCRLs"/>
    <protocol-property name="modipaTruststoreMode" value="ridefinisci"/>
    <protocol-property name="modipaTruststoreOCSP"/>
    <protocol-property name="modipaTruststorePassword" value="123456"/>
    <protocol-property name="modipaTruststorePath" value="/etc/govway/keys/xca/trustStore_certificati.jks"/>
    <protocol-property name="modipaTruststoreType" value="jks"/>
    <proprieta-oggetto utente-richiedente="amministratore" data-creazione="2023-12-18T15:21:56.360+01:00" utente-ultima-modifica="amministratore" data-ultima-modifica="2023-12-18T15:36:51.877+01:00"/>
</accordo-servizio-parte-specifica>
