<?xml version="1.0" encoding="UTF-8" standalone="yes"?>
<accordo-servizio-parte-comune xmlns="http://www.openspcoop2.org/core/registry" service-binding="soap" nome="PKCS11TestSOAP" profilo-collaborazione="sincrono" formato-specifica="wsdl11" utilizzo-senza-azione="true" filtro-duplicati="disabilitato" conferma-ricezione="disabilitato" consegna-in-ordine="disabilitato" ora-registrazione="2021-09-30T17:17:12.191+02:00" versione="1">
    <soggetto-referente tipo="modipa" nome="ENTE"/>
    <port-type nome="PKCS11TestSOAP" style="document" profilo-collaborazione="sincrono" filtro-duplicati="disabilitato" conferma-ricezione="disabilitato" id-collaborazione="disabilitato" id-riferimento-richiesta="disabilitato" consegna-in-ordine="disabilitato">
        <azione nome="test" profilo-collaborazione="sincrono" filtro-duplicati="disabilitato" conferma-ricezione="disabilitato" id-collaborazione="disabilitato" id-riferimento-richiesta="disabilitato" consegna-in-ordine="disabilitato">
            <protocol-property name="modipaInteractionAsyncActionRequest" value="-"/>
            <protocol-property name="modipaInteractionAsyncApiRequest" value="-"/>
            <protocol-property name="modipaInteractionAsyncProfile" value="PUSH"/>
            <protocol-property name="modipaInteractionAsyncProfile__LABEL"/>
            <protocol-property name="modipaInteractionAsyncRole" value="Richiesta"/>
            <protocol-property name="modipaInteractionAsyncRole__LABEL"/>
            <protocol-property name="modipaInteractionAsyncServiceRequest" value="-"/>
            <protocol-property name="modipaInteractionProfile" value="bloccante"/>
            <protocol-property name="modipaInteractionProfile__LABEL"/>
            <protocol-property name="modipaSecurityMessageConfig"/>
            <protocol-property name="modipaSecurityMessageCorniceSicurezza" boolean-value="false"/>
            <protocol-property name="modipaSecurityMessageProfile"/>
            <protocol-property name="modipaSecurityMessageProfileActionMode" value="default"/>
            <protocol-property name="modipaSecurityMessageRequestDigest" boolean-value="false"/>
            <protocol-property name="modipaSecurityRequest"/>
            <protocol-property name="modipaSecurityRequestContentType"/>
            <protocol-property name="modipaSecurityResponse"/>
            <protocol-property name="modipaSecurityResponseContentType"/>
            <protocol-property name="modipaSecurityResponseReturnCode"/>
        </azione>
    </port-type>
    <protocol-property name="modipaSecurityChannelProfile" value="idac01"/>
    <protocol-property name="modipaSecurityMessageConfig" value="entrambi"/>
    <protocol-property name="modipaSecurityMessageCorniceSicurezza" boolean-value="false"/>
    <protocol-property name="modipaSecurityMessageProfile" value="idam0302"/>
    <protocol-property name="modipaSecurityMessageRequestDigest" boolean-value="true"/>
    <protocol-property name="modipaSecurityRequest"/>
    <protocol-property name="modipaSecurityRequestContentType"/>
    <protocol-property name="modipaSecurityResponse"/>
    <protocol-property name="modipaSecurityResponseContentType"/>
    <protocol-property name="modipaSecurityResponseReturnCode"/>
</accordo-servizio-parte-comune>
