<?xml version="1.0" encoding="UTF-8" standalone="yes"?>
<accordo-servizio-parte-comune xmlns="http://www.openspcoop2.org/core/registry" service-binding="rest" nome="PKCS11TestREST" profilo-collaborazione="sincrono" formato-specifica="openApi3" utilizzo-senza-azione="true" filtro-duplicati="disabilitato" conferma-ricezione="disabilitato" consegna-in-ordine="disabilitato" ora-registrazione="2021-09-30T17:16:38.929+02:00" versione="1">
    <soggetto-referente tipo="modipa" nome="ENTE"/>
    <resource nome="test" filtro-duplicati="disabilitato" conferma-ricezione="disabilitato" consegna-in-ordine="disabilitato">
        <request/>
        <protocol-property name="modipaInteractionAsyncActionRequest" value="-"/>
        <protocol-property name="modipaInteractionAsyncApiRequest" value="-"/>
        <protocol-property name="modipaInteractionAsyncProfile" value="PUSH"/>
        <protocol-property name="modipaInteractionAsyncProfile__LABEL"/>
        <protocol-property name="modipaInteractionAsyncRole" value="Richiesta"/>
        <protocol-property name="modipaInteractionAsyncRole__LABEL"/>
        <protocol-property name="modipaInteractionAsyncServiceRequest" value="-"/>
        <protocol-property name="modipaInteractionProfile" value="crud"/>
        <protocol-property name="modipaInteractionProfile__LABEL"/>
        <protocol-property name="modipaSecurityMessageConfig"/>
        <protocol-property name="modipaSecurityMessageCorniceSicurezza" boolean-value="false"/>
        <protocol-property name="modipaSecurityMessageHeaderName"/>
        <protocol-property name="modipaSecurityMessageProfile"/>
        <protocol-property name="modipaSecurityMessageProfileActionMode" value="default"/>
        <protocol-property name="modipaSecurityMessageRequestDigest" boolean-value="false"/>
        <protocol-property name="modipaSecurityRequest"/>
        <protocol-property name="modipaSecurityRequestContentType"/>
        <protocol-property name="modipaSecurityResponse"/>
        <protocol-property name="modipaSecurityResponseContentType"/>
        <protocol-property name="modipaSecurityResponseReturnCode"/>
    </resource>
    <protocol-property name="modipaSecurityChannelProfile" value="idac01"/>
    <protocol-property name="modipaSecurityMessageConfig" value="entrambi"/>
    <protocol-property name="modipaSecurityMessageCorniceSicurezza" boolean-value="false"/>
    <protocol-property name="modipaSecurityMessageHeaderName" value="autonlyreq_modipa"/>
    <protocol-property name="modipaSecurityMessageProfile" value="idam0302"/>
    <protocol-property name="modipaSecurityMessageRequestDigest" boolean-value="true"/>
    <protocol-property name="modipaSecurityRequest"/>
    <protocol-property name="modipaSecurityRequestContentType"/>
    <protocol-property name="modipaSecurityResponse"/>
    <protocol-property name="modipaSecurityResponseContentType"/>
    <protocol-property name="modipaSecurityResponseReturnCode"/>
</accordo-servizio-parte-comune>
