<?xml version="1.0" encoding="UTF-8" standalone="yes"?>
<ns2:porta-applicativa xmlns:ns2="http://www.openspcoop2.org/core/config" nome="__gw_SoggettoInternoTestGestoreCredenzialeBasic/gw_TestGestoreCredenziali/v1__Specific3" descrizione="Internal Implementation 'Specific3' for gw_SoggettoInternoTestGestoreCredenzialeBasic/gw_TestGestoreCredenziali/v1" ricevuta-asincrona-simmetrica="abilitato" ricevuta-asincrona-asimmetrica="abilitato" allega-body="disabilitato" scarta-body="disabilitato" autenticazione="principal" autorizzazione="authenticated" ricerca-porta-azione-delegata="disabilitato" stato="abilitato">
    <ns2:servizio tipo="gw" nome="TestGestoreCredenziali" versione="1"/>
    <ns2:azione identificazione="delegatedBy" nome-porta-delegante="gw_SoggettoInternoTestGestoreCredenzialeBasic/gw_TestGestoreCredenziali/v1" force-interface-based="disabilitato">
        <ns2:azione-delegata>principal</ns2:azione-delegata>
    </ns2:azione>
    <ns2:servizio-applicativo nome="gw_SoggettoInternoTestGestoreCredenzialeBasic/gw_TestGestoreCredenziali/v1"/>
    <ns2:proprieta-autenticazione nome="tipoAutenticazione" valore="container"/>
    <ns2:servizi-applicativi-autorizzati>
        <ns2:servizio-applicativo tipo-soggetto-proprietario="gw" nome-soggetto-proprietario="SoggettoInternoTestFruitore" nome="ApplicativoSoggettoInternoTestFruitore1Principal"/>
    </ns2:servizi-applicativi-autorizzati>
</ns2:porta-applicativa>
