<?xml version="1.0" encoding="UTF-8" standalone="yes"?>
<fruitore xmlns="http://www.openspcoop2.org/core/registry" tipo="gw" nome="SoggettoInternoTestFruitore" ora-registrazione="2022-11-25T09:03:07.087+01:00">
    <connettore tipo="http" nome="CNT_SF_gw/SoggettoInternoTestFruitore_gw/SoggettoInternoTest_gw/TestIntegrazioneJsonREST/1">
        <property nome="location" valore="http://127.0.0.1:8080/TestService/echo?replyHttpHeader=GovWay-Integration&amp;checkEqualsHttpHeader=x-test-forward-json:valoreClientString&amp;checkEqualsQueryParameter=test_forward_json:true"/>
    </connettore>
    <configurazione-azione>
        <connettore tipo="http" nome="CNT_SF_AZIONE_gw/SoggettoInternoTestFruitore_gw/SoggettoInternoTest_gw/TestIntegrazioneJsonREST/1_default_all_optional">
            <property nome="location" valore="http://127.0.0.1:8080/TestService/echo?replyHttpHeader=GovWay-Integration"/>
        </connettore>
        <azione>default_all_optional</azione>
    </configurazione-azione>
    <configurazione-azione>
        <connettore tipo="http" nome="CNT_SF_AZIONE_gw/SoggettoInternoTestFruitore_gw/SoggettoInternoTest_gw/TestIntegrazioneJsonREST/1_risposta_senza_json">
            <property nome="location" valore="http://127.0.0.1:8080/TestService/echo?returnHttpHeader=GovWay-Integration:eyAgImNsaWVudENsYWltU3RyaW5nIjogInZhbG9yZUNsaWVudFN0cmluZyIsIH0="/>
        </connettore>
        <azione>risposta_senza_json</azione>
    </configurazione-azione>
    <configurazione-azione>
        <connettore tipo="http" nome="CNT_SF_AZIONE_gw/SoggettoInternoTestFruitore_gw/SoggettoInternoTest_gw/TestIntegrazioneJsonREST/1_required_response">
            <property nome="location" valore="http://127.0.0.1:8080/TestService/echo"/>
        </connettore>
        <azione>required_response</azione>
    </configurazione-azione>
    <configurazione-azione>
        <connettore tipo="http" nome="CNT_SF_AZIONE_gw/SoggettoInternoTestFruitore_gw/SoggettoInternoTest_gw/TestIntegrazioneJsonREST/1_header_hex">
            <property nome="location" valore="http://127.0.0.1:8080/TestService/echo?replyHttpHeader=GovWay-Integration-NomeDifferente&amp;checkEqualsHttpHeader=x-test-forward-json:valoreClientString&amp;checkEqualsQueryParameter=test_forward_json:true"/>
        </connettore>
        <azione>header_hex</azione>
    </configurazione-azione>
    <configurazione-azione>
        <connettore tipo="http" nome="CNT_SF_AZIONE_gw/SoggettoInternoTestFruitore_gw/SoggettoInternoTest_gw/TestIntegrazioneJsonREST/1_url_jwt">
            <property nome="location" valore="http://127.0.0.1:8080/TestService/echo?replyQueryParameter=GovWay-Integration-NomeDifferente&amp;checkEqualsHttpHeader=x-test-forward-json:valoreClientString&amp;checkEqualsQueryParameter=test_forward_json:true"/>
        </connettore>
        <azione>url_jwt</azione>
    </configurazione-azione>
</fruitore>
