<?xml version="1.0" encoding="UTF-8" standalone="yes"?>
<accordo-servizio-parte-comune xmlns="http://www.openspcoop2.org/core/registry" service-binding="rest" nome="TestAPIRestPayloadBinarioGrandeConNullByte" descrizione="API di test per riprodurre errore validazione con risposta binaria contenente null byte" profilo-collaborazione="sincrono" formato-specifica="openApi3" utilizzo-senza-azione="true" filtro-duplicati="disabilitato" conferma-ricezione="disabilitato" consegna-in-ordine="disabilitato" ora-registrazione="2026-02-08T08:24:26.664+01:00" versione="1">
    <soggetto-referente tipo="gw" nome="ENTE"/>
    <resource nome="POST_documenti.id" path="/documenti/{id}" method="POST" filtro-duplicati="disabilitato" conferma-ricezione="disabilitato" consegna-in-ordine="disabilitato">
        <request>
            <parameter nome="id" parameter-type="dynamicPath" required="true" tipo="string" restrizioni="type=string; style=simple; explode=false"/>
            <representation media-type="text/plain" nome="request_POST__documenti_{id}_text_plain" representation-type="json">
                <json tipo="request_POST__documenti_{id}_text_plain"/>
            </representation>
        </request>
        <response descrizione="Documento trovato" status="200">
            <representation media-type="text/plain" nome="response_POST__documenti_{id}_200_text_plain" representation-type="json">
                <json tipo="response_POST__documenti_{id}_200_text_plain"/>
            </representation>
        </response>
    </resource>
    <resource nome="POST_documenti.id.binary" path="/documenti/{id}/binary" method="POST" filtro-duplicati="disabilitato" conferma-ricezione="disabilitato" consegna-in-ordine="disabilitato">
        <request>
            <parameter nome="id" parameter-type="dynamicPath" required="true" tipo="string" restrizioni="type=string; style=simple; explode=false"/>
            <representation media-type="text/plain" nome="request_POST__documenti_{id}_binary_text_plain" representation-type="json">
                <json tipo="request_POST__documenti_{id}_binary_text_plain"/>
            </representation>
        </request>
        <response descrizione="Documento trovato" status="200">
            <representation media-type="text/plain" nome="response_POST__documenti_{id}_binary_200_text_plain" representation-type="json">
                <json tipo="response_POST__documenti_{id}_binary_200_text_plain"/>
            </representation>
        </response>
    </resource>
    <gruppi>
        <gruppo nome="TestAPIRestGrande"/>
    </gruppi>
    <proprieta-oggetto utente-richiedente="amministratore" data-creazione="2026-02-08T08:24:26.496+01:00"/>
</accordo-servizio-parte-comune>
