<?xml version="1.0" encoding="UTF-8" standalone="yes"?>
<fruitore xmlns="http://www.openspcoop2.org/core/registry" tipo="gw" nome="SoggettoInternoTestFruitore" ora-registrazione="2023-04-24T14:21:29.228+02:00">
    <connettore tipo="http" nome="CNT_SF_gw/SoggettoInternoTestFruitore_gw/SoggettoInternoTest_gw/TestTramiteKeyPair/1">
        <property nome="location" valore="http://localhost:8080/govway/SoggettoInternoTest/TestTramiteKeyPair/v1"/>
    </connettore>
    <configurazione-azione>
        <connettore tipo="http" nome="CNT_SF_AZIONE_gw/SoggettoInternoTestFruitore_gw/SoggettoInternoTest_gw/TestTramiteKeyPair/1_pkcs1-encrypted-pem">
            <property nome="tokenPolicy" valore="TestNegoziazioneTramiteKeyPair-pkcs1-encrypted-pem"/>
            <property nome="location" valore="http://localhost:8080/govway/SoggettoInternoTest/TestTramiteKeyPair/v1"/>
        </connettore>
        <azione>pkcs1-encrypted-pem</azione>
    </configurazione-azione>
    <configurazione-azione>
        <connettore tipo="http" nome="CNT_SF_AZIONE_gw/SoggettoInternoTestFruitore_gw/SoggettoInternoTest_gw/TestTramiteKeyPair/1_pkcs1-unencrypted-pem">
            <property nome="tokenPolicy" valore="TestNegoziazioneTramiteKeyPair-pkcs1-unencrypted-pem"/>
            <property nome="location" valore="http://localhost:8080/govway/SoggettoInternoTest/TestTramiteKeyPair/v1"/>
        </connettore>
        <azione>pkcs1-unencrypted-pem</azione>
    </configurazione-azione>
    <configurazione-azione>
        <connettore tipo="http" nome="CNT_SF_AZIONE_gw/SoggettoInternoTestFruitore_gw/SoggettoInternoTest_gw/TestTramiteKeyPair/1_pkcs1-unencrypted-der">
            <property nome="tokenPolicy" valore="TestNegoziazioneTramiteKeyPair-pkcs1-unencrypted-der"/>
            <property nome="location" valore="http://localhost:8080/govway/SoggettoInternoTest/TestTramiteKeyPair/v1"/>
        </connettore>
        <azione>pkcs1-unencrypted-der</azione>
    </configurazione-azione>
    <configurazione-azione>
        <connettore tipo="http" nome="CNT_SF_AZIONE_gw/SoggettoInternoTestFruitore_gw/SoggettoInternoTest_gw/TestTramiteKeyPair/1_pkcs8-unencrypted-pem">
            <property nome="tokenPolicy" valore="TestNegoziazioneTramiteKeyPair-pkcs8-unencrypted-pem"/>
            <property nome="location" valore="http://localhost:8080/govway/SoggettoInternoTest/TestTramiteKeyPair/v1"/>
        </connettore>
        <azione>pkcs8-unencrypted-pem</azione>
    </configurazione-azione>
    <configurazione-azione>
        <connettore tipo="http" nome="CNT_SF_AZIONE_gw/SoggettoInternoTestFruitore_gw/SoggettoInternoTest_gw/TestTramiteKeyPair/1_pkcs8-unencrypted-der">
            <property nome="tokenPolicy" valore="TestNegoziazioneTramiteKeyPair-pkcs8-unencrypted-der"/>
            <property nome="location" valore="http://localhost:8080/govway/SoggettoInternoTest/TestTramiteKeyPair/v1"/>
        </connettore>
        <azione>pkcs8-unencrypted-der</azione>
    </configurazione-azione>
    <configurazione-azione>
        <connettore tipo="http" nome="CNT_SF_AZIONE_gw/SoggettoInternoTestFruitore_gw/SoggettoInternoTest_gw/TestTramiteKeyPair/1_pkcs8-encrypted-pem">
            <property nome="tokenPolicy" valore="TestNegoziazioneTramiteKeyPair-pkcs8-encrypted-pem"/>
            <property nome="location" valore="http://localhost:8080/govway/SoggettoInternoTest/TestTramiteKeyPair/v1"/>
        </connettore>
        <azione>pkcs8-encrypted-pem</azione>
    </configurazione-azione>
    <configurazione-azione>
        <connettore tipo="http" nome="CNT_SF_AZIONE_gw/SoggettoInternoTestFruitore_gw/SoggettoInternoTest_gw/TestTramiteKeyPair/1_pkcs8-encrypted-der">
            <property nome="tokenPolicy" valore="TestNegoziazioneTramiteKeyPair-pkcs8-encrypted-der"/>
            <property nome="location" valore="http://localhost:8080/govway/SoggettoInternoTest/TestTramiteKeyPair/v1"/>
        </connettore>
        <azione>pkcs8-encrypted-der</azione>
    </configurazione-azione>
</fruitore>
