<?xml version="1.0" encoding="UTF-8" standalone="yes"?>
<fruitore xmlns="http://www.openspcoop2.org/core/registry" tipo="modipa" nome="DemoSoggettoFruitore" ora-registrazione="2022-11-23T15:59:27.302+01:00">
    <connettore tipo="http" nome="CNT_SF_modipa/DemoSoggettoFruitore_modipa/DemoSoggettoErogatore_modipa/RestBlockingIDAR03CustomHeaderDuplicatiMultipart/1">
        <property nome="location" valore="http://localhost:8090"/>
    </connettore>
    <protocol-property name="modipaSecurityMessageHttpHeaders" value="Digest,Content-Type,Content-Encoding"/>
    <protocol-property name="modipaSecurityMessageRequestAud" value="testsuite"/>
    <protocol-property name="modipaSecurityMessageRequestClaims" value="apiRest=cast(${request:rest} as boolean)&#10;digestBody=${request:dumpMessage.bodyBase64Digest(SHA-256)}&#10;digest=${request:contentBase64Digest(SHA-512,true)}&#10;&#10;"/>
    <protocol-property name="modipaSecurityMessageRequestClaimsAuth" value="digestAllegato1=${request:part.attachmentByIndex(0).contentBase64Digest(SHA-256)}&#10;digestAllegato2=${request:part.attachment(&lt;5ec3652b-eee3-4c67-aea8-aa94bf3d7245&gt;).contentBase64Digest(SHA-256)}"/>
    <protocol-property name="modipaSecurityMessageRequestClaimsModi" value="digestAllegato1=${request:part.attachmentByIndex(3).contentHexDigest(SHA-256,true)}&#10;digestAllegato2=${request:part.attachmentByContentId(&lt;b38bebd7-dd0e-4ca2-a5b7-36b68993bd04&gt;).contentHexDigest(SHA-256,true)}"/>
    <protocol-property name="modipaSecurityMessageRequestExp" number-value="300"/>
    <protocol-property name="modipaSecurityMessageRequestIntegrityAud"/>
    <protocol-property name="modipaSecurityMessageRequestIntegrityAudMode" value="same"/>
    <protocol-property name="modipaSecurityMessageRequestJti" value="same"/>
    <protocol-property name="modipaSecurityMessageRequestJtiIdMsg" value="modi"/>
    <protocol-property name="modipaSecurityMessageResponseAud" boolean-value="true"/>
    <protocol-property name="modipaSecurityMessageResponseAudExpected"/>
    <protocol-property name="modipaSecurityMessageResponseDuplicateJti" value="modi"/>
    <protocol-property name="modipaSecurityMessageResponseIatMode" value="default"/>
    <protocol-property name="modipaSecurityMessageResponseIatTtl"/>
    <protocol-property name="modipaSecurityMessageResponseIntegrityAud"/>
    <protocol-property name="modipaSecurityMessageResponseIntegrityAudMode" value="same"/>
    <protocol-property name="modipaSecurityMessageRestRequestAlg" value="RS256"/>
    <protocol-property name="modipaSecurityMessageRestRequestDigestEncoding" value="BASE64"/>
    <protocol-property name="modipaSecurityMessageRestRequestX509Cert" value="x5c,x5t"/>
    <protocol-property name="modipaSecurityMessageRestRequestX509CertUseCertificateChain" boolean-value="false"/>
    <protocol-property name="modipaSecurityMessageRestResponseX509Cert" value="x5c,x5t"/>
    <protocol-property name="modipaSecurityMessageRestResponseX509CertAsReq" value="true"/>
    <protocol-property name="modipaSslTruststoreCRLs"/>
    <protocol-property name="modipaSslTruststoreMode" value="default"/>
    <protocol-property name="modipaSslTruststorePassword"/>
    <protocol-property name="modipaSslTruststorePath"/>
    <protocol-property name="modipaSslTruststoreType" value="jks"/>
    <protocol-property name="modipaTruststoreCRLs"/>
    <protocol-property name="modipaTruststoreMode" value="default"/>
    <protocol-property name="modipaTruststorePassword"/>
    <protocol-property name="modipaTruststorePath"/>
    <protocol-property name="modipaTruststoreType" value="jks"/>
</fruitore>
