<?xml version="1.0" encoding="UTF-8" standalone="yes"?>
<ns2:servizio-applicativo xmlns:ns2="http://www.openspcoop2.org/core/config" nome="gw_SoggettoInternoVaultTest/gw_VaultTestConnettori/v1" use-as-client="false">
    <ns2:invocazione-porta invio-per-riferimento="disabilitato" sbustamento-informazioni-protocollo="abilitato">
        <ns2:gestione-errore fault="soap"/>
    </ns2:invocazione-porta>
    <ns2:invocazione-servizio sbustamento-soap="disabilitato" sbustamento-informazioni-protocollo="abilitato" get-message="disabilitato" autenticazione="basic" invio-per-riferimento="disabilitato" risposta-per-riferimento="disabilitato">
        <ns2:credenziali user="VaultTestConnettoreHttp" password="PasswordVaultTestConnettoreHttp"/>
        <ns2:connettore tipo="http" nome="ConnettoreINV_gw_SoggettoInternoVaultTest/gw_VaultTestConnettori/v1_gwSoggettoInternoVaultTest">
            <ns2:property nome="location" valore="http://127.0.0.1:8080/TestService/echo?checkEqualsHttpHeader=Authorization:Basic%20VmF1bHRUZXN0Q29ubmV0dG9yZUh0dHA6UGFzc3dvcmRWYXVsdFRlc3RDb25uZXR0b3JlSHR0cA==&amp;checkEqualsQueryParameter=govwayTestSuite_IDOP:http"/>
        </ns2:connettore>
    </ns2:invocazione-servizio>
    <ns2:risposta-asincrona sbustamento-soap="disabilitato" sbustamento-informazioni-protocollo="abilitato" get-message="disabilitato" autenticazione="none" invio-per-riferimento="disabilitato" risposta-per-riferimento="disabilitato">
        <ns2:connettore tipo="disabilitato" nome="ConnettoreRISP_gw_SoggettoInternoVaultTest/gw_VaultTestConnettori/v1_gwSoggettoInternoVaultTest"/>
    </ns2:risposta-asincrona>
    <ns2:proprieta-oggetto utente-richiedente="amministratore" data-creazione="2024-07-03T17:21:48.799+02:00" utente-ultima-modifica="amministratore" data-ultima-modifica="2024-07-03T17:27:42.285+02:00"/>
</ns2:servizio-applicativo>
