<?xml version="1.0" encoding="UTF-8" standalone="yes"?>
<ns2:servizio-applicativo xmlns:ns2="http://www.openspcoop2.org/core/config" nome="VaultTestConnettoriServer" tipo="server" use-as-client="false" descrizione="">
    <ns2:invocazione-porta invio-per-riferimento="disabilitato" sbustamento-informazioni-protocollo="abilitato">
        <ns2:gestione-errore fault="soap"/>
    </ns2:invocazione-porta>
    <ns2:invocazione-servizio sbustamento-soap="disabilitato" sbustamento-informazioni-protocollo="abilitato" get-message="disabilitato" autenticazione="basic" invio-per-riferimento="disabilitato" risposta-per-riferimento="disabilitato">
        <ns2:credenziali user="VaultTestConnettoreHttpServer" password="PasswordVaultTestConnettoreHttpServer"/>
        <ns2:connettore tipo="http" nome="ConnettoreINV_VaultTestConnettoriServer_gwSoggettoInternoVaultTest">
            <ns2:property nome="location" valore="http://127.0.0.1:8080/TestService/echo?checkEqualsHttpHeader=Authorization:Basic%20VmF1bHRUZXN0Q29ubmV0dG9yZUh0dHBTZXJ2ZXI6UGFzc3dvcmRWYXVsdFRlc3RDb25uZXR0b3JlSHR0cFNlcnZlcg==&amp;checkEqualsQueryParameter=govwayTestSuite_IDOP:httpServer"/>
        </ns2:connettore>
    </ns2:invocazione-servizio>
    <ns2:risposta-asincrona sbustamento-soap="disabilitato" sbustamento-informazioni-protocollo="abilitato" get-message="disabilitato" autenticazione="none" invio-per-riferimento="disabilitato" risposta-per-riferimento="disabilitato">
        <ns2:connettore tipo="disabilitato" nome="ConnettoreRISP_VaultTestConnettoriServer_gwSoggettoInternoVaultTest"/>
    </ns2:risposta-asincrona>
    <ns2:proprieta-oggetto utente-richiedente="amministratore" data-creazione="2024-07-03T17:21:48.188+02:00" utente-ultima-modifica="amministratore" data-ultima-modifica="2024-07-03T17:27:41.143+02:00"/>
</ns2:servizio-applicativo>
