<?xml version="1.0" encoding="UTF-8" standalone="yes"?>
<ns2:servizio-applicativo xmlns:ns2="http://www.openspcoop2.org/core/config" nome="__gw_SoggettoInternoVaultTest/gw_VaultTestConnettori/v1__Specific4" use-as-client="false">
    <ns2:invocazione-porta invio-per-riferimento="disabilitato" sbustamento-informazioni-protocollo="abilitato">
        <ns2:gestione-errore fault="soap"/>
    </ns2:invocazione-porta>
    <ns2:invocazione-servizio sbustamento-soap="disabilitato" sbustamento-informazioni-protocollo="abilitato" get-message="disabilitato" autenticazione="none" invio-per-riferimento="disabilitato" risposta-per-riferimento="disabilitato">
        <ns2:connettore tipo="http" nome="ConnettoreINV___gw_SoggettoInternoVaultTest/gw_VaultTestConnettori/v1__Specific4_gwSoggettoInternoVaultTest">
            <ns2:property nome="proxyType" valore="http"/>
            <ns2:property nome="proxyHostname" valore="test"/>
            <ns2:property nome="proxyPort" valore="123"/>
            <ns2:property nome="proxyUsername" valore="usernameProxyTestVault"/>
            <ns2:property nome="proxyPassword" valore="passwordProxyTestVault"/>
            <ns2:property nome="location" valore="http://127.0.0.1:8080/TestService/echo?NonInvocoRealmentePerMancanzaProxy"/>
        </ns2:connettore>
    </ns2:invocazione-servizio>
    <ns2:risposta-asincrona sbustamento-soap="disabilitato" sbustamento-informazioni-protocollo="abilitato" get-message="disabilitato" autenticazione="none" invio-per-riferimento="disabilitato" risposta-per-riferimento="disabilitato">
        <ns2:connettore tipo="disabilitato" nome="ConnettoreRISP___gw_SoggettoInternoVaultTest/gw_VaultTestConnettori/v1__Specific4_gwSoggettoInternoVaultTest"/>
    </ns2:risposta-asincrona>
    <ns2:proprieta-oggetto utente-richiedente="amministratore" data-creazione="2024-07-03T17:21:48.518+02:00" utente-ultima-modifica="amministratore" data-ultima-modifica="2024-07-03T17:27:41.761+02:00"/>
</ns2:servizio-applicativo>
