<?xml version="1.0" encoding="UTF-8" standalone="yes"?>
<ns2:servizio-applicativo xmlns:ns2="http://www.openspcoop2.org/core/config" nome="__gw_SoggettoInternoVaultTest/gw_VaultTestConnettori/v1__Specific3" use-as-client="false">
    <ns2:invocazione-servizio sbustamento-soap="disabilitato" sbustamento-informazioni-protocollo="abilitato" get-message="disabilitato" autenticazione="basic" invio-per-riferimento="disabilitato" risposta-per-riferimento="disabilitato">
        <ns2:credenziali user="UtenteVaultTestConnettoreHttpsRidefinito" password="PasswordVaultTestConnettoreHttpsRidefinito"/>
        <ns2:connettore tipo="https" nome="ConnettoreINV___gw_SoggettoInternoVaultTest/gw_VaultTestConnettori/v1__Specific3_gwSoggettoInternoVaultTest">
            <ns2:property nome="debug" valore="false"/>
            <ns2:property nome="location" valore="https://Erogatore:8444/TestService/echo?checkEqualsHttpHeader=Authorization:Basic%20VXRlbnRlVmF1bHRUZXN0Q29ubmV0dG9yZUh0dHBzUmlkZWZpbml0bzpQYXNzd29yZFZhdWx0VGVzdENvbm5ldHRvcmVIdHRwc1JpZGVmaW5pdG8=&amp;checkEqualsQueryParameter=govwayTestSuite_IDOP:mtls"/>
            <ns2:property nome="user" valore="UtenteVaultTestConnettoreHttpsRidefinito"/>
            <ns2:property nome="password" valore="PasswordVaultTestConnettoreHttpsRidefinito"/>
            <ns2:property nome="sslType" valore="TLSv1.3"/>
            <ns2:property nome="hostnameVerifier" valore="true"/>
            <ns2:property nome="trustAllCerts" valore="false"/>
            <ns2:property nome="trustStoreLocation" valore="/etc/govway/keys/erogatore.jks"/>
            <ns2:property nome="trustStoreType" valore="jks"/>
            <ns2:property nome="trustStorePassword" valore="openspcoop"/>
            <ns2:property nome="trustManagementAlgorithm" valore="PKIX"/>
            <ns2:property nome="keyManagementAlgorithm" valore="SunX509"/>
            <ns2:property nome="keyStoreLocation" valore="/etc/govway/keys/soggetto1.jks"/>
            <ns2:property nome="keyStoreType" valore="pkcs12"/>
            <ns2:property nome="keyStorePassword" valore="openspcoopjks"/>
            <ns2:property nome="keyPassword" valore="openspcoop"/>
            <ns2:property nome="keyAlias" valore="soggetto1"/>
        </ns2:connettore>
    </ns2:invocazione-servizio>
    <ns2:risposta-asincrona sbustamento-soap="disabilitato" sbustamento-informazioni-protocollo="abilitato" get-message="disabilitato" autenticazione="none" invio-per-riferimento="disabilitato" risposta-per-riferimento="disabilitato">
        <ns2:connettore tipo="disabilitato" nome="ConnettoreRISP___gw_SoggettoInternoVaultTest/gw_VaultTestConnettori/v1__Specific3_gwSoggettoInternoVaultTest"/>
    </ns2:risposta-asincrona>
    <ns2:proprieta-oggetto utente-richiedente="amministratore" data-creazione="2024-06-28T14:42:41.801+02:00"/>
</ns2:servizio-applicativo>
