<?xml version="1.0" encoding="UTF-8" standalone="yes"?>
<ns2:servizio-applicativo xmlns:ns2="http://www.openspcoop2.org/core/config" nome="__gw_SoggettoInternoVaultTest/gw_VaultTestConnettori/v1__Specific5" use-as-client="false">
    <ns2:invocazione-porta invio-per-riferimento="disabilitato" sbustamento-informazioni-protocollo="abilitato">
        <ns2:gestione-errore fault="soap"/>
    </ns2:invocazione-porta>
    <ns2:invocazione-servizio sbustamento-soap="disabilitato" sbustamento-informazioni-protocollo="abilitato" get-message="disabilitato" autenticazione="none" invio-per-riferimento="disabilitato" risposta-per-riferimento="disabilitato">
        <ns2:connettore tipo="http" nome="ConnettoreINV___gw_SoggettoInternoVaultTest/gw_VaultTestConnettori/v1__Specific5_gwSoggettoInternoVaultTest">
            <ns2:property nome="apiKey" valore="XXX-API_KEY-TestVault"/>
            <ns2:property nome="apiKeyHeader" valore="X-API-KEY"/>
            <ns2:property nome="location" valore="http://127.0.0.1:8080/TestService/echo?checkEqualsHttpHeader=X-API-Key:XXX-API_KEY-TestVault&amp;checkEqualsQueryParameter=govwayTestSuite_IDOP:apiKey"/>
        </ns2:connettore>
    </ns2:invocazione-servizio>
    <ns2:risposta-asincrona sbustamento-soap="disabilitato" sbustamento-informazioni-protocollo="abilitato" get-message="disabilitato" autenticazione="none" invio-per-riferimento="disabilitato" risposta-per-riferimento="disabilitato">
        <ns2:connettore tipo="disabilitato" nome="ConnettoreRISP___gw_SoggettoInternoVaultTest/gw_VaultTestConnettori/v1__Specific5_gwSoggettoInternoVaultTest"/>
    </ns2:risposta-asincrona>
    <ns2:proprieta-oggetto utente-richiedente="amministratore" data-creazione="2024-07-03T16:08:00.256+02:00" utente-ultima-modifica="amministratore" data-ultima-modifica="2024-07-03T16:14:38.176+02:00"/>
</ns2:servizio-applicativo>
