<?xml version="1.0" encoding="UTF-8" standalone="yes"?>
<fruitore xmlns="http://www.openspcoop2.org/core/registry" tipo="gw" nome="SoggettoInternoTestFruitore" ora-registrazione="2024-04-30T17:32:36.795+02:00">
    <connettore tipo="http" nome="CNT_SF_gw/SoggettoInternoTestFruitore_gw/SoggettoInternoTest_gw/AuthBasicTest/1">
        <property nome="location" valore="http://127.0.0.1:8080/TestService/echo?checkEqualsHttpHeader=Authorization:Basic%20VGVzdFV0ZW50ZUJhc2ljOlBhc3N3b3JkVXRlbnRlQmFzaWM=&amp;replyHttpHeader=Authorization&amp;replyPrefixHttpHeader=GovWay-TestSuite-"/>
        <property nome="user" valore="TestUtenteBasic"/>
        <property nome="password" valore="PasswordUtenteBasic"/>
    </connettore>
    <configurazione-azione>
        <connettore tipo="http" nome="CNT_SF_AZIONE_gw/SoggettoInternoTestFruitore_gw/SoggettoInternoTest_gw/AuthBasicTest/1_viaApiKey">
            <property nome="apiKey" valore="Basic VGVzdFV0ZW50ZUJhc2ljVmlhQXBpS2V5OlBhc3N3b3JkVXRlbnRlQmFzaWNWaWFBcGlLZXk="/>
            <property nome="apiKeyHeader" valore="Authorization"/>
            <property nome="location" valore="http://127.0.0.1:8080/TestService/echo?checkEqualsHttpHeader=Authorization:Basic%20VGVzdFV0ZW50ZUJhc2ljVmlhQXBpS2V5OlBhc3N3b3JkVXRlbnRlQmFzaWNWaWFBcGlLZXk=&amp;replyHttpHeader=Authorization&amp;replyPrefixHttpHeader=GovWay-TestSuite-"/>
        </connettore>
        <azione>viaApiKey</azione>
    </configurazione-azione>
    <proprieta-oggetto utente-richiedente="amministratore" data-creazione="2024-04-30T17:32:36.795+02:00" utente-ultima-modifica="amministratore" data-ultima-modifica="2024-04-30T17:44:58.247+02:00"/>
</fruitore>
