<?xml version="1.0" encoding="UTF-8" standalone="yes"?>
<accordo-servizio-parte-comune xmlns="http://www.openspcoop2.org/core/registry" service-binding="rest" nome="TestJWSPayloadEnrichment" profilo-collaborazione="sincrono" formato-specifica="openApi3" utilizzo-senza-azione="true" filtro-duplicati="disabilitato" conferma-ricezione="disabilitato" consegna-in-ordine="disabilitato" ora-registrazione="2026-02-03T18:22:52.705+01:00" versione="1">
    <soggetto-referente tipo="gw" nome="ENTE"/>
    <resource nome="richiesta_preserva" path="/richiesta_preserva" filtro-duplicati="disabilitato" conferma-ricezione="disabilitato" consegna-in-ordine="disabilitato">
        <request/>
    </resource>
    <resource nome="richiesta_rifiuta" path="/richiesta_rifiuta" filtro-duplicati="disabilitato" conferma-ricezione="disabilitato" consegna-in-ordine="disabilitato">
        <request/>
    </resource>
    <resource nome="richiesta_sovrascrivi" path="/richiesta_sovrascrivi" filtro-duplicati="disabilitato" conferma-ricezione="disabilitato" consegna-in-ordine="disabilitato">
        <request/>
    </resource>
    <resource nome="risposta_preserva" path="/risposta_preserva" filtro-duplicati="disabilitato" conferma-ricezione="disabilitato" consegna-in-ordine="disabilitato">
        <request/>
    </resource>
    <resource nome="risposta_rifiuta" path="/risposta_rifiuta" filtro-duplicati="disabilitato" conferma-ricezione="disabilitato" consegna-in-ordine="disabilitato">
        <request/>
    </resource>
    <resource nome="risposta_sovrascrivi" path="/risposta_sovrascrivi" filtro-duplicati="disabilitato" conferma-ricezione="disabilitato" consegna-in-ordine="disabilitato">
        <request/>
    </resource>
    <proprieta-oggetto utente-richiedente="amministratore" data-creazione="2026-02-03T18:22:52.652+01:00" utente-ultima-modifica="amministratore" data-ultima-modifica="2026-02-03T18:24:35.248+01:00"/>
</accordo-servizio-parte-comune>
