<?xml version="1.0" encoding="UTF-8" standalone="yes"?>
<fruitore xmlns="http://www.openspcoop2.org/core/registry" tipo="modipa" nome="DemoSoggettoFruitore" ora-registrazione="2023-12-18T12:47:06.156+01:00">
    <connettore tipo="http" nome="CNT_SF_modipa/DemoSoggettoFruitore_modipa/DemoSoggettoErogatore_modipa/DemoNegoziazioneTokenSicurezzaAuditViaTokenPolicy/1">
        <property nome="tokenPolicy" valore="MODI-NegoziazioneTokenPDND-datiInPolicy-KidOnly-JWK"/>
        <property nome="location" valore="http://localhost:8080/govway/rest/in/DemoSoggettoErogatore/DemoNegoziazioneTokenSicurezzaAuditViaTokenPolicy/v1"/>
    </connettore>
    <protocol-property name="modipaKeyAlias"/>
    <protocol-property name="modipaKeyPassword"/>
    <protocol-property name="modipaKeystoreCertMode" value="default"/>
    <protocol-property name="modipaKeystoreFruizioneMode" value="token"/>
    <protocol-property name="modipaKeystoreKeyPairAlgo" value="RSA"/>
    <protocol-property name="modipaKeystoreMode" value="path"/>
    <protocol-property name="modipaKeystorePassword"/>
    <protocol-property name="modipaKeystorePath"/>
    <protocol-property name="modipaKeystorePathPublicKey"/>
    <protocol-property name="modipaKeystoreType" value="jks"/>
    <protocol-property name="modipaSecurityMessageCorniceSicurezzaSchemaModeLoA" value="default"/>
    <protocol-property name="modipaSecurityMessageCorniceSicurezzaSchemaModeuserID" value="default"/>
    <protocol-property name="modipaSecurityMessageCorniceSicurezzaSchemaModeuserLocation" value="default"/>
    <protocol-property name="modipaSecurityMessageCorniceSicurezzaSchemaValueLoA"/>
    <protocol-property name="modipaSecurityMessageCorniceSicurezzaSchemaValueuserID"/>
    <protocol-property name="modipaSecurityMessageCorniceSicurezzaSchemaValueuserLocation"/>
    <protocol-property name="modipaSecurityMessageRequestAud"/>
    <protocol-property name="modipaSecurityMessageRequestExp" number-value="300"/>
    <protocol-property name="modipaSecurityMessageRestRequestAlg" value="RS256"/>
    <protocol-property name="modipaSecurityMessageRestRequestX509Url"/>
    <protocol-property name="modipaSecurityOauthId"/>
    <protocol-property name="modipaSecurityOauthKid"/>
    <proprieta-oggetto utente-richiedente="amministratore" data-creazione="2023-12-18T12:47:06.155+01:00" utente-ultima-modifica="amministratore" data-ultima-modifica="2023-12-18T12:53:37.839+01:00"/>
</fruitore>
