<registro-servizi xmlns="http://www.openspcoop2.org/core/registry">

	<accordo-servizio-parte-comune xmlns="http://www.openspcoop2.org/core/registry" service-binding="rest" nome="api-pdnd-push-signals" descrizione="Exposes the API for Signal-hub push service" profilo-collaborazione="sincrono" formato-specifica="openApi3" utilizzo-senza-azione="true" filtro-duplicati="disabilitato" conferma-ricezione="disabilitato" id-collaborazione="disabilitato" id-riferimento-richiesta="disabilitato" consegna-in-ordine="disabilitato" ora-registrazione="2019-04-11T16:04:27.252+02:00" versione="1">
	    <soggetto-referente tipo="modipa" nome="SOGGETTO_LOCALE"/>
    <resource nome="signals" descrizione="La seguente risorsa consente di utilizzare qualsiasi metodo HTTP per pubblicare i segnali" path="/signals" filtro-duplicati="disabilitato" conferma-ricezione="disabilitato" id-collaborazione="disabilitato" id-riferimento-richiesta="disabilitato" consegna-in-ordine="disabilitato">
        <request/>
        <protocol-property name="modipaInteractionAsyncActionRequest" value="-"/>
        <protocol-property name="modipaInteractionAsyncApiRequest" value="-"/>
        <protocol-property name="modipaInteractionAsyncProfile" value="PUSH"/>
        <protocol-property name="modipaInteractionAsyncProfile__LABEL"/>
        <protocol-property name="modipaInteractionAsyncRole" value="Richiesta"/>
        <protocol-property name="modipaInteractionAsyncRole__LABEL"/>
        <protocol-property name="modipaInteractionAsyncServiceRequest" value="-"/>
        <protocol-property name="modipaInteractionProfile" value="crud"/>
        <protocol-property name="modipaInteractionProfile__LABEL"/>
        <protocol-property name="modipaSecurityMessageConfig"/>
        <protocol-property name="modipaSecurityMessageCorniceSicurezza" boolean-value="false"/>
        <protocol-property name="modipaSecurityMessageCorniceSicurezzaOpzionale" boolean-value="false"/>
        <protocol-property name="modipaSecurityMessageCorniceSicurezzaPattern"/>
        <protocol-property name="modipaSecurityMessageCorniceSicurezzaSchema"/>
        <protocol-property name="modipaSecurityMessageHeaderCustomMode"/>
        <protocol-property name="modipaSecurityMessageHeaderCustomName"/>
        <protocol-property name="modipaSecurityMessageHeaderName"/>
        <protocol-property name="modipaSecurityMessageProfile"/>
        <protocol-property name="modipaSecurityMessageProfileActionMode" value="default"/>
        <protocol-property name="modipaSecurityMessageRequestDigest" boolean-value="false"/>
        <protocol-property name="modipaSecurityMessageSorgenteToken"/>
        <protocol-property name="modipaSecurityRequest"/>
        <protocol-property name="modipaSecurityRequestContentType"/>
        <protocol-property name="modipaSecurityResponse"/>
        <protocol-property name="modipaSecurityResponseContentType"/>
        <protocol-property name="modipaSecurityResponseReturnCode"/>
    </resource>
    <resource nome="POST_signals" descrizione="Insert a signal" path="/signals" method="POST" filtro-duplicati="disabilitato" conferma-ricezione="disabilitato" consegna-in-ordine="disabilitato">
        <request>
            <parameter nome="authorization" parameter-type="header" required="true" tipo="string" restrizioni="type=string; style=simple; explode=false"/>
            <representation media-type="application/json" nome="SignalPayload" representation-type="json">
                <json tipo="SignalPayload"/>
            </representation>
        </request>
        <response descrizione="200" status="200">
            <parameter nome="X-Rate-Limit-Interval" descrizione="Time interval in milliseconds. Allowed requests will be constantly replenished during the interval. At the end of the interval the max allowed requests will be available" parameter-type="header" required="false" tipo="integer" restrizioni="type=integer; style=simple; explode=false"/>
            <parameter nome="X-Rate-Limit-Limit" descrizione="Max allowed requests within time interval" parameter-type="header" required="false" tipo="integer" restrizioni="type=integer; style=simple; explode=false"/>
            <parameter nome="X-Rate-Limit-Remaining" descrizione="Remaining requests within time interval" parameter-type="header" required="false" tipo="integer" restrizioni="type=integer; style=simple; explode=false"/>
            <parameter nome="X-RateLimit-Reset" descrizione="Time at which the rate limit resets, specified in UTC epoch time" parameter-type="header" required="false" tipo="integer" restrizioni="type=integer; style=simple; explode=false"/>
            <representation media-type="application/json" nome="response_POST__signals_200_application_json" representation-type="json">
                <json tipo="SignalPushResponse"/>
            </representation>
        </response>
        <response descrizione="400" status="400">
            <parameter nome="X-Rate-Limit-Interval" descrizione="Time interval in milliseconds. Allowed requests will be constantly replenished during the interval. At the end of the interval the max allowed requests will be available" parameter-type="header" required="false" tipo="integer" restrizioni="type=integer; style=simple; explode=false"/>
            <parameter nome="X-Rate-Limit-Limit" descrizione="Max allowed requests within time interval" parameter-type="header" required="false" tipo="integer" restrizioni="type=integer; style=simple; explode=false"/>
            <parameter nome="X-Rate-Limit-Remaining" descrizione="Remaining requests within time interval" parameter-type="header" required="false" tipo="integer" restrizioni="type=integer; style=simple; explode=false"/>
            <parameter nome="X-RateLimit-Reset" descrizione="Time at which the rate limit resets, specified in UTC epoch time" parameter-type="header" required="false" tipo="integer" restrizioni="type=integer; style=simple; explode=false"/>
            <representation media-type="application/problem+json" nome="response_POST__signals_400_application_problem+json" representation-type="json">
                <json tipo="problem"/>
            </representation>
        </response>
        <response descrizione="401" status="401">
            <representation media-type="application/problem+json" nome="response_POST__signals_401_application_problem+json" representation-type="json">
                <json tipo="problem"/>
            </representation>
        </response>
        <response descrizione="403" status="403">
            <parameter nome="X-Rate-Limit-Interval" descrizione="Time interval in milliseconds. Allowed requests will be constantly replenished during the interval. At the end of the interval the max allowed requests will be available" parameter-type="header" required="false" tipo="integer" restrizioni="type=integer; style=simple; explode=false"/>
            <parameter nome="X-Rate-Limit-Limit" descrizione="Max allowed requests within time interval" parameter-type="header" required="false" tipo="integer" restrizioni="type=integer; style=simple; explode=false"/>
            <parameter nome="X-Rate-Limit-Remaining" descrizione="Remaining requests within time interval" parameter-type="header" required="false" tipo="integer" restrizioni="type=integer; style=simple; explode=false"/>
            <parameter nome="X-RateLimit-Reset" descrizione="Time at which the rate limit resets, specified in UTC epoch time" parameter-type="header" required="false" tipo="integer" restrizioni="type=integer; style=simple; explode=false"/>
            <representation media-type="application/problem+json" nome="response_POST__signals_403_application_problem+json" representation-type="json">
                <json tipo="problem"/>
            </representation>
        </response>
        <response descrizione="429" status="429">
            <parameter nome="Retry-After" descrizione="How long time to wait before making a new request" parameter-type="header" required="false" tipo="integer" restrizioni="type=integer; style=simple; explode=false"/>
            <parameter nome="X-Rate-Limit-Interval" descrizione="Time interval in milliseconds. Allowed requests will be constantly replenished during the interval. At the end of the interval the max allowed requests will be available" parameter-type="header" required="false" tipo="integer" restrizioni="type=integer; style=simple; explode=false"/>
            <parameter nome="X-Rate-Limit-Limit" descrizione="Max allowed requests within time interval" parameter-type="header" required="false" tipo="integer" restrizioni="type=integer; style=simple; explode=false"/>
            <parameter nome="X-Rate-Limit-Remaining" descrizione="Remaining requests within time interval" parameter-type="header" required="false" tipo="integer" restrizioni="type=integer; style=simple; explode=false"/>
            <parameter nome="X-RateLimit-Reset" descrizione="Time at which the rate limit resets, specified in UTC epoch time" parameter-type="header" required="false" tipo="integer" restrizioni="type=integer; style=simple; explode=false"/>
            <representation media-type="application/problem+json" nome="response_POST__signals_429_application_problem+json" representation-type="json">
                <json tipo="problem"/>
            </representation>
        </response>
        <response descrizione="500" status="500">
            <representation media-type="application/problem+json" nome="response_POST__signals_500_application_problem+json" representation-type="json">
                <json tipo="problem"/>
            </representation>
        </response>
    </resource>
    <resource nome="GET_status" descrizione="Should return OK" path="/status" method="GET" filtro-duplicati="disabilitato" conferma-ricezione="disabilitato" consegna-in-ordine="disabilitato">
        <request/>
        <response descrizione="200" status="200">
            <representation media-type="application/json" nome="response_GET__status_200_application_json" representation-type="json">
                <json tipo="response_GET__status_200_application_json"/>
            </representation>
        </response>
    </resource>
    <protocol-property name="modipaSecurityChannelProfile"/>
    <protocol-property name="modipaSecurityMessageConfig"/>
    <protocol-property name="modipaSecurityMessageCorniceSicurezza" boolean-value="false"/>
    <protocol-property name="modipaSecurityMessageCorniceSicurezzaOpzionale" boolean-value="false"/>
    <protocol-property name="modipaSecurityMessageCorniceSicurezzaPattern"/>
    <protocol-property name="modipaSecurityMessageCorniceSicurezzaSchema"/>
    <protocol-property name="modipaSecurityMessageHeaderCustomMode"/>
    <protocol-property name="modipaSecurityMessageHeaderCustomName"/>
    <protocol-property name="modipaSecurityMessageHeaderName"/>
    <protocol-property name="modipaSecurityMessageProfile"/>
    <protocol-property name="modipaSecurityMessageRequestDigest" boolean-value="false"/>
    <protocol-property name="modipaSecurityMessageSorgenteToken"/>
    <protocol-property name="modipaSecurityRequest"/>
    <protocol-property name="modipaSecurityRequestContentType"/>
    <protocol-property name="modipaSecurityResponse"/>
    <protocol-property name="modipaSecurityResponseContentType"/>
    <protocol-property name="modipaSecurityResponseReturnCode"/>
    <gruppi>
        <gruppo nome="API-PDND"/>
        <gruppo nome="Signal-Hub"/>
    </gruppi>
	</accordo-servizio-parte-comune>

	<gruppo xmlns="http://www.openspcoop2.org/core/registry" nome="API-PDND" />
	<gruppo xmlns="http://www.openspcoop2.org/core/registry" nome="Signal-Hub" />

<soggetto xmlns="http://www.openspcoop2.org/core/registry" tipo="modipa" nome="PDND" identificativo-porta="domain/modipa/PDND" ora-registrazione="2023-05-02T15:20:40.949+02:00" versione-protocollo="1.0" codice-ipa="o=modipa/PDND,c=it">

		<accordo-servizio-parte-specifica xmlns="http://www.openspcoop2.org/core/registry" tipo="modipa" nome="api-pdnd-push-signals" versione="1" accordo-servizio-parte-comune="modipa/SOGGETTO_LOCALE:api-pdnd-push-signals:1" tipologia-servizio="normale" ora-registrazione="2019-04-11T16:05:44.698+02:00" descrizione="">
		    <configurazione-servizio>
			<connettore tipo="disabilitato" nome="CNT_modipa/PDND_modipa/api-pdnd-push-signals/1"/>
		    </configurazione-servizio>
		    
<fruitore xmlns="http://www.openspcoop2.org/core/registry" tipo="modipa" nome="SOGGETTO_LOCALE" ora-registrazione="2025-03-21T17:15:21.089+01:00">
    <connettore tipo="http" nome="CNT_SF_modipa/SOGGETTO_LOCALE_modipa/PDND_modipa/api-pdnd-push-signals/1">
        <property nome="tokenPolicy" valore="api-pdnd"/>
        <property nome="location" valore="https://api.uat.signalhub.interop.pagopa.it/1.0/push"/>
    </connettore>
    <protocol-property name="modipaKeyAlias"/>
    <protocol-property name="modipaKeyPassword" value="OPTIONAL_PASSWORD_PRIVATE_KEY"/>
    <protocol-property name="modipaKeystoreCertMode" value="ridefinisci"/>
    <protocol-property name="modipaKeystoreKeyPairAlgo" value="RSA"/>
    <protocol-property name="modipaKeystoreMode" value="path"/>
    <protocol-property name="modipaKeystorePassword"/>
    <protocol-property name="modipaKeystorePath" value="PATH_PRIVATE_KEY"/>
    <protocol-property name="modipaKeystorePathPublicKey" value="PATH_PUBLIC_KEY"/>
    <protocol-property name="modipaKeystoreType" value="keys"/>
    <protocol-property name="modipaSecurityOauthId" value="CLIENT_ID_FORNITO_PDND"/>
    <protocol-property name="modipaSecurityOauthKid" value="KID_FORNITO_PDND"/>
    <protocol-property name="modipaSignalHubPushParamModeobjectId" value="default"/>
    <protocol-property name="modipaSignalHubPushParamModeobjectType" value="default"/>
    <protocol-property name="modipaSignalHubPushParamModeservice" value="default"/>
    <protocol-property name="modipaSignalHubPushParamModeserviceId" value="default"/>
    <protocol-property name="modipaSignalHubPushParamModeserviceVersion" value="default"/>
    <protocol-property name="modipaSignalHubPushParamModesignalType" value="default"/>
    <protocol-property name="modipaSignalHubPushParamValueobjectId"/>
    <protocol-property name="modipaSignalHubPushParamValueobjectType"/>
    <protocol-property name="modipaSignalHubPushParamValueservice"/>
    <protocol-property name="modipaSignalHubPushParamValueserviceId"/>
    <protocol-property name="modipaSignalHubPushParamValueserviceVersion"/>
    <protocol-property name="modipaSignalHubPushParamValuesignalType"/>
    <proprieta-oggetto utente-richiedente="amministratore" data-creazione="2025-03-21T17:15:21.088+01:00" utente-ultima-modifica="amministratore" data-ultima-modifica="2025-05-13T13:05:44.722+02:00"/>
</fruitore>		    
		    
		</accordo-servizio-parte-specifica>

	</soggetto>

</registro-servizi>
