<?xml version="1.0" encoding="UTF-8" standalone="yes"?>
<ns2:servizio-applicativo xmlns:ns2="http://www.openspcoop2.org/core/config" nome="gw_@OPENSPCOOP2_NOME_SOGGETTO@/gw_api-soap-status/v1" use-as-client="false">
    <ns2:invocazione-porta invio-per-riferimento="disabilitato" sbustamento-informazioni-protocollo="abilitato">
        <ns2:gestione-errore fault="soap"/>
    </ns2:invocazione-porta>
    <ns2:invocazione-servizio sbustamento-soap="disabilitato" sbustamento-informazioni-protocollo="abilitato" get-message="disabilitato" autenticazione="none" invio-per-riferimento="disabilitato" risposta-per-riferimento="disabilitato">
        <ns2:connettore tipo="null" nome="ConnettoreINV_gw_@OPENSPCOOP2_NOME_SOGGETTO@/gw_api-soap-status/v1_gw@OPENSPCOOP2_NOME_SOGGETTO@"/>
    </ns2:invocazione-servizio>
    <ns2:risposta-asincrona sbustamento-soap="disabilitato" sbustamento-informazioni-protocollo="abilitato" get-message="disabilitato" autenticazione="none" invio-per-riferimento="disabilitato" risposta-per-riferimento="disabilitato">
        <ns2:connettore tipo="disabilitato" nome="ConnettoreRISP_gw_@OPENSPCOOP2_NOME_SOGGETTO@/gw_api-soap-status/v1_gw@OPENSPCOOP2_NOME_SOGGETTO@"/>
    </ns2:risposta-asincrona>
</ns2:servizio-applicativo>
