<?xml version="1.0" encoding="UTF-8" standalone="yes"?>
<ns2:servizio-applicativo xmlns:ns2="http://www.openspcoop2.org/core/config" nome="VaultClient1" tipo="client" use-as-client="false" descrizione="">
    <ns2:invocazione-porta invio-per-riferimento="disabilitato" sbustamento-informazioni-protocollo="abilitato">
        <ns2:credenziali tipo="ssl" app-id="false" subject="/st=Italy/c=IT/ou=test/emailaddress=apoli@link.it/cn=Soggetto1/l=Pisa/o=openspcoop.org/" issuer="/st=Italy/c=IT/ou=test/emailaddress=apoli@link.it/cn=Soggetto1/l=Pisa/o=openspcoop.org/" certificate-strict-verification="false"/>
        <ns2:gestione-errore fault="soap" fault-actor="" generic-fault-code="disabilitato" prefix-fault-code=""/>
    </ns2:invocazione-porta>
    <ns2:invocazione-servizio sbustamento-soap="disabilitato" sbustamento-informazioni-protocollo="abilitato" get-message="disabilitato" autenticazione="none" invio-per-riferimento="disabilitato" risposta-per-riferimento="disabilitato">
        <ns2:connettore tipo="disabilitato" nome="ConnettoreINV_VaultClient1_gwSoggettoInternoVaultTestFruitore"/>
    </ns2:invocazione-servizio>
    <ns2:risposta-asincrona sbustamento-soap="disabilitato" sbustamento-informazioni-protocollo="abilitato" get-message="disabilitato" autenticazione="none" invio-per-riferimento="disabilitato" risposta-per-riferimento="disabilitato">
        <ns2:connettore tipo="disabilitato" nome="ConnettoreRISP_VaultClient1_gwSoggettoInternoVaultTestFruitore"/>
    </ns2:risposta-asincrona>
    <ns2:proprieta-oggetto utente-richiedente="amministratore" data-creazione="2024-07-05T20:11:16.344+02:00" utente-ultima-modifica="amministratore" data-ultima-modifica="2024-07-05T20:22:27.314+02:00"/>
</ns2:servizio-applicativo>
