<?xml version="1.0" encoding="UTF-8"?>
<openspcoop2 xmlns="http://www.openspcoop2.org/protocol/information_missing">

	<wizard step="1" step-in-delete="1" descrizione="Servizi che permettono di verificare lo stato di GovWay" intestazione-originale="false" >
                <requisiti>
                        <protocollo nome="trasparente"/>
                </requisiti>
        </wizard> 
	<operazione>

		<soggetto tipo="RIFERIMENTO" descrizione="Soggetto"
			  protocollo="trasparente" tipo-pdd="operativo" >
			<replace-match>
				<nome tipo="EMPTY" />
				<tipo tipo="EQUALS" valore="gw" />
			</replace-match>
			<header>
				<item tipo="note" valore="Selezionare il soggetto erogatore dei servizi"/>
			</header>
		</soggetto>

	</operazione>

</openspcoop2>
