<?xml version="1.0" encoding="UTF-8" standalone="yes"?>
<accordo-servizio-parte-specifica xmlns="http://www.openspcoop2.org/core/registry" tipo="modipa" nome="SignalHubTestSOAP12" versione="1" accordo-servizio-parte-comune="modipa/ENTE:SignalHubTestSOAP12:1" tipologia-servizio="normale" port-type="SignalHubTestSOAP12" ora-registrazione="2025-06-23T15:28:51.667+02:00" descrizione="">
    <configurazione-servizio>
        <connettore tipo="disabilitato" nome="CNT_modipa/DemoSoggettoErogatore_modipa/SignalHubTestSOAP12/1"/>
    </configurazione-servizio>
    <protocol-property name="modipaInfoGenEserviceId" value="SignalHubTestSOAP12"/>
    <protocol-property name="modipaInfoGenDescriptorId"/>
    <protocol-property name="modipaInfoGenSignalHub" boolean-value="true"/>
    <protocol-property name="modipaInfoGenSignalHubOp" value="pseudonymization"/>
    <protocol-property name="modipaInfoGenSignalHubAlg" value="SHA-512/256"/>
    <protocol-property name="modipaInfoGenSignalHubSeedSize" number-value="16"/>
    <protocol-property name="modipaInfoGenSignalHubSeedLifetime" number-value="1"/>
    <protocol-property name="modipaInfoGenSignalHubPulisherText" value="Pubblicatore"/>
    <protocol-property name="modipaInfoGenSignalHubPulisherSA" value="SignalHubCryptoInfoBasic"/>
    <protocol-property name="modipaInfoGenSignalHubPulisherRole" value="-"/>
    <proprieta-oggetto utente-richiedente="amministratore" data-creazione="2025-06-23T15:28:51.645+02:00" utente-ultima-modifica="amministratore" data-ultima-modifica="2025-06-23T16:57:16.581+02:00"/>
</accordo-servizio-parte-specifica>
