<?xml version="1.0" encoding="UTF-8" standalone="yes"?>
<ns2:servizio-applicativo xmlns:ns2="http://www.openspcoop2.org/core/config" nome="sdi_@OPENSPCOOP2_NOME_SOGGETTO@/sdi_TrasmissioneFatture/1">
    <ns2:invocazione-servizio sbustamento-soap="disabilitato" sbustamento-informazioni-protocollo="abilitato" get-message="disabilitato" autenticazione="none" invio-per-riferimento="disabilitato" risposta-per-riferimento="disabilitato">
        <ns2:connettore tipo="http" nome="ConnettoreINV_sdi_@OPENSPCOOP2_NOME_SOGGETTO@/sdi_TrasmissioneFatture/1_sdi@OPENSPCOOP2_NOME_SOGGETTO@">
            <ns2:property nome="location" valore="http://TODO"/>
        </ns2:connettore>
    </ns2:invocazione-servizio>
    <ns2:risposta-asincrona sbustamento-soap="disabilitato" sbustamento-informazioni-protocollo="abilitato" get-message="disabilitato" autenticazione="none" invio-per-riferimento="disabilitato" risposta-per-riferimento="disabilitato">
        <ns2:connettore tipo="disabilitato" nome="ConnettoreRISP_sdi_@OPENSPCOOP2_NOME_SOGGETTO@/sdi_TrasmissioneFatture/1_sdi@OPENSPCOOP2_NOME_SOGGETTO@"/>
    </ns2:risposta-asincrona>
</ns2:servizio-applicativo>
