<?xml version="1.0" encoding="UTF-8"?>
<openspcoop2 xmlns="http://www.openspcoop2.org/protocol/information_missing">

	<wizard step="6" step-in-delete="2" descrizione="Servizi - ANPR" intestazione-originale="false" >
                <requisiti>
                        <protocollo nome="trasparente"/>
			<input descrizione="Servizi ANPR">
				<proprieta tipo="checkbox" default="yes" nome="Iscrizione1000" label="Servizi di Iscrizione" 
					reload-on-change="false" use-in-delete="false">
					<header>
						<item tipo="note" valore="Selezionare i servizi di ANPR che si desidera fruire"/>
					</header>
				</proprieta>
				<proprieta tipo="checkbox" default="yes" nome="Cancellazione2000" label="Servizi di Cancellazione"  
					reload-on-change="false" use-in-delete="false">
				</proprieta>
				<proprieta tipo="checkbox" default="yes" nome="Consultazione3000" label="Servizi di Consultazione"  
					reload-on-change="false" use-in-delete="false">
				</proprieta>
				<proprieta tipo="checkbox" default="yes" nome="Estrazione4000" label="Servizi di Estrazione"  
					reload-on-change="false" use-in-delete="false">
				</proprieta>
				<proprieta tipo="checkbox" default="yes" nome="Mutazione5000" label="Servizi di Mutazione"  
					reload-on-change="false" use-in-delete="false">
				</proprieta>
				<proprieta tipo="checkbox" default="yes" nome="Certificazione6001" label="Servizio di Certificazione"  
					reload-on-change="false" use-in-delete="false">
				</proprieta>
				<proprieta tipo="checkbox" default="yes" nome="ScaricoTabelle7001" label="Servizio di Scarico Tabelle"  
					reload-on-change="false" use-in-delete="false">
				</proprieta>
				<proprieta tipo="checkbox" default="yes" nome="AireA000" label="Servizi Aire"  
					reload-on-change="false" use-in-delete="false">
				</proprieta>
				<proprieta tipo="checkbox" default="yes" nome="SubentroS001" label="Servizio di Subentro"  
					reload-on-change="false" use-in-delete="false">
				</proprieta>
				<proprieta tipo="checkbox" default="yes" nome="CIE0" label="Servizi CIE"  
					reload-on-change="false" use-in-delete="false">
				</proprieta>
			</input>
                </requisiti>
        </wizard> 
	<operazione>

		<soggetto tipo="RIFERIMENTO" descrizione="Soggetto"
			  protocollo="trasparente" tipo-pdd="operativo" >
			<replace-match>
				<nome tipo="EMPTY" />
				<tipo tipo="EQUALS" valore="gw" />
			</replace-match>
			<header>
				<item tipo="note" valore="Selezionare l'Ente che deve interagire con ANPR"/>
			</header>
		</soggetto>

	</operazione>

	<operazione>

		<fruitore tipo="CONNETTORE" descrizione="Configurazione HTTPS"
			protocollo="trasparente">
		        <replace-match>
		        	<!-- <nome tipo="EMPTY" /> e' gia' il valore inserito allo step precedente -->
				<tipo tipo="EQUALS" valore="gw" />
				<!--
				<nome-servizio tipo="CONTAINS" valore="Iscrizione1000" />
				<nome-servizio tipo="CONTAINS" valore="Cancellazione2000" />
				<nome-servizio tipo="CONTAINS" valore="Consultazione3000" />
				<nome-servizio tipo="CONTAINS" valore="Estrazione4000" />
				<nome-servizio tipo="CONTAINS" valore="Mutazione5000" />
				<nome-servizio tipo="CONTAINS" valore="Certificazione6001" />
				<nome-servizio tipo="CONTAINS" valore="ScaricoTabelle7001" />
				<nome-servizio tipo="CONTAINS" valore="AireA000" />
				<nome-servizio tipo="CONTAINS" valore="SubentroS001" />
				<nome-servizio tipo="CONTAINS" valore="CIE0" />
				-->
				<tipo-servizio tipo="EQUALS" valore="gw" />
				<nome-erogatore tipo="EQUALS" valore="ANPR" />
		        </replace-match>
			<header>
				<item tipo="note" valore="Registrare l'endpoint a cui vengono inviate le richieste."/>
				<item tipo="text" valore="- Ambiente FREE: wsfree.anpr.interno.it"/>
				<item tipo="text" valore="- Ambiente TEST: wstest.anpr.interno.it"/>
				<item tipo="text" valore="- Ambiente PRE:  wspre.anpr.interno.it"/>
				<item tipo="text" valore="- Ambiente PROD: ws.anpr.interno.it"/>
				<item tipo="note" bold="true" label="Nota" valore="Lasciare la stringa '${config:URLServizio}' nell'endpoint"/>
                                <item tipo="subtitle" label="Connettore"/>
			</header>
			<default>
				<proprieta nome="interfaccia" valore="standard"/>
				<proprieta nome="connettore" valore="http"/>
				<proprieta nome="url" valore="https://ws.anpr.interno.it/${config:URLServizio}"/>				
				<!-- ** Connettore HTTP -->
				<proprieta nome="endpointtype" valore="http"/>
				<!-- ** Connettore HTTPS -->
				<!-- <proprieta nome="endpointtype" valore="https"/>
				<proprieta nome="endpointtype_ckb" valore="abilitato"/>
				<proprieta nome="endpointtype_https" valore="abilitato"/>
				<proprieta nome="httpshostverify" valore="abilitato"/>
				<proprieta nome="httpsstato" valore="abilitato"/>
				<proprieta nome="httpskeystore" valore="ridefinisci"/> -->
			</default>
		</fruitore>

	</operazione>

	<operazione>

		<input descrizione="Configurazione Cornice Sicurezza SAML (1/2)">

			<proprieta use-in-delete="false" placeholder="ID_SEDE" nome="ID Sede" >
				<header>
					<item tipo="subtitle" label="Dati Ente"/>
				</header>
			</proprieta>

			<proprieta use-in-delete="false" placeholder="KEYSTORE_PATH" nome="Path" >
				<header>
					<item tipo="subtitle" label="Keystore"/>
					<item tipo="note" valore="Indicare il certificato di firma dell'Ente"/>
				</header>
			</proprieta>
			<proprieta use-in-delete="false" placeholder="KEYSTORE_TYPE" nome="Tipo (jks/pkcs12)" default="pkcs12" />
			<proprieta use-in-delete="false" placeholder="KEYSTORE_PASSWORD" nome="Password" />
			<proprieta use-in-delete="false" placeholder="KEY_ALIAS" nome="Alias Chiave Privata" />
			<proprieta use-in-delete="false" placeholder="KEY_PASSWORD" nome="Password Chiave Privata" />

		</input>

	</operazione>

	<operazione>

		<input descrizione="Configurazione Cornice Sicurezza SAML (2/2)">

			<proprieta use-in-delete="false" placeholder="ID_OPERATORE" nome="ID Operatore" >
				<header>
					<item tipo="text" valore="Configurare le modalità in cui ottenere le informazioni sull'operatore."/>
					<item tipo="text" valore="Le informazioni possono essere recuperate dinamicamente dalla richiesta o configurate staticamente:"/>
					<item tipo="text" valore="- query.nome: il valore viene estratto dal parametro dell'url con nome 'nome'"/>
					<item tipo="text" valore="- header.nome: il valore viene esratto dall'header http che possiede il nome 'nome'"/>
					<item tipo="text" valore="- valore: indica un valore statico utilizzato per qualsiasi richiesta"/>
					<item tipo="subtitle" label="Dati Operatore"/>
				</header>
			</proprieta>
			<proprieta use-in-delete="false" placeholder="ID_POSTAZIONE" nome="ID Postazione" />
			<proprieta use-in-delete="false" placeholder="ID_POSTAZIONE_FIRMATO" nome="ID Postazione Firmata" default="FirmaDelegataGateway">
				<footer>
					<item tipo="note" bold="true" label="Nota" valore="Non modificare il valore indicato per delegare la firma al Gateway"/>
				</footer>
			</proprieta>

			<proprieta use-in-delete="false" placeholder="ID_POSTAZIONE_KEYSTORE_PATH" nome="Path" >
				<header>
					<item tipo="subtitle" label="Keystore"/>
					<item tipo="note" valore="Indicare il certificato di firma dell'operatore"/>
				</header>
			</proprieta>
			<proprieta use-in-delete="false" placeholder="ID_POSTAZIONE_KEYSTORE_TYPE" nome="Tipo (jks/pkcs12)" default="pkcs12" />
			<proprieta use-in-delete="false" placeholder="ID_POSTAZIONE_KEYSTORE_PASSWORD" nome="Password" />
			<proprieta use-in-delete="false" placeholder="ID_POSTAZIONE_KEY_ALIAS" nome="Alias Chiave Privata" />
			<proprieta use-in-delete="false" placeholder="ID_POSTAZIONE_KEY_PASSWORD" nome="Password Chiave Privata" />

		</input>

	</operazione>
	
	<operazione>


		<servizio-applicativo tipo="CREDENZIALI_ACCESSO_PDD" descrizione="Configurazione Controllo Accessi (1/2)">
			<replace-match>
				<nome tipo="EQUALS" valore="@NOME_APPLICAZIONE@" />
			</replace-match>
			<header>
				<item tipo="note" valore="Definire la modalità di autenticazione dell'applicativo client."/>
				<item tipo="note" valore="Le credenziali indicate dovranno essere utilizzate dall'applicativo interno per fruire dei servizi di ANPR"/>
				<item tipo="subtitle" label="Credenziali di Accesso"/>
			</header>
			<default>
				<proprieta nome="tipoauthCredenziali" valore="basic"/>
				<proprieta nome="utenteCredenziali" valore="ApplicazioneANPR"/>
			</default>
		</servizio-applicativo>
		<servizio-applicativo tipo="ALLINEA_CREDENZIALI_PD" descrizione="Allineo tipo di autenticazione nelle porteDelegate riferite">
			<replace-match>
		                <nome tipo="EQUALS" valore="@NOME_APPLICAZIONE@" />
		        </replace-match>
		</servizio-applicativo>

	</operazione>

	<operazione>

		<input descrizione="Configurazione Controllo Accessi (2/2)">

			<proprieta use-in-delete="true" placeholder="NOME_APPLICAZIONE" nome="Nome Applicazione" default="ApplicazioneANPR">
				<header>
					<item tipo="subtitle" label="Dati Applicazione"/>
				</header>
			</proprieta>
			<proprieta use-in-delete="false" placeholder="ID_APPLICAZIONE" nome="ID Applicazione" />

		</input>

	</operazione>

	<operazione>

		<accordo-servizio-parte-comune tipo="STATO_ARCHIVIO" descrizione="StatiAccordiImpostatiAOperativi" stato="operativo">
			<replace-match>
				<nome tipo="ALL" />
			</replace-match>
		</accordo-servizio-parte-comune>


		<accordo-servizio-parte-specifica tipo="STATO_ARCHIVIO" descrizione="StatiAccordiImpostatiAOperativi" stato="operativo">
		        <replace-match>
		                <nome tipo="ALL" />
		        </replace-match>
		</accordo-servizio-parte-specifica>

		<fruitore tipo="STATO_ARCHIVIO" descrizione="StatiAccordiImpostatiAOperativi" stato="operativo">
		        <replace-match>
		                <nome tipo="ALL" />
		        </replace-match>
		</fruitore>

	</operazione>

	<operazione>

		<porta-delegata tipo="STATO" descrizione="Iscrizione1000 StatoAbilitato" stato="abilitato">
			<conditions>
				<proprieta nome="Iscrizione1000" valore="yes" />
			</conditions>
			<replace-match>
				<nome tipo="ENDS_WITH" valore="/gw_Iscrizione1000/v1" />
			</replace-match>
		</porta-delegata>
		<porta-delegata tipo="STATO" descrizione="Iscrizione1000 StatoDisabilitato" stato="disabilitato">
			<conditions not="true">
				<proprieta nome="Iscrizione1000" valore="yes" />
			</conditions>
			<replace-match>
				<nome tipo="ENDS_WITH" valore="/gw_Iscrizione1000/v1" />
			</replace-match>
		</porta-delegata>

		<porta-delegata tipo="STATO" descrizione="Cancellazione2000 StatoAbilitato" stato="abilitato">
			<conditions>
				<proprieta nome="Cancellazione2000" valore="yes" />
			</conditions>
			<replace-match>
				<nome tipo="ENDS_WITH" valore="/gw_Cancellazione2000/v1" />
			</replace-match>
		</porta-delegata>
		<porta-delegata tipo="STATO" descrizione="Cancellazione2000 StatoDisabilitato" stato="disabilitato">
			<conditions not="true">
				<proprieta nome="Cancellazione2000" valore="yes" />
			</conditions>
			<replace-match>
				<nome tipo="ENDS_WITH" valore="/gw_Cancellazione2000/v1" />
			</replace-match>
		</porta-delegata>

		<porta-delegata tipo="STATO" descrizione="Consultazione3000 StatoAbilitato" stato="abilitato">
			<conditions>
				<proprieta nome="Consultazione3000" valore="yes" />
			</conditions>
			<replace-match>
				<nome tipo="ENDS_WITH" valore="/gw_Consultazione3000/v1" />
			</replace-match>
		</porta-delegata>
		<porta-delegata tipo="STATO" descrizione="Consultazione3000 StatoDisabilitato" stato="disabilitato">
			<conditions not="true">
				<proprieta nome="Consultazione3000" valore="yes" />
			</conditions>
			<replace-match>
				<nome tipo="ENDS_WITH" valore="/gw_Consultazione3000/v1" />
			</replace-match>
		</porta-delegata>

		<porta-delegata tipo="STATO" descrizione="Estrazione4000 StatoAbilitato" stato="abilitato">
			<conditions>
				<proprieta nome="Estrazione4000" valore="yes" />
			</conditions>
			<replace-match>
				<nome tipo="ENDS_WITH" valore="/gw_Estrazione4000/v1" />
			</replace-match>
		</porta-delegata>
		<porta-delegata tipo="STATO" descrizione="Estrazione4000 StatoDisabilitato" stato="disabilitato">
			<conditions not="true">
				<proprieta nome="Estrazione4000" valore="yes" />
			</conditions>
			<replace-match>
				<nome tipo="ENDS_WITH" valore="/gw_Estrazione4000/v1" />
			</replace-match>
		</porta-delegata>

		<porta-delegata tipo="STATO" descrizione="Mutazione5000 StatoAbilitato" stato="abilitato">
			<conditions>
				<proprieta nome="Mutazione5000" valore="yes" />
			</conditions>
			<replace-match>
				<nome tipo="ENDS_WITH" valore="/gw_Mutazione5000/v1" />
			</replace-match>
		</porta-delegata>
		<porta-delegata tipo="STATO" descrizione="Mutazione5000 StatoDisabilitato" stato="disabilitato">
			<conditions not="true">
				<proprieta nome="Mutazione5000" valore="yes" />
			</conditions>
			<replace-match>
				<nome tipo="ENDS_WITH" valore="/gw_Mutazione5000/v1" />
			</replace-match>
		</porta-delegata>

		<porta-delegata tipo="STATO" descrizione="Certificazione6001 StatoAbilitato" stato="abilitato">
			<conditions>
				<proprieta nome="Certificazione6001" valore="yes" />
			</conditions>
			<replace-match>
				<nome tipo="ENDS_WITH" valore="/gw_Certificazione6001/v1" />
			</replace-match>
		</porta-delegata>
		<porta-delegata tipo="STATO" descrizione="Certificazione6001 StatoDisabilitato" stato="disabilitato">
			<conditions not="true">
				<proprieta nome="Certificazione6001" valore="yes" />
			</conditions>
			<replace-match>
				<nome tipo="ENDS_WITH" valore="/gw_Certificazione6001/v1" />
			</replace-match>
		</porta-delegata>

		<porta-delegata tipo="STATO" descrizione="ScaricoTabelle7001 StatoAbilitato" stato="abilitato">
			<conditions>
				<proprieta nome="ScaricoTabelle7001" valore="yes" />
			</conditions>
			<replace-match>
				<nome tipo="ENDS_WITH" valore="/gw_ScaricoTabelle7001/v1" />
			</replace-match>
		</porta-delegata>
		<porta-delegata tipo="STATO" descrizione="ScaricoTabelle7001 StatoDisabilitato" stato="disabilitato">
			<conditions not="true">
				<proprieta nome="ScaricoTabelle7001" valore="yes" />
			</conditions>
			<replace-match>
				<nome tipo="ENDS_WITH" valore="/gw_ScaricoTabelle7001/v1" />
			</replace-match>
		</porta-delegata>

		<porta-delegata tipo="STATO" descrizione="AireA000 StatoAbilitato" stato="abilitato">
			<conditions>
				<proprieta nome="AireA000" valore="yes" />
			</conditions>
			<replace-match>
				<nome tipo="ENDS_WITH" valore="/gw_AireA000/v1" />
			</replace-match>
		</porta-delegata>
		<porta-delegata tipo="STATO" descrizione="AireA000 StatoDisabilitato" stato="disabilitato">
			<conditions not="true">
				<proprieta nome="AireA000" valore="yes" />
			</conditions>
			<replace-match>
				<nome tipo="ENDS_WITH" valore="/gw_AireA000/v1" />
			</replace-match>
		</porta-delegata>

		<porta-delegata tipo="STATO" descrizione="SubentroS001 StatoAbilitato" stato="abilitato">
			<conditions>
				<proprieta nome="SubentroS001" valore="yes" />
			</conditions>
			<replace-match>
				<nome tipo="ENDS_WITH" valore="/gw_SubentroS001/v1" />
			</replace-match>
		</porta-delegata>
		<porta-delegata tipo="STATO" descrizione="SubentroS001 StatoDisabilitato" stato="disabilitato">
			<conditions not="true">
				<proprieta nome="SubentroS001" valore="yes" />
			</conditions>
			<replace-match>
				<nome tipo="ENDS_WITH" valore="/gw_SubentroS001/v1" />
			</replace-match>
		</porta-delegata>

		<porta-delegata tipo="STATO" descrizione="CIE0 StatoAbilitato" stato="abilitato">
			<conditions>
				<proprieta nome="CIE0" valore="yes" />
			</conditions>
			<replace-match>
				<nome tipo="ENDS_WITH" valore="/gw_CIE0/v1" />
			</replace-match>
		</porta-delegata>
		<porta-delegata tipo="STATO" descrizione="CIE0 StatoDisabilitato" stato="disabilitato">
			<conditions not="true">
				<proprieta nome="CIE0" valore="yes" />
			</conditions>
			<replace-match>
				<nome tipo="ENDS_WITH" valore="/gw_CIE0/v1" />
			</replace-match>
		</porta-delegata>

	</operazione>

</openspcoop2>
