<?xml version="1.0" encoding="UTF-8" standalone="yes"?>
<accordo-servizio-parte-specifica xmlns="http://www.openspcoop2.org/core/registry" tipo="modipa" nome="RestBlockingIDAR0302HeaderDuplicatiCorniceSicurezzaCustomClaim" versione="1" accordo-servizio-parte-comune="modipa/ENTE:RestBlockingIDAR03HeaderDuplicati:1" tipologia-servizio="normale" ora-registrazione="2021-09-03T14:58:57.031+02:00">
    <configurazione-servizio>
        <connettore tipo="disabilitato" nome="CNT_modipa/DemoSoggettoErogatore_modipa/RestBlockingIDAR0302HeaderDuplicatiCorniceSicurezzaCustomClaim/1"/>
    </configurazione-servizio>
    <protocol-property name="modipaKeyAlias"/>
    <protocol-property name="modipaKeyPassword"/>
    <protocol-property name="modipaKeystoreCertMode" value="default"/>
    <protocol-property name="modipaKeystoreMode" value="archive"/>
    <protocol-property name="modipaKeystorePassword"/>
    <protocol-property name="modipaKeystorePath"/>
    <protocol-property name="modipaKeystoreType" value="jks"/>
    <protocol-property name="modipaSecurityMessageHttpHeaders" value="Digest,Content-Type,Content-Encoding,Authorization"/>
    <protocol-property name="modipaSecurityMessageRequestAud" value="testsuite"/>
    <protocol-property name="modipaSecurityMessageRequestDuplicateJti" value="auth"/>
    <protocol-property name="modipaSecurityMessageRequestIntegrityAud"/>
    <protocol-property name="modipaSecurityMessageRequestIntegrityAudMode" value="same"/>
    <protocol-property name="modipaSecurityMessageResponseClaims" value="iss=${config:iss}&#10;sub=${config:sub}&#10;aud=customAud&#10;client_id=customClientId&#10;custom_ip=${query:userIP}&#10;custom_api_ridefinito=${config:pCustom}&#10;custom_api=${config:pCustom}&#10;custom_fruitore=${clientOrganizationConfig:pCustom}&#10;custom_erogatore=${providerOrganizationConfig:pCustom}&#10;custom_applicativo=${clientApplicationConfig:pCustom}&#10;custom_hdr_request=${header:GovWay-TestSuite-Test-ID}&#10;custom_hdr_response=${header:GovWay-TestSuite-Test-ID}&#10;custom_json=${jsonPathResponse:$.c}"/>
    <protocol-property name="modipaSecurityMessageResponseClaimsAuth" value="iss=${config:iss}Authorization&#10;aud=customAudAuthorization&#10;custom_ip_authorization=${query:userIP}Authorization&#10;custom_api_ridefinito=${config:pCustom}Authorization&#10;custom_api_authorization=${config:pCustom}Authorization&#10;custom_fruitore_authorization=${clientOrganizationConfig:pCustom}Authorization&#10;custom_erogatore_authorization=${providerOrganizationConfig:pCustom}Authorization&#10;custom_applicativo_authorization=${clientApplicationConfig:pCustom}Authorization&#10;custom_hdr_request_authorization=${header:GovWay-TestSuite-Test-ID}Authorization&#10;custom_hdr_response_authorization=${header:GovWay-TestSuite-Test-ID}Authorization&#10;custom_json_authorization=${jsonPathResponse:$.c}Authorization"/>
    <protocol-property name="modipaSecurityMessageResponseClaimsModi" value="sub=${config:sub}Integrity&#10;client_id=customClientIdIntegrity&#10;custom_ip_integrity=${query:userIP}Integrity&#10;custom_api_ridefinito=${config:pCustom}Integrity&#10;custom_api_integrity=${config:pCustom}Integrity&#10;custom_fruitore_integrity=${clientOrganizationConfig:pCustom}Integrity&#10;custom_erogatore_integrity=${providerOrganizationConfig:pCustom}Integrity&#10;custom_applicativo_integrity=${clientApplicationConfig:pCustom}Integrity&#10;custom_hdr_request_integrity=${header:GovWay-TestSuite-Test-ID}Integrity&#10;custom_hdr_response_integrity=${header:GovWay-TestSuite-Test-ID}Integrity&#10;custom_json_integrity=${jsonPathResponse:$.c}Integrity"/>
    <protocol-property name="modipaSecurityMessageResponseExp" number-value="300"/>
    <protocol-property name="modipaSecurityMessageResponseJti" value="same"/>
    <protocol-property name="modipaSecurityMessageResponseJtiIdMsg" value="auth"/>
    <protocol-property name="modipaSecurityMessageRestRequestX509Cert" value="x5c"/>
    <protocol-property name="modipaSecurityMessageRestResponseAlg" value="RS256"/>
    <protocol-property name="modipaSecurityMessageRestResponseX509Cert" value="x5c,x5t"/>
    <protocol-property name="modipaSecurityMessageRestResponseX509CertAsReq" value="true"/>
    <protocol-property name="modipaSecurityMessageRestResponseX509CertUseCertificateChain" boolean-value="false"/>
    <protocol-property name="modipaSecurityMessageRestResponseX509Url"/>
    <protocol-property name="modipaSslTruststoreCRLs"/>
    <protocol-property name="modipaSslTruststoreMode" value="default"/>
    <protocol-property name="modipaSslTruststorePassword"/>
    <protocol-property name="modipaSslTruststorePath"/>
    <protocol-property name="modipaSslTruststoreType" value="jks"/>
    <protocol-property name="modipaTruststoreCRLs"/>
    <protocol-property name="modipaTruststoreMode" value="default"/>
    <protocol-property name="modipaTruststorePassword"/>
    <protocol-property name="modipaTruststorePath"/>
    <protocol-property name="modipaTruststoreType" value="jks"/>
</accordo-servizio-parte-specifica>
