<?xml version="1.0" encoding="UTF-8" standalone="yes"?>
<fruitore xmlns="http://www.openspcoop2.org/core/registry" tipo="gw" nome="SoggettoInternoTestFruitore" ora-registrazione="2022-09-12T10:30:34.966+02:00">
    <connettore tipo="http" nome="CNT_SF_gw/SoggettoInternoTestFruitore_gw/SoggettoInternoTest_gw/TestAutenticazioneTokenREST/1">
        <property nome="location" valore="http://127.0.0.1:8080/TestService/echo"/>
    </connettore>
    <configurazione-azione>
        <connettore tipo="http" nome="CNT_SF_AZIONE_gw/SoggettoInternoTestFruitore_gw/SoggettoInternoTest_gw/TestAutenticazioneTokenREST/1_trasformazione">
            <property nome="location" valore="http://127.0.0.1:8080/TestService/echo?replyHttpHeader=govway-testsuite-applicativotoken,govway-testsuite-applicativotoken-config,govway-testsuite-applicativotoken-config-soggetto"/>
        </connettore>
        <azione>trasformazione</azione>
    </configurazione-azione>
    <configurazione-azione>
        <connettore tipo="http" nome="CNT_SF_AZIONE_gw/SoggettoInternoTestFruitore_gw/SoggettoInternoTest_gw/TestAutenticazioneTokenREST/1_trasformazioneTrasporto">
            <property nome="location" valore="http://127.0.0.1:8080/TestService/echo?replyHttpHeader=govway-testsuite-applicativotoken,govway-testsuite-applicativotoken-config,govway-testsuite-applicativotoken-config-soggetto"/>
        </connettore>
        <azione>trasformazioneTrasporto</azione>
    </configurazione-azione>
    <configurazione-azione>
        <connettore tipo="http" nome="CNT_SF_AZIONE_gw/SoggettoInternoTestFruitore_gw/SoggettoInternoTest_gw/TestAutenticazioneTokenREST/1_integrazione">
            <property nome="location" valore="http://127.0.0.1:8080/TestService/echo?replyHttpHeader=govway-token-sender-type,govway-token-sender,govway-token-application&amp;replyPrefixHttpHeader=govway-testsuite-&amp;replyQueryParameter=govway_token_sender_type,govway_token_sender,govway_token_application&amp;replyPrefixQueryParameter=govway-testsuite-url-"/>
        </connettore>
        <azione>integrazione</azione>
    </configurazione-azione>
</fruitore>
