<?xml version="1.0" encoding="UTF-8" standalone="yes"?>
<fruitore xmlns="http://www.openspcoop2.org/core/registry" tipo="gw" nome="SoggettoInternoVaultTestFruitore" ora-registrazione="2024-07-01T11:30:39.438+02:00">
    <connettore tipo="http" nome="CNT_SF_gw/SoggettoInternoVaultTestFruitore_gw/SoggettoInternoVaultTest_gw/VaultTestProprieta/1">
        <property nome="location" valore="http://127.0.0.1:8080/TestService/echo?checkEqualsHttpHeader=vault-test:vaultTestValoreCifrato&amp;checkEqualsQueryParameter=govwayTestSuite_IDOP:config"/>
    </connettore>
    <configurazione-azione>
        <connettore tipo="http" nome="CNT_SF_AZIONE_gw/SoggettoInternoVaultTestFruitore_gw/SoggettoInternoVaultTest_gw/VaultTestProprieta/1_porta">
            <property nome="location" valore="http://127.0.0.1:8080/TestService/echo?checkEqualsHttpHeader=vault-test:vaultTestValoreCifratoPorta&amp;checkEqualsQueryParameter=govwayTestSuite_IDOP:porta"/>
        </connettore>
        <azione>porta</azione>
    </configurazione-azione>
    <configurazione-azione>
        <connettore tipo="http" nome="CNT_SF_AZIONE_gw/SoggettoInternoVaultTestFruitore_gw/SoggettoInternoVaultTest_gw/VaultTestProprieta/1_plugin-authn-authz-authc">
            <property nome="location" valore="http://127.0.0.1:8080/TestService/echo"/>
        </connettore>
        <azione>plugin-authn-authz-authc</azione>
    </configurazione-azione>
    <proprieta-oggetto utente-richiedente="amministratore" data-creazione="2024-07-01T08:46:07.730+02:00"/>
</fruitore>
