<?xml version="1.0" encoding="UTF-8" standalone="yes"?>
<accordo-servizio-parte-comune xmlns="http://www.openspcoop2.org/core/registry" service-binding="rest" nome="RestBlockingIDAR01CRUDClaimCustom" descrizione="Questo file descrive semplicemente i metodi di un'API&#10;e non indica tutte le informazioni di metadatazione che&#10;normalmente vanno inserite." profilo-collaborazione="sincrono" formato-specifica="openApi3" utilizzo-senza-azione="true" filtro-duplicati="disabilitato" conferma-ricezione="disabilitato" consegna-in-ordine="disabilitato" ora-registrazione="2021-08-30T09:36:10.841+02:00" versione="1">
    <soggetto-referente tipo="modipa" nome="ENTE"/>
    <resource nome="POST_resources.object" path="/resources/object" method="POST" filtro-duplicati="disabilitato" conferma-ricezione="disabilitato" consegna-in-ordine="disabilitato">
        <request>
            <representation media-type="application/json" nome="MType" representation-type="json">
                <json tipo="MType"/>
            </representation>
        </request>
        <response descrizione="Errore inatteso. Non ritornare informazioni&#10;sulla logica interna e/o non pertinenti all'interfaccia." status="-2">
            <representation media-type="application/json" nome="response_POST__resources_object_default_application_json" representation-type="json">
                <json tipo="ErrorMessage"/>
            </representation>
        </response>
        <response descrizione="Esecuzione di M avvenuta con successo" status="201"/>
        <response descrizione="Richiesta non valida" status="400">
            <representation media-type="application/json" nome="response_POST__resources_object_400_application_json" representation-type="json">
                <json tipo="ErrorMessage"/>
            </representation>
        </response>
    </resource>
    <resource nome="DELETE_resources.object.id_resource" path="/resources/object/{id_resource}" method="DELETE" filtro-duplicati="disabilitato" conferma-ricezione="disabilitato" consegna-in-ordine="disabilitato">
        <request>
            <parameter nome="id_resource" parameter-type="dynamicPath" required="true" tipo="int32" restrizioni="type=integer; format=int32; style=simple; explode=false"/>
        </request>
        <response descrizione="Errore inatteso. Non ritornare informazioni&#10;sulla logica interna e/o non pertinenti all'interfaccia." status="-2">
            <representation media-type="application/json" nome="response_DELETE__resources_object_{id_resource}_default_application_json" representation-type="json">
                <json tipo="ErrorMessage"/>
            </representation>
        </response>
        <response descrizione="Esecuzione di M avvenuta con successo" status="204"/>
        <response descrizione="Richiesta non valida" status="400">
            <representation media-type="application/json" nome="response_DELETE__resources_object_{id_resource}_400_application_json" representation-type="json">
                <json tipo="ErrorMessage"/>
            </representation>
        </response>
        <response descrizione="Identificativo non trovato" status="404">
            <representation media-type="application/json" nome="response_DELETE__resources_object_{id_resource}_404_application_json" representation-type="json">
                <json tipo="ErrorMessage"/>
            </representation>
        </response>
    </resource>
    <resource nome="GET_resources.object.id_resource" path="/resources/object/{id_resource}" method="GET" filtro-duplicati="disabilitato" conferma-ricezione="disabilitato" consegna-in-ordine="disabilitato">
        <request>
            <parameter nome="id_resource" parameter-type="dynamicPath" required="true" tipo="int32" restrizioni="type=integer; format=int32; style=simple; explode=false"/>
        </request>
        <response descrizione="Errore inatteso. Non ritornare informazioni&#10;sulla logica interna e/o non pertinenti all'interfaccia." status="-2">
            <representation media-type="application/json" nome="response_GET__resources_object_{id_resource}_default_application_json" representation-type="json">
                <json tipo="ErrorMessage"/>
            </representation>
        </response>
        <response descrizione="Esecuzione di M avvenuta con successo" status="200">
            <representation media-type="application/json" nome="response_GET__resources_object_{id_resource}_200_application_json" representation-type="json">
                <json tipo="MType"/>
            </representation>
        </response>
        <response descrizione="Richiesta non valida" status="400">
            <representation media-type="application/json" nome="response_GET__resources_object_{id_resource}_400_application_json" representation-type="json">
                <json tipo="ErrorMessage"/>
            </representation>
        </response>
        <response descrizione="Identificativo non trovato" status="404">
            <representation media-type="application/json" nome="response_GET__resources_object_{id_resource}_404_application_json" representation-type="json">
                <json tipo="ErrorMessage"/>
            </representation>
        </response>
    </resource>
    <resource nome="PUT_resources.object.id_resource" path="/resources/object/{id_resource}" method="PUT" filtro-duplicati="disabilitato" conferma-ricezione="disabilitato" consegna-in-ordine="disabilitato">
        <request>
            <parameter nome="id_resource" parameter-type="dynamicPath" required="true" tipo="int32" restrizioni="type=integer; format=int32; style=simple; explode=false"/>
            <representation media-type="application/json" nome="MType" representation-type="json">
                <json tipo="MType"/>
            </representation>
        </request>
        <response descrizione="Errore inatteso. Non ritornare informazioni&#10;sulla logica interna e/o non pertinenti all'interfaccia." status="-2">
            <representation media-type="application/json" nome="response_PUT__resources_object_{id_resource}_default_application_json" representation-type="json">
                <json tipo="ErrorMessage"/>
            </representation>
        </response>
        <response descrizione="Esecuzione di M avvenuta con successo" status="200">
            <representation media-type="application/json" nome="response_PUT__resources_object_{id_resource}_200_application_json" representation-type="json">
                <json tipo="MResponseType"/>
            </representation>
        </response>
        <response descrizione="Richiesta non valida" status="400">
            <representation media-type="application/json" nome="response_PUT__resources_object_{id_resource}_400_application_json" representation-type="json">
                <json tipo="ErrorMessage"/>
            </representation>
        </response>
        <response descrizione="Identificativo non trovato" status="404">
            <representation media-type="application/json" nome="response_PUT__resources_object_{id_resource}_404_application_json" representation-type="json">
                <json tipo="ErrorMessage"/>
            </representation>
        </response>
    </resource>
    <protocol-property name="modipaSecurityChannelProfile" value="idac01"/>
    <protocol-property name="modipaSecurityMessageConfig" value="entrambi"/>
    <protocol-property name="modipaSecurityMessageCorniceSicurezza" boolean-value="false"/>
    <protocol-property name="modipaSecurityMessageHeaderName" value="authorization"/>
    <protocol-property name="modipaSecurityMessageProfile" value="idam01"/>
    <protocol-property name="modipaSecurityMessageRequestDigest" boolean-value="false"/>
    <protocol-property name="modipaSecurityRequest"/>
    <protocol-property name="modipaSecurityRequestContentType"/>
    <protocol-property name="modipaSecurityResponse"/>
    <protocol-property name="modipaSecurityResponseContentType"/>
    <protocol-property name="modipaSecurityResponseReturnCode"/>
</accordo-servizio-parte-comune>
