<?xml version="1.0" encoding="UTF-8" standalone="yes"?>
<accordo-servizio-parte-comune xmlns="http://www.openspcoop2.org/core/registry" descrizione="[Fatturazione Passiva] Permette al ricevente di inviare allo SdI le notifiche di esito committente" service-binding="soap" nome="SdIRiceviNotifica" profilo-collaborazione="sincrono" formato-specifica="wsdl11" utilizzo-senza-azione="true" filtro-duplicati="disabilitato" conferma-ricezione="disabilitato" id-collaborazione="disabilitato" id-riferimento-richiesta="disabilitato" consegna-in-ordine="disabilitato" ora-registrazione="2018-07-23T15:47:28.626+02:00" versione="1">
    <soggetto-referente tipo="sdi" nome="@OPENSPCOOP2_NOME_SOGGETTO@"/>
    <port-type nome="SdIRiceviNotifica" style="document" profilo-collaborazione="sincrono" filtro-duplicati="abilitato">
        <azione nome="NotificaEsito" soap-action="http://www.fatturapa.it/SdIRicezioneNotifiche/NotificaEsito" profilo-collaborazione="sincrono" filtro-duplicati="abilitato">
            <message-input use="literal">
                <part name="parameters" element-name="fileSdI" element-namespace="http://www.fatturapa.gov.it/sdi/ws/ricezione/v1.0/types"/>
            </message-input>
            <message-output use="literal">
                <part name="parameters" element-name="rispostaSdINotificaEsito" element-namespace="http://www.fatturapa.gov.it/sdi/ws/ricezione/v1.0/types"/>
            </message-output>
        </azione>
    </port-type>
    <allegato tipo="xsd" file="RicezioneTypes_v1.0.xsd" ora-registrazione="2018-07-23T15:47:36.882+02:00"/>
</accordo-servizio-parte-comune>
