<?xml version="1.0" encoding="UTF-8" standalone="yes"?>
<accordo-servizio-parte-comune xmlns="http://www.openspcoop2.org/core/registry" service-binding="rest" nome="api-rest-status" descrizione="Monitoraggio dello stato di GovWay" profilo-collaborazione="sincrono" formato-specifica="openApi3" utilizzo-senza-azione="true" filtro-duplicati="disabilitato" conferma-ricezione="disabilitato" id-collaborazione="disabilitato" id-riferimento-richiesta="disabilitato" consegna-in-ordine="disabilitato" ora-registrazione="2020-11-30T17:27:44.663+01:00" versione="1">
    <soggetto-referente tipo="gw" nome="@OPENSPCOOP2_NOME_SOGGETTO_DEFAULT@"/>
    <resource nome="GET_status" path="/status" method="GET" filtro-duplicati="disabilitato">
        <request/>
        <response descrizione="Il server ha riscontrato un problema.&#10;" status="-2">
            <representation media-type="application/problem+json" nome="response_GET__status_default_application_problem+json" representation-type="json">
                <json tipo="Problem"/>
            </representation>
        </response>
        <response descrizione="Il servizio funziona correttamente.&#10;" status="200">
            <representation media-type="application/problem+json" nome="response_GET__status_200_application_problem+json" representation-type="json">
                <json tipo="Problem"/>
            </representation>
        </response>
    </resource>
    <gruppi>
        <gruppo nome="API-GovWay"/>
    </gruppi>
</accordo-servizio-parte-comune>
