<?xml version="1.0" encoding="UTF-8" standalone="yes"?>
<ns2:servizio-applicativo xmlns:ns2="http://www.openspcoop2.org/core/config" nome="rs-monitor-ApplicativoBlockingIDA01-CredenzialePrincipal" tipo="client" use-as-client="false">
    <ns2:invocazione-porta invio-per-riferimento="disabilitato" sbustamento-informazioni-protocollo="abilitato">
        <ns2:credenziali tipo="principal" user="rs-monitor-ApplicativoBlockingIDA01" app-id="false" certificate-strict-verification="false"/>
        <ns2:gestione-errore fault="soap"/>
    </ns2:invocazione-porta>
    <ns2:invocazione-servizio sbustamento-soap="disabilitato" sbustamento-informazioni-protocollo="abilitato" get-message="disabilitato" autenticazione="none" invio-per-riferimento="disabilitato" risposta-per-riferimento="disabilitato">
        <ns2:connettore tipo="disabilitato" nome="ConnettoreINV_rs-monitor-ApplicativoBlockingIDA01-CredenzialePrincipal_modipars-monitor-DemoSoggettoFruitore"/>
    </ns2:invocazione-servizio>
    <ns2:risposta-asincrona sbustamento-soap="disabilitato" sbustamento-informazioni-protocollo="abilitato" get-message="disabilitato" autenticazione="none" invio-per-riferimento="disabilitato" risposta-per-riferimento="disabilitato">
        <ns2:connettore tipo="disabilitato" nome="ConnettoreRISP_rs-monitor-ApplicativoBlockingIDA01-CredenzialePrincipal_modipars-monitor-DemoSoggettoFruitore"/>
    </ns2:risposta-asincrona>
    <ns2:protocol-property name="modipaKeyAlias" value="ExampleClient1"/>
    <ns2:protocol-property name="modipaKeyCNIssuer"/>
    <ns2:protocol-property name="modipaKeyCNSubject"/>
    <ns2:protocol-property name="modipaKeyPassword" value="123456"/>
    <ns2:protocol-property name="modipaKeystoreKeyPairAlgo"/>
    <ns2:protocol-property name="modipaKeystoreMode" value="path"/>
    <ns2:protocol-property name="modipaKeystorePassword" value="123456"/>
    <ns2:protocol-property name="modipaKeystorePath" value="/etc/govway/keys/rs-monitor/ExampleClient1.p12"/>
    <ns2:protocol-property name="modipaKeystorePathPublicKey"/>
    <ns2:protocol-property name="modipaKeystoreType" value="pkcs12"/>
    <ns2:protocol-property name="modipaSecurityMessage" boolean-value="true"/>
    <ns2:protocol-property name="modipaSecurityMessageResponseAud"/>
    <ns2:protocol-property name="modipaSecurityMessageRestRequestX509Url"/>
    <ns2:protocol-property name="modipaSecurityToken" boolean-value="true"/>
    <ns2:protocol-property name="modipaSecurityTokenClientId" value="rs-monitor-DemoSoggettoFruitore/rs-monitor-ApplicativoBlockingIDA01"/>
    <ns2:protocol-property name="modipaSecurityTokenKID" value="KID-rs-monitor-ApplicativoBlockingIDA01"/>
    <ns2:protocol-property name="modipaSecurityTokenPolicy" value="-"/>
    <ns2:proprieta-oggetto utente-richiedente="amministratore" data-creazione="2025-05-22T11:24:31.701+02:00"/>
</ns2:servizio-applicativo>
