<?xml version="1.0" encoding="UTF-8" standalone="yes"?>
<fruitore xmlns="http://www.openspcoop2.org/core/registry" tipo="modipa" nome="DemoSoggettoFruitore" ora-registrazione="2025-01-10T14:31:23.884+01:00">
    <connettore tipo="http" nome="CNT_SF_modipa/DemoSoggettoFruitore_modipa/DemoSoggettoErogatore_modipa/DemoNegoziazioneTokenAutenticazioneApplicativoTramiteToken/1">
        <property nome="tokenPolicy" valore="MODI-NegoziazioneTokenPDND-AutenticazioneApplicativoTramiteToken"/>
        <property nome="location" valore="http://127.0.0.1:8080/TestService/echo"/>
    </connettore>
    <configurazione-azione>
        <connettore tipo="http" nome="CNT_SF_AZIONE_modipa/DemoSoggettoFruitore_modipa/DemoSoggettoErogatore_modipa/DemoNegoziazioneTokenAutenticazioneApplicativoTramiteToken/1_generaToken">
            <property nome="location" valore="http://localhost:8080/govway/rest/out/DemoSoggettoFruitore/DemoSoggettoErogatore/DemoNegoziazioneTokenAutenticazioneApplicativoTramiteToken/v1/test"/>
        </connettore>
        <azione>generaToken</azione>
    </configurazione-azione>
    <protocol-property name="modipaKeyAlias"/>
    <protocol-property name="modipaKeyPassword"/>
    <protocol-property name="modipaKeystoreByokPolicy"/>
    <protocol-property name="modipaKeystoreCertMode" value="-"/>
    <protocol-property name="modipaKeystoreKeyPairAlgo"/>
    <protocol-property name="modipaKeystoreMode"/>
    <protocol-property name="modipaKeystorePassword"/>
    <protocol-property name="modipaKeystorePath"/>
    <protocol-property name="modipaKeystorePathPublicKey"/>
    <protocol-property name="modipaKeystoreType"/>
    <protocol-property name="modipaSecurityOauthId"/>
    <protocol-property name="modipaSecurityOauthKid"/>
    <proprieta-oggetto utente-richiedente="amministratore" data-creazione="2025-01-10T14:31:23.884+01:00" utente-ultima-modifica="amministratore" data-ultima-modifica="2025-01-10T16:01:49.301+01:00"/>
</fruitore>
