<?xml version="1.0" encoding="UTF-8" standalone="yes"?>
<fruitore xmlns="http://www.openspcoop2.org/core/registry" tipo="modipa" nome="DemoSoggettoFruitore" ora-registrazione="2024-01-22T16:20:02.112+01:00">
    <connettore tipo="http" nome="CNT_SF_modipa/DemoSoggettoFruitore_modipa/DemoSoggettoErogatore_modipa/RestBlockingIDAR03-AudienceAsArray/1">
        <property nome="location" valore="http://localhost:8090"/>
    </connettore>
    <protocol-property name="modipaKeyAlias"/>
    <protocol-property name="modipaKeyPassword"/>
    <protocol-property name="modipaKeystoreCertMode" value="default"/>
    <protocol-property name="modipaKeystoreFruizioneMode" value="applicativo"/>
    <protocol-property name="modipaKeystoreKeyPairAlgo" value="RSA"/>
    <protocol-property name="modipaKeystoreMode" value="path"/>
    <protocol-property name="modipaKeystorePassword"/>
    <protocol-property name="modipaKeystorePath"/>
    <protocol-property name="modipaKeystorePathPublicKey"/>
    <protocol-property name="modipaKeystoreType" value="jks"/>
    <protocol-property name="modipaSecurityMessageHttpHeaders" value="Digest,Content-Type,Content-Encoding,IDAR03TestHeader"/>
    <protocol-property name="modipaSecurityMessageRequestAud" value="${header:GovWay-TestSuite-Test-Audience}"/>
    <protocol-property name="modipaSecurityMessageRequestClaims"/>
    <protocol-property name="modipaSecurityMessageRequestExp" number-value="300"/>
    <protocol-property name="modipaSecurityMessageResponseAud" boolean-value="true"/>
    <protocol-property name="modipaSecurityMessageResponseAudExpected" value="testsuite-server-response"/>
    <protocol-property name="modipaSecurityMessageResponseIatMode" value="default"/>
    <protocol-property name="modipaSecurityMessageResponseIatTtl"/>
    <protocol-property name="modipaSecurityMessageRestRequestAlg" value="RS256"/>
    <protocol-property name="modipaSecurityMessageRestRequestDigestEncoding" value="BASE64"/>
    <protocol-property name="modipaSecurityMessageRestRequestX509Cert" value="x5c,x5t"/>
    <protocol-property name="modipaSecurityMessageRestRequestX509CertUseCertificateChain" boolean-value="false"/>
    <protocol-property name="modipaSecurityMessageRestRequestX509Url"/>
    <protocol-property name="modipaSecurityMessageRestResponseX509Cert" value="x5c,x5t"/>
    <protocol-property name="modipaSecurityMessageRestResponseX509CertAsReq" value="true"/>
    <protocol-property name="modipaSslTruststoreCRLs"/>
    <protocol-property name="modipaSslTruststoreMode" value="default"/>
    <protocol-property name="modipaSslTruststoreOCSP"/>
    <protocol-property name="modipaSslTruststorePassword"/>
    <protocol-property name="modipaSslTruststorePath"/>
    <protocol-property name="modipaSslTruststoreType" value="jks"/>
    <protocol-property name="modipaTruststoreCRLs"/>
    <protocol-property name="modipaTruststoreMode" value="default"/>
    <protocol-property name="modipaTruststoreOCSP"/>
    <protocol-property name="modipaTruststorePassword"/>
    <protocol-property name="modipaTruststorePath"/>
    <protocol-property name="modipaTruststoreType" value="jks"/>
    <proprieta-oggetto utente-richiedente="amministratore" data-creazione="2024-01-22T16:20:02.112+01:00" utente-ultima-modifica="amministratore" data-ultima-modifica="2024-01-22T16:35:19.287+01:00"/>
</fruitore>
