<?xml version="1.0" encoding="UTF-8" standalone="yes"?>
<fruitore xmlns="http://www.openspcoop2.org/core/registry" tipo="gw" nome="SoggettoInternoTestFruitore" ora-registrazione="2022-12-09T15:29:50.532+01:00">
    <connettore tipo="http" nome="CNT_SF_gw/SoggettoInternoTestFruitore_gw/SoggettoInternoTest_gw/TestTramiteJWKs/1">
        <property nome="tokenPolicy" valore="TestNegoziazioneTramiteJWKs"/>
        <property nome="location" valore="http://localhost:8080/govway/SoggettoInternoTest/TestTramiteJWKs/v1"/>
    </connettore>
    <configurazione-azione>
        <connettore tipo="http" nome="CNT_SF_AZIONE_gw/SoggettoInternoTestFruitore_gw/SoggettoInternoTest_gw/TestTramiteJWKs/1_test-kid">
            <property nome="tokenPolicy" valore="TestNegoziazioneTramiteJWKsKID"/>
            <property nome="location" valore="http://localhost:8080/govway/SoggettoInternoTest/TestTramiteJWKs/v1"/>
        </connettore>
        <azione>test-kid</azione>
    </configurazione-azione>
</fruitore>
