<?xml version="1.0" encoding="UTF-8" standalone="yes"?>
<accordo-servizio-parte-comune xmlns="http://www.openspcoop2.org/core/registry" service-binding="rest" nome="RestNonBlockingPushClientValidazione" descrizione="Questo file descrive semplicemente i metodi di un'API&#10;e non indica tutte le informazioni di metadatazione che&#10;normalmente vanno inserite." profilo-collaborazione="sincrono" formato-specifica="openApi3" utilizzo-senza-azione="true" filtro-duplicati="disabilitato" conferma-ricezione="disabilitato" id-collaborazione="disabilitato" id-riferimento-richiesta="disabilitato" consegna-in-ordine="disabilitato" ora-registrazione="2020-10-16T12:42:50.012+02:00" versione="1">
    <soggetto-referente tipo="modipa" nome="ENTE"/>
    <resource nome="POST_MResponse" path="/MResponse" method="POST" filtro-duplicati="disabilitato" conferma-ricezione="disabilitato" consegna-in-ordine="disabilitato">
        <request>
            <parameter nome="X-Correlation-ID" parameter-type="header" required="false" tipo="string" restrizioni="type=string"/>
            <representation media-type="application/json" nome="MResponseType" representation-type="json">
                <json tipo="MResponseType"/>
            </representation>
        </request>
        <response descrizione="Errore inatteso. Non ritornare informazioni&#10;sulla logica interna e/o non pertinenti all'interfaccia." status="-2">
            <representation media-type="application/json" nome="response_POST__MResponse_default_application_json" representation-type="json">
                <json tipo="ErrorMessage"/>
            </representation>
        </response>
        <response descrizione="Risposta correttamente ricevuta" status="200">
            <representation media-type="application/json" nome="response_POST__MResponse_200_application_json" representation-type="json">
                <json tipo="ACKMessage"/>
            </representation>
        </response>
        <response descrizione="Richiesta non valida" status="400">
            <representation media-type="application/json" nome="response_POST__MResponse_400_application_json" representation-type="json">
                <json tipo="ErrorMessage"/>
            </representation>
        </response>
        <response descrizione="Identificativo non trovato" status="404">
            <representation media-type="application/json" nome="response_POST__MResponse_404_application_json" representation-type="json">
                <json tipo="ErrorMessage"/>
            </representation>
        </response>
        <protocol-property name="modipaInteractionProfile" value="nonBloccante"/>
        <protocol-property name="modipaInteractionAsyncProfile" value="PUSH"/>
        <protocol-property name="modipaInteractionAsyncRole" value="Risposta"/>
        <protocol-property name="modipaInteractionAsyncApiRequest" value="modipa/ENTE:RestNonBlockingPushServerValidazione:1"/>
        <protocol-property name="modipaInteractionAsyncServiceRequest"/>
        <protocol-property name="modipaInteractionAsyncActionRequest" value="POST_resources.id_resource.M"/>
        <protocol-property name="modipaSecurityMessageProfileActionMode" value="default"/>
        <protocol-property name="modipaSecurityMessageProfile"/>
        <protocol-property name="modipaSecurityMessageCorniceSicurezza" boolean-value="false"/>
        <protocol-property name="modipaSecurityMessageRequestDigest" boolean-value="false"/>
    </resource>
    <protocol-property name="modipaSecurityChannelProfile" value="idac01"/>
    <protocol-property name="modipaSecurityMessageProfile" value="-"/>
    <protocol-property name="modipaSecurityMessageCorniceSicurezza" boolean-value="false"/>
    <protocol-property name="modipaSecurityMessageRequestDigest" boolean-value="false"/>
</accordo-servizio-parte-comune>
