<?xml version="1.0" encoding="UTF-8" standalone="yes"?>
<ns2:generic-properties xmlns:ns2="http://www.openspcoop2.org/core/config" nome="SimulazionePDNDFruitoreStressTestDPoP" tipologia="retrievePolicyToken" tipo="retrieveToken">
    <ns2:property nome="policy.endpoint.https.stato" valore="false"/>
    <ns2:property nome="policy.retrieveToken.dpop" valore="true"/>
    <ns2:property nome="policy.retrieveToken.jwt.jti" valore="${transaction:id}"/>
    <ns2:property nome="endpointConfig_@@@_connectionTimeout" valore="5000"/>
    <ns2:property nome="policy.retrieveToken.jwt.signature.include.key.id" valore="custom"/>
    <ns2:property nome="policy.tokenForward.mode" valore="RFC6750_header"/>
    <ns2:property nome="policy.retrieveToken.jwt.signature.keyPassword" valore="123456"/>
    <ns2:property nome="endpointConfig_@@@_readConnectionTimeout" valore="10000"/>
    <ns2:property nome="policy.retrieveToken.dpop.signature.algorithm" valore="RS256"/>
    <ns2:property nome="policy.retrieveToken.jwt.signature.keyAlias" valore="ExampleClient1"/>
    <ns2:property nome="policy.retrieveToken.endpoint.url" valore="http://localhost:8080/govway/rest/out/ENTE/ENTE/StressTestGeneraTokenPDND/v1"/>
    <ns2:property nome="policy.retrieveToken.mode" valore="rfc7523_x509"/>
    <ns2:property nome="policy.retrieveToken.jwt.signature.keystoreFile" valore="/etc/govway/keys/xca/ExampleClient1.p12"/>
    <ns2:property nome="policy.endpoint.proxy.stato" valore="false"/>
    <ns2:property nome="jwtSignatureIncludeCertShaMode" valore="-"/>
    <ns2:property nome="policy.retrieveToken.jwt.signature.keystoreType" valore="pkcs12"/>
    <ns2:property nome="policy.retrieveToken.jwt.subject" valore="aaad4f42-3c16-4d85-9992-2e0aaa0c95f4"/>
    <ns2:property nome="policy.retrieveToken.jwt.purposeId" valore="${dynamicConfig:apiSearchByClientApplication(purposeId)}"/>
    <ns2:property nome="policy.retrieveToken.jwt.expired" valore="300"/>
    <ns2:property nome="policy.retrieveToken.claimsParser" valore="OAUTH2_RFC_6749"/>
    <ns2:property nome="policy.retrieveToken.dpop.signature.keystoreFile" valore="/etc/govway/keys/xca/ExampleClient2.p12"/>
    <ns2:property nome="policy.tokenForward.dpop.mode" valore="RFC9449_header"/>
    <ns2:property nome="policy.retrieveToken.jwt.signature.joseContentType" valore="false"/>
    <ns2:property nome="policy.retrieveToken.saveErrorInCache" valore="false"/>
    <ns2:property nome="jwtSignatureIncludeCertMode" valore="-"/>
    <ns2:property nome="policy.retrieveToken.formClientId" valore="aaad4f42-3c16-4d85-9992-2e0aaa0c95f4"/>
    <ns2:property nome="policy.retrieveToken.dpop.signature.keyAlias" valore="ExampleClient2"/>
    <ns2:property nome="policy.retrieveToken.jwt.pdnd" valore="true"/>
    <ns2:property nome="policy.retrieveToken.dpop.cache.enabled" valore="false"/>
    <ns2:property nome="policy.retrieveToken.jwt.audience" valore="auth.uat.interop.test.it/client-assertion"/>
    <ns2:property nome="policy.retrieveToken.jwt.signature.include.key.id.value" valore="AAAtm50XB8AAAAJ3VWqDKGyGV_C8zAOarON63Jkvecc"/>
    <ns2:property nome="policy.retrieveToken.dpop.signature.keystorePassword" valore="123456"/>
    <ns2:property nome="policy.retrieveToken.jwt.signature.joseType" valore="JWT"/>
    <ns2:property nome="policy.retrieveToken.dpop.signature.keyPassword" valore="123456"/>
    <ns2:property nome="policy.retrieveToken.dpop.signature.keystoreType" valore="jks"/>
    <ns2:property nome="policy.retrieveToken.jwt.issuer" valore="aaad4f42-3c16-4d85-9992-2e0aaa0c95f4"/>
    <ns2:property nome="policy.retrieveToken.jwt.signature.algorithm" valore="RS256"/>
    <ns2:property nome="policy.retrieveToken.jwt.clientId" valore="aaad4f42-3c16-4d85-9992-2e0aaa0c95f4"/>
    <ns2:property nome="policy.retrieveToken.jwt.signature.keystorePassword" valore="123456"/>
    <ns2:proprieta-oggetto utente-richiedente="amministratore" data-creazione="2026-01-16T11:11:02.573+01:00"/>
</ns2:generic-properties>
