<?xml version="1.0" encoding="UTF-8" standalone="yes"?>
<ns2:porta-delegata xmlns:ns2="http://www.openspcoop2.org/core/config" nome="__gw_SoggettoInternoTestFruitore/gw_SoggettoInternoTest/gw_NumeroRichiesteSoap/v1__Specific1" descrizione="Internal Subscription 'Specific1' for gw_SoggettoInternoTestFruitore/gw_SoggettoInternoTest/gw_NumeroRichiesteSoap/v1" autenticazione="none" autenticazione-opzionale="disabilitato" autorizzazione="none" ricevuta-asincrona-simmetrica="abilitato" ricevuta-asincrona-asimmetrica="abilitato" allega-body="disabilitato" scarta-body="disabilitato" ricerca-porta-azione-delegata="disabilitato" stato="abilitato">
    <ns2:soggetto-erogatore tipo="gw" nome="SoggettoInternoTest"/>
    <ns2:servizio tipo="gw" nome="NumeroRichiesteSoap" versione="1"/>
    <ns2:azione identificazione="delegatedBy" nome-porta-delegante="gw_SoggettoInternoTestFruitore/gw_SoggettoInternoTest/gw_NumeroRichiesteSoap/v1" force-interface-based="disabilitato">
        <ns2:azione-delegata>Giornaliero</ns2:azione-delegata>
        <ns2:azione-delegata>Minuto</ns2:azione-delegata>
        <ns2:azione-delegata>Orario</ns2:azione-delegata>
    </ns2:azione>
</ns2:porta-delegata>
