<?xml version="1.0" encoding="UTF-8" standalone="yes"?>
<accordo-servizio-parte-specifica xmlns="http://www.openspcoop2.org/core/registry" tipo="modipa" nome="SignalHubTestSenzaConfigurazione" versione="1" accordo-servizio-parte-comune="modipa/ENTE:SignalHubTest:1" tipologia-servizio="normale" ora-registrazione="2025-05-13T12:28:32.104+02:00">
    <configurazione-servizio>
        <connettore tipo="disabilitato" nome="CNT_modipa/DemoSoggettoErogatore_modipa/SignalHubTestSenzaConfigurazione/1"/>
    </configurazione-servizio>
    <protocol-property name="modipaInfoGenEserviceId" value="eServiceIDSenzaConfSignalHub"/>
    <protocol-property name="modipaInfoGenSignalHub" boolean-value="false"/>
    <protocol-property name="modipaInfoGenSignalHubAlg"/>
    <protocol-property name="modipaInfoGenSignalHubOp"/>
    <protocol-property name="modipaInfoGenSignalHubPulisherRole"/>
    <protocol-property name="modipaInfoGenSignalHubPulisherSA"/>
    <protocol-property name="modipaInfoGenSignalHubPulisherText"/>
    <protocol-property name="modipaInfoGenSignalHubSeedLifetime"/>
    <protocol-property name="modipaInfoGenSignalHubSeedSize"/>
    <proprieta-oggetto utente-richiedente="amministratore" data-creazione="2025-05-13T12:28:32.050+02:00"/>
</accordo-servizio-parte-specifica>
