<?xml version="1.0" encoding="UTF-8" standalone="yes"?>
<ns2:porta-applicativa xmlns:ns2="http://www.openspcoop2.org/core/config" nome="gw_@OPENSPCOOP2_NOME_SOGGETTO@/gw_api-rest-status/v1" descrizione="Service implementation gw/@OPENSPCOOP2_NOME_SOGGETTO@:gw/api-rest-status:1" ricevuta-asincrona-simmetrica="abilitato" ricevuta-asincrona-asimmetrica="abilitato" allega-body="disabilitato" scarta-body="disabilitato" autenticazione="ssl" autorizzazione="authenticated" ricerca-porta-azione-delegata="abilitato" stato="abilitato">
    <ns2:servizio tipo="gw" nome="api-rest-status" versione="1"/>
    <ns2:azione identificazione="interfaceBased" force-interface-based="abilitato"/>
    <ns2:servizio-applicativo nome="gw_@OPENSPCOOP2_NOME_SOGGETTO@/gw_api-rest-status/v1"/>
    <ns2:validazione-contenuti-applicativi stato="disabilitato" tipo="xsd" accept-mtom-message="disabilitato"/>
    <ns2:trasformazioni>
        <ns2:regola nome="Status" posizione="1" stato="abilitato">
            <ns2:richiesta conversione="false"/>
            <ns2:risposta nome="Ok" posizione="1" conversione="true" conversione-tipo="template" content-type="application/problem+json">
                <ns2:conversione-template>ewogICJ0eXBlIjogImh0dHBzOi8vaHR0cHN0YXR1c2VzLmNvbS8yMDAiLAogICJ0aXRsZSI6ICJTdWNjZXNzIiwKICAic3RhdHVzIjogMjAwLAogICJkZXRhaWwiOiAiSWwgc2Vydml6aW8gZnVuemlvbmEgY29ycmV0dGFtZW50ZSIKfQo=</ns2:conversione-template>
                <ns2:applicabilita>
                    <ns2:return-code-min>200</ns2:return-code-min>
                    <ns2:return-code-max>200</ns2:return-code-max>
                </ns2:applicabilita>
            </ns2:risposta>
        </ns2:regola>
    </ns2:trasformazioni>
</ns2:porta-applicativa>
