<?xml version="1.0" encoding="UTF-8" standalone="yes"?>
<fruitore xmlns="http://www.openspcoop2.org/core/registry" tipo="modipa" nome="DemoSoggettoFruitore" ora-registrazione="2023-05-17T17:26:23.899+02:00">
    <connettore tipo="http" nome="CNT_SF_modipa/DemoSoggettoFruitore_modipa/DemoSoggettoErogatore_modipa/DemoNegoziazioneTokenFruizioneKeystoreRidefinitoSicurezzaMessaggioKeyPair/1">
        <property nome="tokenPolicy" valore="MODI-NegoziazioneTokenPDND-datiInFruizione-KidOnly-KeyPair"/>
        <property nome="location" valore="http://127.0.0.1:8080/TestService/echo"/>
    </connettore>
    <protocol-property name="modipaKeyAlias"/>
    <protocol-property name="modipaKeyPassword" value="123456"/>
    <protocol-property name="modipaKeystoreCertMode" value="ridefinisci"/>
    <protocol-property name="modipaKeystoreFruizioneMode" value="fruizione"/>
    <protocol-property name="modipaKeystoreKeyPairAlgo" value="RSA"/>
    <protocol-property name="modipaKeystoreMode" value="path"/>
    <protocol-property name="modipaKeystorePassword"/>
    <protocol-property name="modipaKeystorePath" value="/etc/govway/keys/keyPair-test.rsa.pkcs8_encrypted.privateKey.pem"/>
    <protocol-property name="modipaKeystorePathPublicKey" value="/etc/govway/keys/keyPair-test.rsa.publicKey.pem"/>
    <protocol-property name="modipaKeystoreType" value="keys"/>
    <protocol-property name="modipaSecurityMessageHttpHeaders" value="Digest,Content-Type,Content-Encoding"/>
    <protocol-property name="modipaSecurityMessageRequestAud"/>
    <protocol-property name="modipaSecurityMessageRequestClaims"/>
    <protocol-property name="modipaSecurityMessageRequestExp" number-value="300"/>
    <protocol-property name="modipaSecurityMessageRestRequestAlg" value="RS256"/>
    <protocol-property name="modipaSecurityMessageRestRequestDigestEncoding" value="BASE64"/>
    <protocol-property name="modipaSecurityMessageRestRequestX509Cert" value="x5c,x5t"/>
    <protocol-property name="modipaSecurityMessageRestRequestX509CertUseCertificateChain" boolean-value="false"/>
    <protocol-property name="modipaSecurityMessageRestRequestX509Url"/>
    <protocol-property name="modipaSecurityOauthId" value="DemoSoggettoFruitore/KeyPair/${header:tiponegoziazionetest}"/>
    <protocol-property name="modipaSecurityOauthKid" value="KID-${header:tiponegoziazionetest}"/>
</fruitore>
