<?xml version="1.0" encoding="UTF-8" standalone="yes"?>
<fruitore xmlns="http://www.openspcoop2.org/core/registry" tipo="modipa" nome="DemoSoggettoFruitore" ora-registrazione="2023-10-04T12:52:05.855+02:00">
    <connettore tipo="http" nome="CNT_SF_modipa/DemoSoggettoFruitore_modipa/DemoSoggettoErogatore_modipa/RestBlockingAuditRest01TokenAuditCustomSenzaValidazione-JWK/1">
        <property nome="tokenPolicy" valore="SimulazionePDNDProduzioneTokenKid"/>
        <property nome="location" valore="http://localhost:8090"/>
    </connettore>
    <protocol-property name="modipaKeyAlias"/>
    <protocol-property name="modipaKeyPassword"/>
    <protocol-property name="modipaKeystoreCertMode" value="default"/>
    <protocol-property name="modipaKeystoreFruizioneMode" value="applicativo"/>
    <protocol-property name="modipaKeystoreKeyPairAlgo" value="RSA"/>
    <protocol-property name="modipaKeystoreMode" value="path"/>
    <protocol-property name="modipaKeystorePassword"/>
    <protocol-property name="modipaKeystorePath"/>
    <protocol-property name="modipaKeystorePathPublicKey"/>
    <protocol-property name="modipaKeystoreType" value="jks"/>
    <protocol-property name="modipaSecurityMessageCorniceSicurezzaSchemaModetypeBoolean" value="default"/>
    <protocol-property name="modipaSecurityMessageCorniceSicurezzaSchemaModetypeINT" value="default"/>
    <protocol-property name="modipaSecurityMessageCorniceSicurezzaSchemaModetypeINTRegexp" value="default"/>
    <protocol-property name="modipaSecurityMessageCorniceSicurezzaSchemaModetypeListInt" value="default"/>
    <protocol-property name="modipaSecurityMessageCorniceSicurezzaSchemaModetypeListString" value="default"/>
    <protocol-property name="modipaSecurityMessageCorniceSicurezzaSchemaModetypeMixed1" value="default"/>
    <protocol-property name="modipaSecurityMessageCorniceSicurezzaSchemaModetypeMixed2" value="default"/>
    <protocol-property name="modipaSecurityMessageCorniceSicurezzaSchemaModetypeStringRegexp" value="default"/>
    <protocol-property name="modipaSecurityMessageCorniceSicurezzaSchemaValuetypeBoolean"/>
    <protocol-property name="modipaSecurityMessageCorniceSicurezzaSchemaValuetypeINT"/>
    <protocol-property name="modipaSecurityMessageCorniceSicurezzaSchemaValuetypeINTRegexp"/>
    <protocol-property name="modipaSecurityMessageCorniceSicurezzaSchemaValuetypeListInt"/>
    <protocol-property name="modipaSecurityMessageCorniceSicurezzaSchemaValuetypeListString"/>
    <protocol-property name="modipaSecurityMessageCorniceSicurezzaSchemaValuetypeMixed1"/>
    <protocol-property name="modipaSecurityMessageCorniceSicurezzaSchemaValuetypeMixed2"/>
    <protocol-property name="modipaSecurityMessageCorniceSicurezzaSchemaValuetypeStringRegexp"/>
    <protocol-property name="modipaSecurityMessageRequestAud" value="RestBlockingAuditRest01TokenAuditCustomSenzaValidazione-JWK/v1"/>
    <protocol-property name="modipaSecurityMessageRequestExp" number-value="300"/>
    <protocol-property name="modipaSecurityMessageRestRequestAlg" value="RS256"/>
    <protocol-property name="modipaSecurityMessageRestRequestX509Url"/>
</fruitore>
