<?xml version="1.0" encoding="UTF-8" standalone="yes"?>
<ns2:porta-applicativa xmlns:ns2="http://www.openspcoop2.org/core/config" nome="__gw_SoggettoInternoTestAutenticazioneHttpsXca/gw_TestOCSPAutenticazioneHTTPS/v1__Specific1" descrizione="Internal Implementation 'Specific1' for gw_SoggettoInternoTestAutenticazioneHttpsXca/gw_TestOCSPAutenticazioneHTTPS/v1" ricevuta-asincrona-simmetrica="abilitato" ricevuta-asincrona-asimmetrica="abilitato" allega-body="disabilitato" scarta-body="disabilitato" autenticazione="ssl" autorizzazione="none" ricerca-porta-azione-delegata="disabilitato" stato="abilitato">
    <ns2:servizio tipo="gw" nome="TestOCSPAutenticazioneHTTPS" versione="1"/>
    <ns2:azione identificazione="delegatedBy" nome-porta-delegante="gw_SoggettoInternoTestAutenticazioneHttpsXca/gw_TestOCSPAutenticazioneHTTPS/v1" force-interface-based="disabilitato">
        <ns2:azione-delegata>case2</ns2:azione-delegata>
        <ns2:azione-delegata>case2-revoked</ns2:azione-delegata>
        <ns2:azione-delegata>case3</ns2:azione-delegata>
        <ns2:azione-delegata>case3-revoked</ns2:azione-delegata>
    </ns2:azione>
    <ns2:servizio-applicativo nome="gw_SoggettoInternoTestAutenticazioneHttpsXca/gw_TestOCSPAutenticazioneHTTPS/v1"/>
    <ns2:proprieta nome="authentication.https.truststore" valore="/etc/govway/keys/xca/trustStore_ca.jks"/>
    <ns2:proprieta nome="authentication.https.truststore.enabled" valore="true"/>
    <ns2:proprieta nome="authentication.https.truststore.ocspPolicy" valore="alternativeCrlCheck"/>
    <ns2:proprieta nome="authentication.https.truststore.password" valore="123456"/>
    <ns2:proprieta nome="authentication.https.truststore.type" valore="JKS"/>
    <ns2:proprieta nome="authentication.https.truststore.crls" valore="/etc/govway/keys/xca/ExampleCA.crl"/>
    <ns2:proprieta nome="authentication.https.validityCheck" valore="false"/>
</ns2:porta-applicativa>
