<?xml version="1.0" encoding="UTF-8" standalone="yes"?>
<accordo-servizio-parte-comune xmlns="http://www.openspcoop2.org/core/registry" service-binding="soap" nome="TestConnettoriMultipliLoadBalanceConsegnaCondizionaleSoap" profilo-collaborazione="sincrono" formato-specifica="wsdl11" utilizzo-senza-azione="true" filtro-duplicati="disabilitato" conferma-ricezione="disabilitato" consegna-in-ordine="disabilitato" ora-registrazione="2022-01-17T19:27:04.502+01:00" versione="1">
    <soggetto-referente tipo="gw" nome="ENTE"/>
    <port-type nome="TestConnettoriMultipli" style="document" profilo-collaborazione="sincrono" filtro-duplicati="disabilitato" conferma-ricezione="disabilitato" consegna-in-ordine="disabilitato">
        <azione nome="Pool0-Filtro0" soap-action="Pool0-Filtro0" profilo-collaborazione="sincrono" filtro-duplicati="disabilitato" conferma-ricezione="disabilitato" consegna-in-ordine="disabilitato"/>
        <azione nome="Pool0-Filtro1" soap-action="Pool0-Filtro1" profilo-collaborazione="sincrono" filtro-duplicati="disabilitato" conferma-ricezione="disabilitato" consegna-in-ordine="disabilitato"/>
        <azione nome="Pool1-Filtro0" soap-action="Pool1-Filtro0" profilo-collaborazione="sincrono" filtro-duplicati="disabilitato" conferma-ricezione="disabilitato" consegna-in-ordine="disabilitato"/>
        <azione nome="Pool1-Filtro1" soap-action="Pool1-Filtro1" profilo-collaborazione="sincrono" filtro-duplicati="disabilitato" conferma-ricezione="disabilitato" consegna-in-ordine="disabilitato"/>
        <azione nome="Pool2-Filtro0" soap-action="Pool2-Filtro0" profilo-collaborazione="sincrono" filtro-duplicati="disabilitato" conferma-ricezione="disabilitato" consegna-in-ordine="disabilitato"/>
        <azione nome="Pool2-Filtro1" soap-action="Pool2-Filtro1" profilo-collaborazione="sincrono" filtro-duplicati="disabilitato" conferma-ricezione="disabilitato" consegna-in-ordine="disabilitato"/>
    </port-type>
</accordo-servizio-parte-comune>
