<?xml version="1.0" encoding="UTF-8" standalone="yes"?>
<accordo-servizio-parte-specifica xmlns="http://www.openspcoop2.org/core/registry" tipo="modipa" nome="SoapBlockingIDAS01TrustStoreCAOCSP" versione="1" accordo-servizio-parte-comune="modipa/ENTE:SoapBlockingIDAS01:1" tipologia-servizio="normale" port-type="SOAPBlockingImpl" ora-registrazione="2023-01-19T16:50:41.198+01:00">
    <configurazione-servizio>
        <connettore tipo="disabilitato" nome="CNT_modipa/DemoSoggettoErogatore_modipa/SoapBlockingIDAS01TrustStoreCAOCSP/1"/>
    </configurazione-servizio>
    <protocol-property name="modipaKeyAlias" value="testclient"/>
    <protocol-property name="modipaKeyPassword" value="123456"/>
    <protocol-property name="modipaKeystoreCertMode" value="ridefinisci"/>
    <protocol-property name="modipaKeystoreMode" value="path"/>
    <protocol-property name="modipaKeystorePassword" value="123456"/>
    <protocol-property name="modipaKeystorePath" value="/etc/govway/keys/ocsp/testClient.p12"/>
    <protocol-property name="modipaKeystoreType" value="pkcs12"/>
    <protocol-property name="modipaSecurityMessageRequestAud" value="testsuite"/>
    <protocol-property name="modipaSecurityMessageRequestIatMode" value="default"/>
    <protocol-property name="modipaSecurityMessageRequestIatTtl"/>
    <protocol-property name="modipaSecurityMessageResponseExp" number-value="300"/>
    <protocol-property name="modipaSecurityMessageSoapResponseAlg" value="http://www.w3.org/2001/04/xmldsig-more#rsa-sha256"/>
    <protocol-property name="modipaSecurityMessageSoapResponseCanonicalizationAlg" value="http://www.w3.org/2001/10/xml-exc-c14n#"/>
    <protocol-property name="modipaSecurityMessageSoapResponseX509Cert" value="DirectReference"/>
    <protocol-property name="modipaSecurityMessageSoapResponseX509CertIncludeSignatureToken" boolean-value="false"/>
    <protocol-property name="modipaSecurityMessageSoapResponseX509CertUseCertificateChain" boolean-value="false"/>
    <protocol-property name="modipaTruststoreCRLs"/>
    <protocol-property name="modipaTruststoreMode" value="ridefinisci"/>
    <protocol-property name="modipaTruststoreOCSP" value="signedByResponderCertificate_case2"/>
    <protocol-property name="modipaTruststorePassword" value="123456"/>
    <protocol-property name="modipaTruststorePath" value="/etc/govway/keys/ocsp/ca_TEST.jks"/>
    <protocol-property name="modipaTruststoreType" value="jks"/>
</accordo-servizio-parte-specifica>
