<?xml version="1.0" encoding="UTF-8" standalone="yes"?>
<accordo-servizio-parte-specifica xmlns="http://www.openspcoop2.org/core/registry" tipo="modipa" nome="DemoNegoziazioneTokenSicurezzaIntegrityAuditViaTokenPolicy" versione="1" accordo-servizio-parte-comune="modipa/ENTE:DemoNegoziazioneTokenSicurezzaIntegrityAuditViaTokenPolicy:1" tipologia-servizio="normale" ora-registrazione="2023-12-18T13:09:58.344+01:00">
    <configurazione-servizio>
        <connettore tipo="disabilitato" nome="CNT_modipa/DemoSoggettoErogatore_modipa/DemoNegoziazioneTokenSicurezzaIntegrityAuditViaTokenPolicy/1"/>
    </configurazione-servizio>
    <protocol-property name="modipaSecurityMessageRequestAud"/>
    <protocol-property name="modipaSecurityMessageRequestAuditAud"/>
    <protocol-property name="modipaSecurityMessageRequestAuditAudMode" value="same"/>
    <protocol-property name="modipaSecurityMessageRequestDuplicateJti" value="modi"/>
    <protocol-property name="modipaSecurityMessageRequestIatMode" value="default"/>
    <protocol-property name="modipaSecurityMessageRequestIatTtl"/>
    <protocol-property name="modipaSslTruststoreCRLs"/>
    <protocol-property name="modipaSslTruststoreMode" value="default"/>
    <protocol-property name="modipaSslTruststoreOCSP"/>
    <protocol-property name="modipaSslTruststorePassword"/>
    <protocol-property name="modipaSslTruststorePath"/>
    <protocol-property name="modipaSslTruststoreType" value="jks"/>
    <protocol-property name="modipaTruststoreCRLs"/>
    <protocol-property name="modipaTruststoreMode" value="ridefinisci"/>
    <protocol-property name="modipaTruststoreOCSP"/>
    <protocol-property name="modipaTruststorePassword"/>
    <protocol-property name="modipaTruststorePath" value="/etc/govway/keys/truststore_certificati.jwk"/>
    <protocol-property name="modipaTruststoreType" value="jwk"/>
    <proprieta-oggetto utente-richiedente="amministratore" data-creazione="2023-12-18T13:09:58.113+01:00" utente-ultima-modifica="amministratore" data-ultima-modifica="2023-12-18T13:13:53.668+01:00"/>
</accordo-servizio-parte-specifica>
