<?xml version="1.0" encoding="UTF-8" standalone="yes"?>
<fruitore xmlns="http://www.openspcoop2.org/core/registry" tipo="gw" nome="SoggettoInternoTestFruitore" ora-registrazione="2021-04-06T17:16:24.021+02:00">
    <connettore tipo="http" nome="CNT_SF_gw/SoggettoInternoTestFruitore_gw/SoggettoInternoTest_gw/TempiRispostaREST/1">
        <property nome="location" valore="http://127.0.0.1:8080/TestService/echo"/>
    </connettore>
    <configurazione-azione>
        <connettore tipo="http" nome="CNT_SF_AZIONE_gw/SoggettoInternoTestFruitore_gw/SoggettoInternoTest_gw/TempiRispostaREST/1_connessioneClientInterrotta">
            <property nome="location" valore="http://127.0.0.1:8080/TestService/echo?sleep=5000"/>
        </connettore>
        <azione>connessioneClientInterrotta</azione>
    </configurazione-azione>
    <configurazione-azione>
        <connettore tipo="http" nome="CNT_SF_AZIONE_gw/SoggettoInternoTestFruitore_gw/SoggettoInternoTest_gw/TempiRispostaREST/1_sendCorrelazioneApplicativa.ClientSendRequestSlow">
            <property nome="location" valore="http://127.0.0.1:8080/TestService/echo"/>
        </connettore>
        <azione>sendCorrelazioneApplicativa.ClientSendRequestSlow</azione>
    </configurazione-azione>
    <configurazione-azione>
        <connettore tipo="http" nome="CNT_SF_AZIONE_gw/SoggettoInternoTestFruitore_gw/SoggettoInternoTest_gw/TempiRispostaREST/1_sendCorrelazioneApplicativa.EchoSendResponseSlow">
            <property nome="connectionTimeout" valore="10000"/>
            <property nome="readConnectionTimeout" valore="2000"/>
            <property nome="avgResponseTime" valore="3000"/>
            <property nome="location" valore="http://127.0.0.1:8080/TestService/echo?throttlingType=send&amp;throttlingBytes=3&amp;throttlingMs=1000"/>
        </connettore>
        <azione>sendCorrelazioneApplicativa.EchoSendResponseSlow</azione>
    </configurazione-azione>
    <configurazione-azione>
        <connettore tipo="http" nome="CNT_SF_AZIONE_gw/SoggettoInternoTestFruitore_gw/SoggettoInternoTest_gw/TempiRispostaREST/1_sendRegistrazioneAbilitata.connectionTimeout">
            <property nome="connectionTimeout" valore="10"/>
            <property nome="readConnectionTimeout" valore="150000"/>
            <property nome="avgResponseTime" valore="3000"/>
            <property nome="location" valore="http://127.0.2.2:7777/"/>
        </connettore>
        <azione>sendRegistrazioneAbilitata.connectionTimeout</azione>
    </configurazione-azione>
    <configurazione-azione>
        <connettore tipo="http" nome="CNT_SF_AZIONE_gw/SoggettoInternoTestFruitore_gw/SoggettoInternoTest_gw/TempiRispostaREST/1_sendRegistrazioneAbilitata.echoReceiveRequestSlow">
            <property nome="connectionTimeout" valore="10000"/>
            <property nome="readConnectionTimeout" valore="2000"/>
            <property nome="avgResponseTime" valore="3000"/>
            <property nome="location" valore="http://127.0.0.1:8080/TestService/echo?throttlingType=receive&amp;throttlingBytes=3&amp;throttlingMs=1000"/>
        </connettore>
        <azione>sendRegistrazioneAbilitata.echoReceiveRequestSlow</azione>
    </configurazione-azione>
    <configurazione-azione>
        <connettore tipo="http" nome="CNT_SF_AZIONE_gw/SoggettoInternoTestFruitore_gw/SoggettoInternoTest_gw/TempiRispostaREST/1_sendRegistrazioneAbilitata.echoSendResponseSlow">
            <property nome="connectionTimeout" valore="10000"/>
            <property nome="readConnectionTimeout" valore="2000"/>
            <property nome="avgResponseTime" valore="3000"/>
            <property nome="location" valore="http://127.0.0.1:8080/TestService/echo?throttlingType=send&amp;throttlingBytes=3&amp;throttlingMs=1000"/>
        </connettore>
        <azione>sendRegistrazioneAbilitata.echoSendResponseSlow</azione>
    </configurazione-azione>
    <configurazione-azione>
        <connettore tipo="http" nome="CNT_SF_AZIONE_gw/SoggettoInternoTestFruitore_gw/SoggettoInternoTest_gw/TempiRispostaREST/1_sendRegistrazioneAbilitata.echoSleepBeforeResponse">
            <property nome="connectionTimeout" valore="10000"/>
            <property nome="readConnectionTimeout" valore="2000"/>
            <property nome="avgResponseTime" valore="3000"/>
            <property nome="location" valore="http://127.0.0.1:8080/TestService/echo?sleep=5000"/>
        </connettore>
        <azione>sendRegistrazioneAbilitata.echoSleepBeforeResponse</azione>
    </configurazione-azione>
    <configurazione-azione>
        <connettore tipo="http" nome="CNT_SF_AZIONE_gw/SoggettoInternoTestFruitore_gw/SoggettoInternoTest_gw/TempiRispostaREST/1_sendRegistrazioneAbilitataClientSendSlow">
            <property nome="location" valore="http://127.0.0.1:8080/TestService/echo"/>
        </connettore>
        <azione>sendRegistrazioneAbilitataClientSendSlow</azione>
    </configurazione-azione>
    <configurazione-azione>
        <connettore tipo="http" nome="CNT_SF_AZIONE_gw/SoggettoInternoTestFruitore_gw/SoggettoInternoTest_gw/TempiRispostaREST/1_sendRegistrazioneDisabilitataClientSendSlow">
            <property nome="location" valore="http://127.0.0.1:8080/TestService/echo"/>
        </connettore>
        <azione>sendRegistrazioneDisabilitataClientSendSlow</azione>
    </configurazione-azione>
    <configurazione-azione>
        <connettore tipo="http" nome="CNT_SF_AZIONE_gw/SoggettoInternoTestFruitore_gw/SoggettoInternoTest_gw/TempiRispostaREST/1_sendRegistrazioneDisabilitata.connectionTimeout">
            <property nome="connectionTimeout" valore="10"/>
            <property nome="readConnectionTimeout" valore="150000"/>
            <property nome="avgResponseTime" valore="3000"/>
            <property nome="location" valore="http://127.0.2.2:7777/"/>
        </connettore>
        <azione>sendRegistrazioneDisabilitata.connectionTimeout</azione>
    </configurazione-azione>
    <configurazione-azione>
        <connettore tipo="http" nome="CNT_SF_AZIONE_gw/SoggettoInternoTestFruitore_gw/SoggettoInternoTest_gw/TempiRispostaREST/1_sendRegistrazioneDisabilitata.echoReceiveRequestSlow">
            <property nome="connectionTimeout" valore="10000"/>
            <property nome="readConnectionTimeout" valore="2000"/>
            <property nome="avgResponseTime" valore="3000"/>
            <property nome="location" valore="http://127.0.0.1:8080/TestService/echo?throttlingType=receive&amp;throttlingBytes=3&amp;throttlingMs=1000"/>
        </connettore>
        <azione>sendRegistrazioneDisabilitata.echoReceiveRequestSlow</azione>
    </configurazione-azione>
    <configurazione-azione>
        <connettore tipo="http" nome="CNT_SF_AZIONE_gw/SoggettoInternoTestFruitore_gw/SoggettoInternoTest_gw/TempiRispostaREST/1_sendRegistrazioneDisabilitata.echoSendResponseSlow">
            <property nome="connectionTimeout" valore="10000"/>
            <property nome="readConnectionTimeout" valore="2000"/>
            <property nome="avgResponseTime" valore="3000"/>
            <property nome="location" valore="http://127.0.0.1:8080/TestService/echo?throttlingType=send&amp;throttlingBytes=3&amp;throttlingMs=1000"/>
        </connettore>
        <azione>sendRegistrazioneDisabilitata.echoSendResponseSlow</azione>
    </configurazione-azione>
    <configurazione-azione>
        <connettore tipo="http" nome="CNT_SF_AZIONE_gw/SoggettoInternoTestFruitore_gw/SoggettoInternoTest_gw/TempiRispostaREST/1_sendRegistrazioneDisabilitata.echoSleepBeforeResponse">
            <property nome="connectionTimeout" valore="10000"/>
            <property nome="readConnectionTimeout" valore="2000"/>
            <property nome="avgResponseTime" valore="3000"/>
            <property nome="location" valore="http://127.0.0.1:8080/TestService/echo?sleep=5000"/>
        </connettore>
        <azione>sendRegistrazioneDisabilitata.echoSleepBeforeResponse</azione>
    </configurazione-azione>
</fruitore>
