<?xml version="1.0" encoding="UTF-8" standalone="yes"?>
<accordo-servizio-parte-comune xmlns="http://www.openspcoop2.org/core/registry" service-binding="rest" nome="EnumParameterSerialization" descrizione="Servizio che consente di recuperare un documento, per il quale si è ricevuto un riferimento" profilo-collaborazione="sincrono" formato-specifica="openApi3" utilizzo-senza-azione="true" filtro-duplicati="disabilitato" conferma-ricezione="disabilitato" id-collaborazione="disabilitato" id-riferimento-richiesta="disabilitato" consegna-in-ordine="disabilitato" ora-registrazione="2021-03-10T09:54:50.879+01:00" versione="1">
    <soggetto-referente tipo="gw" nome="ENTE"/>
    <resource nome="GET_cookie.array_form_explode_false" path="/cookie/array_form_explode_false" method="GET" filtro-duplicati="disabilitato" conferma-ricezione="disabilitato" id-collaborazione="disabilitato" id-riferimento-richiesta="disabilitato" consegna-in-ordine="disabilitato">
        <request>
            <parameter nome="param" parameter-type="cookie" required="true" tipo="string" restrizioni="type=string; enumValues=Valore1,Valore2,Valore33; arrayParameter=true; style=form; explode=false"/>
        </request>
        <response descrizione="Il documento richiesto" status="200"/>
    </resource>
    <resource nome="GET_header.array_simple_explode_false" path="/header/array_simple_explode_false" method="GET" filtro-duplicati="disabilitato" conferma-ricezione="disabilitato" id-collaborazione="disabilitato" id-riferimento-richiesta="disabilitato" consegna-in-ordine="disabilitato">
        <request>
            <parameter nome="X-TestHeader" parameter-type="header" required="true" tipo="string" restrizioni="type=string; enumValues=Valore1,Valore2,Valore33; arrayParameter=true; style=simple; explode=false"/>
        </request>
        <response descrizione="Il documento richiesto" status="200">
            <parameter nome="X-TestHeaderResponse" parameter-type="header" required="false" tipo="string" restrizioni="type=string; enumValues=Valore1,Valore2,Valore33; arrayParameter=true; style=simple; explode=false"/>
        </response>
    </resource>
    <resource nome="GET_header.array_simple_explode_true" path="/header/array_simple_explode_true" method="GET" filtro-duplicati="disabilitato" conferma-ricezione="disabilitato" id-collaborazione="disabilitato" id-riferimento-richiesta="disabilitato" consegna-in-ordine="disabilitato">
        <request>
            <parameter nome="X-TestHeader" parameter-type="header" required="true" tipo="string" restrizioni="type=string; enumValues=Valore1,Valore2,Valore33; arrayParameter=true; style=simple; explode=true"/>
        </request>
        <response descrizione="Il documento richiesto" status="200">
            <parameter nome="X-TestHeaderResponse" parameter-type="header" required="false" tipo="string" restrizioni="type=string; enumValues=Valore1,Valore2,Valore33; arrayParameter=true; style=simple; explode=true"/>
        </response>
    </resource>
    <resource nome="GET_path.array_label_explode_false.param" path="/path/array_label_explode_false/{param}" method="GET" filtro-duplicati="disabilitato" conferma-ricezione="disabilitato" id-collaborazione="disabilitato" id-riferimento-richiesta="disabilitato" consegna-in-ordine="disabilitato">
        <request>
            <parameter nome="param" parameter-type="dynamicPath" required="true" tipo="string" restrizioni="type=string; enumValues=Valore1,Valore2,Valore33; arrayParameter=true; style=label; explode=false"/>
        </request>
        <response descrizione="Il documento richiesto" status="200"/>
    </resource>
    <resource nome="GET_path.array_label_explode_true.param" path="/path/array_label_explode_true/{param}" method="GET" filtro-duplicati="disabilitato" conferma-ricezione="disabilitato" id-collaborazione="disabilitato" id-riferimento-richiesta="disabilitato" consegna-in-ordine="disabilitato">
        <request>
            <parameter nome="param" parameter-type="dynamicPath" required="true" tipo="string" restrizioni="type=string; enumValues=Valore1,Valore2,Valore33; arrayParameter=true; style=label; explode=true"/>
        </request>
        <response descrizione="Il documento richiesto" status="200"/>
    </resource>
    <resource nome="GET_path.array_matrix_explode_false.param" path="/path/array_matrix_explode_false/{param}" method="GET" filtro-duplicati="disabilitato" conferma-ricezione="disabilitato" id-collaborazione="disabilitato" id-riferimento-richiesta="disabilitato" consegna-in-ordine="disabilitato">
        <request>
            <parameter nome="param" parameter-type="dynamicPath" required="true" tipo="string" restrizioni="type=string; enumValues=Valore1,Valore2,Valore33; arrayParameter=true; style=matrix; explode=false"/>
        </request>
        <response descrizione="Il documento richiesto" status="200"/>
    </resource>
    <resource nome="GET_path.array_matrix_explode_true.param" path="/path/array_matrix_explode_true/{param}" method="GET" filtro-duplicati="disabilitato" conferma-ricezione="disabilitato" id-collaborazione="disabilitato" id-riferimento-richiesta="disabilitato" consegna-in-ordine="disabilitato">
        <request>
            <parameter nome="param" parameter-type="dynamicPath" required="true" tipo="string" restrizioni="type=string; enumValues=Valore1,Valore2,Valore33; arrayParameter=true; style=matrix; explode=true"/>
        </request>
        <response descrizione="Il documento richiesto" status="200"/>
    </resource>
    <resource nome="GET_path.array_simple_explode_false.param" path="/path/array_simple_explode_false/{param}" method="GET" filtro-duplicati="disabilitato" conferma-ricezione="disabilitato" id-collaborazione="disabilitato" id-riferimento-richiesta="disabilitato" consegna-in-ordine="disabilitato">
        <request>
            <parameter nome="param" parameter-type="dynamicPath" required="true" tipo="string" restrizioni="type=string; enumValues=Valore1,Valore2,Valore33; arrayParameter=true; style=simple; explode=false"/>
        </request>
        <response descrizione="Il documento richiesto" status="200"/>
    </resource>
    <resource nome="GET_path.array_simple_explode_true.param" path="/path/array_simple_explode_true/{param}" method="GET" filtro-duplicati="disabilitato" conferma-ricezione="disabilitato" id-collaborazione="disabilitato" id-riferimento-richiesta="disabilitato" consegna-in-ordine="disabilitato">
        <request>
            <parameter nome="param" parameter-type="dynamicPath" required="true" tipo="string" restrizioni="type=string; enumValues=Valore1,Valore2,Valore33; arrayParameter=true; style=simple; explode=true"/>
        </request>
        <response descrizione="Il documento richiesto" status="200"/>
    </resource>
    <resource nome="GET_query.array_form_explode_false" path="/query/array_form_explode_false" method="GET" filtro-duplicati="disabilitato" conferma-ricezione="disabilitato" id-collaborazione="disabilitato" id-riferimento-richiesta="disabilitato" consegna-in-ordine="disabilitato">
        <request>
            <parameter nome="param" parameter-type="query" required="true" tipo="string" restrizioni="type=string; enumValues=Valore1,Valore2,Valore33; arrayParameter=true; style=form; explode=false"/>
        </request>
        <response descrizione="Il documento richiesto" status="200"/>
    </resource>
    <resource nome="GET_query.array_form_explode_true" path="/query/array_form_explode_true" method="GET" filtro-duplicati="disabilitato" conferma-ricezione="disabilitato" id-collaborazione="disabilitato" id-riferimento-richiesta="disabilitato" consegna-in-ordine="disabilitato">
        <request>
            <parameter nome="param" parameter-type="query" required="true" tipo="string" restrizioni="type=string; enumValues=Valore1,Valore2,Valore33; arrayParameter=true; style=form; explode=true"/>
        </request>
        <response descrizione="Il documento richiesto" status="200"/>
    </resource>
    <resource nome="GET_query.array_pideDelimited_explode_false" path="/query/array_pideDelimited_explode_false" method="GET" filtro-duplicati="disabilitato" conferma-ricezione="disabilitato" id-collaborazione="disabilitato" id-riferimento-richiesta="disabilitato" consegna-in-ordine="disabilitato">
        <request>
            <parameter nome="param" parameter-type="query" required="true" tipo="string" restrizioni="type=string; enumValues=Valore1,Valore2,Valore33; arrayParameter=true; style=pipeDelimited; explode=false"/>
        </request>
        <response descrizione="Il documento richiesto" status="200"/>
    </resource>
    <resource nome="GET_query.array_pipeDelimited_explode_true" path="/query/array_pipeDelimited_explode_true" method="GET" filtro-duplicati="disabilitato" conferma-ricezione="disabilitato" id-collaborazione="disabilitato" id-riferimento-richiesta="disabilitato" consegna-in-ordine="disabilitato">
        <request>
            <parameter nome="param" parameter-type="query" required="true" tipo="string" restrizioni="type=string; enumValues=Valore1,Valore2,Valore33; arrayParameter=true; style=pipeDelimited; explode=true"/>
        </request>
        <response descrizione="Il documento richiesto" status="200"/>
    </resource>
    <resource nome="GET_query.array_spaceDelimited_explode_false" path="/query/array_spaceDelimited_explode_false" method="GET" filtro-duplicati="disabilitato" conferma-ricezione="disabilitato" id-collaborazione="disabilitato" id-riferimento-richiesta="disabilitato" consegna-in-ordine="disabilitato">
        <request>
            <parameter nome="param" parameter-type="query" required="true" tipo="string" restrizioni="type=string; enumValues=Valore1,Valore2,Valore33; arrayParameter=true; style=spaceDelimited; explode=false"/>
        </request>
        <response descrizione="Il documento richiesto  " status="200"/>
    </resource>
    <resource nome="GET_query.array_spaceDelimited_explode_true" path="/query/array_spaceDelimited_explode_true" method="GET" filtro-duplicati="disabilitato" conferma-ricezione="disabilitato" id-collaborazione="disabilitato" id-riferimento-richiesta="disabilitato" consegna-in-ordine="disabilitato">
        <request>
            <parameter nome="param" parameter-type="query" required="true" tipo="string" restrizioni="type=string; enumValues=Valore1,Valore2,Valore33; arrayParameter=true; style=spaceDelimited; explode=true"/>
        </request>
        <response descrizione="Il documento richiesto" status="200"/>
    </resource>
    <gruppi>
        <gruppo nome="TestValidazione"/>
    </gruppi>
</accordo-servizio-parte-comune>
