<?xml version="1.0" encoding="UTF-8" standalone="yes"?>
<accordo-servizio-parte-comune xmlns="http://www.openspcoop2.org/core/registry" service-binding="rest" nome="TestValidazioneAuthorizationServer" profilo-collaborazione="sincrono" formato-specifica="openApi3" utilizzo-senza-azione="true" filtro-duplicati="disabilitato" conferma-ricezione="disabilitato" consegna-in-ordine="disabilitato" ora-registrazione="2021-09-29T15:39:39.940+02:00" versione="1">
    <soggetto-referente tipo="gw" nome="ENTE"/>
    <resource nome="PKCS11-ForwardGovWayJWS" path="/PKCS11-ForwardGovWayJWS" filtro-duplicati="disabilitato" conferma-ricezione="disabilitato" consegna-in-ordine="disabilitato">
        <request/>
    </resource>
    <resource nome="PKCS11-ForwardJWE" path="/PKCS11-ForwardJWE" filtro-duplicati="disabilitato" conferma-ricezione="disabilitato" consegna-in-ordine="disabilitato">
        <request/>
    </resource>
    <resource nome="PKCS11-ForwardJWS" path="/PKCS11-ForwardJWS" filtro-duplicati="disabilitato" conferma-ricezione="disabilitato" consegna-in-ordine="disabilitato">
        <request/>
    </resource>
    <resource nome="PKCS11-ValidazioneJWE" path="/PKCS11-ValidazioneJWE" filtro-duplicati="disabilitato" conferma-ricezione="disabilitato" consegna-in-ordine="disabilitato">
        <request/>
    </resource>
    <resource nome="PKCS11-ValidazioneJWS" path="/PKCS11-ValidazioneJWS" filtro-duplicati="disabilitato" conferma-ricezione="disabilitato" consegna-in-ordine="disabilitato">
        <request/>
    </resource>
    <resource nome="TLS-Trust-ServerAliasIntrospection" path="/TLS-Trust-ServerAliasIntrospection" filtro-duplicati="disabilitato" conferma-ricezione="disabilitato" consegna-in-ordine="disabilitato">
        <request/>
    </resource>
    <resource nome="TLS-Trust-ServerAliasUserInfo" path="/TLS-Trust-ServerAliasUserInfo" filtro-duplicati="disabilitato" conferma-ricezione="disabilitato" consegna-in-ordine="disabilitato">
        <request/>
    </resource>
    <resource nome="TLS-TrustAll-ClientNoAliasIntrospection" path="/TLS-TrustAll-ClientNoAliasIntrospection" filtro-duplicati="disabilitato" conferma-ricezione="disabilitato" consegna-in-ordine="disabilitato">
        <request/>
    </resource>
    <resource nome="TLS-TrustAll-ClientNoAliasUserInfo" path="/TLS-TrustAll-ClientNoAliasUserInfo" filtro-duplicati="disabilitato" conferma-ricezione="disabilitato" consegna-in-ordine="disabilitato">
        <request/>
    </resource>
    <gruppi>
        <gruppo nome="TestPKCS11"/>
    </gruppi>
</accordo-servizio-parte-comune>
