<?xml version="1.0" encoding="UTF-8" standalone="yes"?>
<ns2:porta-delegata xmlns:ns2="http://www.openspcoop2.org/core/config" nome="__gw_SoggettoInternoTestFruitore/gw_SoggettoInternoTest/gw_TestSSE/v1__Specific1" descrizione="Internal Subscription 'Specific1' for gw_SoggettoInternoTestFruitore/gw_SoggettoInternoTest/gw_TestSSE/v1" autenticazione="none" autorizzazione="none" ricevuta-asincrona-simmetrica="abilitato" ricevuta-asincrona-asimmetrica="abilitato" allega-body="disabilitato" scarta-body="disabilitato" ricerca-porta-azione-delegata="disabilitato" stato="abilitato">
    <ns2:soggetto-erogatore tipo="gw" nome="SoggettoInternoTest"/>
    <ns2:servizio tipo="gw" nome="TestSSE" versione="1"/>
    <ns2:azione identificazione="delegatedBy" nome-porta-delegante="gw_SoggettoInternoTestFruitore/gw_SoggettoInternoTest/gw_TestSSE/v1" force-interface-based="disabilitato">
        <ns2:azione-delegata>sse.dev</ns2:azione-delegata>
    </ns2:azione>
    <ns2:tracciamento esiti="0,1,2,3,4,5,6,7,8,9,10,11,12,13,14,15,16,17,18,19,20,21,22,23,24,25,26,27,28,29,30,31,32,33,34,35,36,37,38,41,42,43,44,45,46,47,49,50,51,52,53" stato="abilitato">
        <ns2:database stato="personalizzato" filtro-esiti="abilitato" request-in="disabilitato" request-out="disabilitato" response-out="abilitato" response-out-complete="abilitato"/>
        <ns2:filetrace stato="disabilitato" request-in="disabilitato" request-out="disabilitato" response-out="disabilitato" response-out-complete="abilitato"/>
        <ns2:transazioni tempi-elaborazione="disabilitato" token="abilitato"/>
    </ns2:tracciamento>
    <ns2:proprieta-oggetto utente-richiedente="amministratore" data-creazione="2025-07-23T10:34:49.063+02:00" utente-ultima-modifica="amministratore" data-ultima-modifica="2025-07-23T14:37:15.207+02:00"/>
</ns2:porta-delegata>
