<?xml version="1.0" encoding="UTF-8" standalone="yes"?>
<accordo-servizio-parte-comune xmlns="http://www.openspcoop2.org/core/registry" service-binding="soap" nome="TestConnettoriMultipliSoapByFiltro" profilo-collaborazione="sincrono" formato-specifica="wsdl11" utilizzo-senza-azione="true" filtro-duplicati="disabilitato" conferma-ricezione="disabilitato" consegna-in-ordine="disabilitato" ora-registrazione="2022-01-17T18:47:19.981+01:00" versione="1">
    <soggetto-referente tipo="gw" nome="ENTE"/>
    <port-type nome="TestConnettoriMultipli" style="document" profilo-collaborazione="sincrono" filtro-duplicati="disabilitato" conferma-ricezione="disabilitato" consegna-in-ordine="disabilitato">
        <azione nome="Connettore0" soap-action="Connettore0-Filtro0" profilo-collaborazione="sincrono" filtro-duplicati="disabilitato" conferma-ricezione="disabilitato" consegna-in-ordine="disabilitato"/>
        <azione nome="Connettore1" soap-action="Connettore1-Filtro0" profilo-collaborazione="sincrono" filtro-duplicati="disabilitato" conferma-ricezione="disabilitato" consegna-in-ordine="disabilitato"/>
        <azione nome="Connettore2" soap-action="Connettore2-Filtro0" profilo-collaborazione="sincrono" filtro-duplicati="disabilitato" conferma-ricezione="disabilitato" consegna-in-ordine="disabilitato"/>
        <azione nome="Connettore3" soap-action="Connettore3-Filtro0" profilo-collaborazione="sincrono" filtro-duplicati="disabilitato" conferma-ricezione="disabilitato" consegna-in-ordine="disabilitato"/>
        <azione nome="ConnettoreDisabilitato" soap-action="ConnettoreDisabilitato-Filtro0" profilo-collaborazione="sincrono" filtro-duplicati="disabilitato" conferma-ricezione="disabilitato" consegna-in-ordine="disabilitato"/>
        <azione nome="ConnettoreInesistente" soap-action="ConnettoreInesistente" profilo-collaborazione="sincrono" filtro-duplicati="disabilitato" conferma-ricezione="disabilitato" consegna-in-ordine="disabilitato"/>
        <azione nome="ConnettoreRotto" soap-action="ConnettoreRotto-Filtro0" profilo-collaborazione="sincrono" filtro-duplicati="disabilitato" conferma-ricezione="disabilitato" consegna-in-ordine="disabilitato"/>
        <azione nome="operazioneSemplice" soap-action="operazioneSemplice" profilo-collaborazione="sincrono" filtro-duplicati="disabilitato" conferma-ricezione="disabilitato" consegna-in-ordine="disabilitato"/>
    </port-type>
    <gruppi>
        <gruppo nome="TestConnettoriMultipli"/>
    </gruppi>
</accordo-servizio-parte-comune>
