<?xml version="1.0" encoding="UTF-8" standalone="yes"?>
<accordo-servizio-parte-comune xmlns="http://www.openspcoop2.org/core/registry" service-binding="soap" nome="ApiSoapTrasparenteTest" profilo-collaborazione="sincrono" formato-specifica="wsdl11" utilizzo-senza-azione="true" filtro-duplicati="disabilitato" conferma-ricezione="disabilitato" id-collaborazione="disabilitato" id-riferimento-richiesta="disabilitato" consegna-in-ordine="disabilitato" ora-registrazione="2020-11-16T15:10:43.412+01:00" versione="1">
    <soggetto-referente tipo="gw" nome="ENTE"/>
    <port-type nome="RateLimitingTest" style="document" profilo-collaborazione="sincrono" filtro-duplicati="disabilitato" conferma-ricezione="disabilitato" id-collaborazione="disabilitato" id-riferimento-richiesta="disabilitato" consegna-in-ordine="disabilitato">
        <azione nome="RichiesteGiornaliere" soap-action="RichiesteGiornaliere" profilo-collaborazione="sincrono" filtro-duplicati="disabilitato" conferma-ricezione="disabilitato" id-collaborazione="disabilitato" id-riferimento-richiesta="disabilitato" consegna-in-ordine="disabilitato">
            <message-input use="literal">
                <part name="RichiesteGiornaliere" element-name="RichiesteGiornaliere" element-namespace="http://amministrazioneesempio.it/nomeinterfacciaservizio"/>
            </message-input>
        </azione>
        <azione nome="RichiesteOrarie" soap-action="RichiesteOrarie" profilo-collaborazione="sincrono" filtro-duplicati="disabilitato" conferma-ricezione="disabilitato" id-collaborazione="disabilitato" id-riferimento-richiesta="disabilitato" consegna-in-ordine="disabilitato">
            <message-input use="literal">
                <part name="RichiesteOrarie" element-name="RichiesteOrarie" element-namespace="http://amministrazioneesempio.it/nomeinterfacciaservizio"/>
            </message-input>
        </azione>
        <azione nome="RichiestePerMinuto" soap-action="RichiestePerMinuto" profilo-collaborazione="sincrono" filtro-duplicati="disabilitato" conferma-ricezione="disabilitato" id-collaborazione="disabilitato" id-riferimento-richiesta="disabilitato" consegna-in-ordine="disabilitato">
            <message-input use="literal">
                <part name="RichiestePerMinuto" element-name="RichiestePerMinuto" element-namespace="http://amministrazioneesempio.it/nomeinterfacciaservizio"/>
            </message-input>
        </azione>
        <azione nome="RichiesteSimultanee" soap-action="RichiesteSimultanee" profilo-collaborazione="sincrono" filtro-duplicati="disabilitato" conferma-ricezione="disabilitato" id-collaborazione="disabilitato" id-riferimento-richiesta="disabilitato" consegna-in-ordine="disabilitato">
            <message-input use="literal">
                <part name="RichiesteSimultanee" element-name="RichiesteSimultanee" element-namespace="http://amministrazioneesempio.it/nomeinterfacciaservizio"/>
            </message-input>
        </azione>
    </port-type>
    <gruppi>
        <gruppo nome="TestRateLimiting"/>
    </gruppi>
</accordo-servizio-parte-comune>
