<?xml version="1.0" encoding="UTF-8" standalone="yes"?>
<accordo-servizio-parte-comune xmlns="http://www.openspcoop2.org/core/registry" service-binding="soap" nome="ApiSoapTrasparenteTest" profilo-collaborazione="sincrono" formato-specifica="wsdl11" utilizzo-senza-azione="true" filtro-duplicati="disabilitato" conferma-ricezione="disabilitato" id-collaborazione="disabilitato" id-riferimento-richiesta="disabilitato" consegna-in-ordine="disabilitato" ora-registrazione="2020-11-23T23:37:53.364+01:00" versione="1">
    <soggetto-referente tipo="gw" nome="ENTE"/>
    <port-type nome="RateLimitingTest" style="document" profilo-collaborazione="sincrono" filtro-duplicati="disabilitato" conferma-ricezione="disabilitato" id-collaborazione="disabilitato" id-riferimento-richiesta="disabilitato" consegna-in-ordine="disabilitato">
        <azione nome="Giornaliero" soap-action="Giornaliero" profilo-collaborazione="sincrono" filtro-duplicati="disabilitato" conferma-ricezione="disabilitato" id-collaborazione="disabilitato" id-riferimento-richiesta="disabilitato" consegna-in-ordine="disabilitato">
            <message-input use="literal">
                <part name="Giornaliero" element-name="Giornaliero" element-namespace="http://amministrazioneesempio.it/nomeinterfacciaservizio"/>
            </message-input>
        </azione>
        <azione nome="Minuto" soap-action="Minuto" profilo-collaborazione="sincrono" filtro-duplicati="disabilitato" conferma-ricezione="disabilitato" id-collaborazione="disabilitato" id-riferimento-richiesta="disabilitato" consegna-in-ordine="disabilitato">
            <message-input use="literal">
                <part name="Minuto" element-name="Minuto" element-namespace="http://amministrazioneesempio.it/nomeinterfacciaservizio"/>
            </message-input>
        </azione>
        <azione nome="NoPolicy" soap-action="NoPolicy" profilo-collaborazione="sincrono" filtro-duplicati="disabilitato" conferma-ricezione="disabilitato" id-collaborazione="disabilitato" id-riferimento-richiesta="disabilitato" consegna-in-ordine="disabilitato">
            <message-input use="literal">
                <part name="NoPolicy" element-name="NoPolicy" element-namespace="http://amministrazioneesempio.it/nomeinterfacciaservizio"/>
            </message-input>
        </azione>
        <azione nome="Orario" soap-action="Orario" profilo-collaborazione="sincrono" filtro-duplicati="disabilitato" conferma-ricezione="disabilitato" id-collaborazione="disabilitato" id-riferimento-richiesta="disabilitato" consegna-in-ordine="disabilitato">
            <message-input use="literal">
                <part name="Orario" element-name="Orario" element-namespace="http://amministrazioneesempio.it/nomeinterfacciaservizio"/>
            </message-input>
        </azione>
        <azione nome="RichiesteSimultanee" soap-action="RichiesteSimultanee" profilo-collaborazione="sincrono" filtro-duplicati="disabilitato" conferma-ricezione="disabilitato" id-collaborazione="disabilitato" id-riferimento-richiesta="disabilitato" consegna-in-ordine="disabilitato">
            <message-input use="literal">
                <part name="RichiesteSimultanee" element-name="RichiesteSimultanee" element-namespace="http://amministrazioneesempio.it/nomeinterfacciaservizio"/>
            </message-input>
        </azione>
    </port-type>
    <gruppi>
        <gruppo nome="TestRateLimiting"/>
    </gruppi>
</accordo-servizio-parte-comune>
