<?xml version="1.0" encoding="UTF-8" standalone="yes"?>
<fruitore xmlns="http://www.openspcoop2.org/core/registry" tipo="modipa" nome="DemoSoggettoFruitore" ora-registrazione="2025-04-01T15:27:21.475+02:00">
    <connettore tipo="http" nome="CNT_SF_modipa/DemoSoggettoFruitore_modipa/DemoSoggettoErogatore_modipa/DemoNegoziazioneTokenSicurezzaMessaggioSOAPViaTokenPolicyKeystoreSenzaPassword/1">
        <property nome="tokenPolicy" valore="MODI-NegoziazioneTokenPDND-datiInPolicy-keystoreJksNoPassword-KeyNoPassword"/>
        <property nome="location" valore="http://localhost:8080/govway/soap/in/DemoSoggettoErogatore/DemoNegoziazioneTokenSicurezzaMessaggioSOAPViaTokenPolicyKeystoreSenzaPassword/v1/${busta:azione}"/>
    </connettore>
    <configurazione-azione>
        <connettore tipo="http" nome="CNT_SF_AZIONE_modipa/DemoSoggettoFruitore_modipa/DemoSoggettoErogatore_modipa/DemoNegoziazioneTokenSicurezzaMessaggioSOAPViaTokenPolicyKeystoreSenzaPassword/1_keystoreJksNoPassword-KeyNoPassword">
            <property nome="tokenPolicy" valore="MODI-NegoziazioneTokenPDND-datiInPolicy-keystoreJksNoPassword-KeyNoPassword"/>
            <property nome="location" valore="http://localhost:8080/govway/soap/in/DemoSoggettoErogatore/DemoNegoziazioneTokenSicurezzaMessaggioSOAPViaTokenPolicyKeystoreSenzaPassword/v1/${busta:azione}"/>
        </connettore>
        <azione>keystoreJksNoPassword-KeyNoPassword</azione>
    </configurazione-azione>
    <configurazione-azione>
        <connettore tipo="http" nome="CNT_SF_AZIONE_modipa/DemoSoggettoFruitore_modipa/DemoSoggettoErogatore_modipa/DemoNegoziazioneTokenSicurezzaMessaggioSOAPViaTokenPolicyKeystoreSenzaPassword/1_keystoreJksNoPassword-KeyWithPassword">
            <property nome="tokenPolicy" valore="MODI-NegoziazioneTokenPDND-datiInPolicy-keystoreJksNoPassword-KeyWithPassword"/>
            <property nome="location" valore="http://localhost:8080/govway/soap/in/DemoSoggettoErogatore/DemoNegoziazioneTokenSicurezzaMessaggioSOAPViaTokenPolicyKeystoreSenzaPassword/v1/${busta:azione}"/>
        </connettore>
        <azione>keystoreJksNoPassword-KeyWithPassword</azione>
    </configurazione-azione>
    <configurazione-azione>
        <connettore tipo="http" nome="CNT_SF_AZIONE_modipa/DemoSoggettoFruitore_modipa/DemoSoggettoErogatore_modipa/DemoNegoziazioneTokenSicurezzaMessaggioSOAPViaTokenPolicyKeystoreSenzaPassword/1_keystorePkcs12NoPassword-KeyNoPassword">
            <property nome="tokenPolicy" valore="MODI-NegoziazioneTokenPDND-datiInPolicy-keystorePkcs12NoPassword-KeyNoPassword"/>
            <property nome="location" valore="http://localhost:8080/govway/soap/in/DemoSoggettoErogatore/DemoNegoziazioneTokenSicurezzaMessaggioSOAPViaTokenPolicyKeystoreSenzaPassword/v1/${busta:azione}"/>
        </connettore>
        <azione>keystorePkcs12NoPassword-KeyNoPassword</azione>
    </configurazione-azione>
    <configurazione-azione>
        <connettore tipo="http" nome="CNT_SF_AZIONE_modipa/DemoSoggettoFruitore_modipa/DemoSoggettoErogatore_modipa/DemoNegoziazioneTokenSicurezzaMessaggioSOAPViaTokenPolicyKeystoreSenzaPassword/1_keystorePkcs12NoPassword-KeyWithPassword">
            <property nome="tokenPolicy" valore="MODI-NegoziazioneTokenPDND-datiInPolicy-keystorePkcs12NoPassword-KeyWithPassword"/>
            <property nome="location" valore="http://localhost:8080/govway/soap/in/DemoSoggettoErogatore/DemoNegoziazioneTokenSicurezzaMessaggioSOAPViaTokenPolicyKeystoreSenzaPassword/v1/${busta:azione}"/>
        </connettore>
        <azione>keystorePkcs12NoPassword-KeyWithPassword</azione>
    </configurazione-azione>
    <protocol-property name="modipaKeyAlias"/>
    <protocol-property name="modipaKeyPassword"/>
    <protocol-property name="modipaKeystoreByokPolicy"/>
    <protocol-property name="modipaKeystoreCertMode" value="default"/>
    <protocol-property name="modipaKeystoreFruizioneMode" value="token"/>
    <protocol-property name="modipaKeystoreKeyPairAlgo" value="RSA"/>
    <protocol-property name="modipaKeystoreMode" value="path"/>
    <protocol-property name="modipaKeystorePassword"/>
    <protocol-property name="modipaKeystorePath"/>
    <protocol-property name="modipaKeystorePathPublicKey"/>
    <protocol-property name="modipaKeystoreType" value="jks"/>
    <protocol-property name="modipaSecurityMessageRequestAud" value="DemoNegoziazioneTokenSicurezzaMessaggioSOAPViaTokenPolicyKeystoreSenzaPassword"/>
    <protocol-property name="modipaSecurityMessageRequestExp" number-value="300"/>
    <protocol-property name="modipaSecurityMessageSoapHeaders"/>
    <protocol-property name="modipaSecurityMessageSoapRequestAlg" value="http://www.w3.org/2001/04/xmldsig-more#rsa-sha256"/>
    <protocol-property name="modipaSecurityMessageSoapRequestCanonicalizationAlg" value="http://www.w3.org/2001/10/xml-exc-c14n#"/>
    <protocol-property name="modipaSecurityMessageSoapRequestX509Cert" value="DirectReference"/>
    <protocol-property name="modipaSecurityMessageSoapRequestX509CertIncludeSignatureToken" boolean-value="false"/>
    <protocol-property name="modipaSecurityMessageSoapRequestX509CertUseCertificateChain" boolean-value="false"/>
    <protocol-property name="modipaSecurityOauthId"/>
    <protocol-property name="modipaSecurityOauthKid"/>
    <proprieta-oggetto utente-richiedente="amministratore" data-creazione="2025-04-01T15:27:21.475+02:00" utente-ultima-modifica="amministratore" data-ultima-modifica="2025-04-01T15:56:01.116+02:00"/>
</fruitore>
