<?xml version="1.0" encoding="UTF-8" standalone="yes"?>
<ns2:openspcoop2 xmlns:ns2="http://www.openspcoop2.org/core/config">

<ns2:configurazione>
	<ns2:generic-properties xmlns:ns2="http://www.openspcoop2.org/core/config" nome="PDND" tipologia="gestionePolicyToken" tipo="validationToken">
		<ns2:property nome="policy.token.source" valore="RFC6750"/>
		<ns2:property nome="policy.introspection.stato" valore="false"/>
		<ns2:property nome="signatureVerificationPropRefId_@@@_rs.security.keystore.file" valore="changeit"/>
		<ns2:property nome="signatureVerificationPropRefId_@@@_rs.security.keystore.alias.mode" valore="kid"/>
		<ns2:property nome="policy.tokenForward.stato" valore="false"/>
		<ns2:property nome="policy.token.type" valore="jws"/>
		<ns2:property nome="policy.validazioneJWT.claimsParser" valore="JSON_WEB_TOKEN_FOR_OAUTH2_ACCESS_TOKENS_RFC_9068"/>
		<ns2:property nome="policy.messageError.genericMessage" valore="true"/>
		<ns2:property nome="policy.userInfo.stato" valore="false"/>
		<ns2:property nome="signatureVerificationPropRefId_@@@_rs.security.keystore.type" valore="jwk"/>
		<ns2:property nome="policy.validazioneJWT.stato" valore="true"/>
		<ns2:property nome="policy.messageError.bodyEmpty" valore="false"/>
		<ns2:property nome="policy.validazioneJWT.saveErrorInCache" valore="false"/>
	</ns2:generic-properties>

	<ns2:generic-properties xmlns:ns2="http://www.openspcoop2.org/core/config" nome="api-pdnd" tipologia="retrievePolicyToken" tipo="retrieveToken">
		<ns2:property nome="policy.retrieveToken.jwt.pdnd" valore="false"/>
		<ns2:property nome="policy.retrieveToken.jwt.audience" valore="auth.uat.interop.pagopa.it/client-assertion"/>
		<ns2:property nome="policy.retrieveToken.jwt.signature.include.key.id.value" valore="KID_FORNITO_PDND"/>
		<ns2:property nome="policy.retrieveToken.jwt.signature.joseType" valore="JWT"/>
		<ns2:property nome="policy.retrieveToken.jwt.issuer" valore="CLIENT_ID_FORNITO_PDND"/>
		<ns2:property nome="policy.retrieveToken.jwt.signature.algorithm" valore="RS256"/>
		<ns2:property nome="policy.retrieveToken.jwt.clientId" valore="CLIENT_ID_FORNITO_PDND"/>
		<ns2:property nome="policy.endpoint.https.stato" valore="false"/>
		<ns2:property nome="policy.retrieveToken.jwt.jti" valore="${transaction:id}"/>
		<ns2:property nome="policy.retrieveToken.jwt.signature.keyPairAlgorithm" valore="RSA"/>
		<ns2:property nome="endpointConfig_@@@_connectionTimeout" valore="5000"/>
		<ns2:property nome="policy.retrieveToken.jwt.signature.include.key.id" valore="custom"/>
		<ns2:property nome="policy.tokenForward.mode" valore="RFC6750_header"/>
		<ns2:property nome="endpointConfig_@@@_readConnectionTimeout" valore="10000"/>
		<ns2:property nome="policy.retrieveToken.endpoint.url" valore="https://auth.uat.interop.pagopa.it/token.oauth2"/>
		<ns2:property nome="policy.retrieveToken.mode" valore="rfc7523_x509"/>
		<ns2:property nome="policy.retrieveToken.jwt.signature.keystoreFile" valore="PATH_PRIVATE_KEY"/>
		<ns2:property nome="policy.endpoint.proxy.stato" valore="false"/>
		<ns2:property nome="jwtSignatureIncludeCertShaMode" valore="-"/>
		<ns2:property nome="policy.retrieveToken.jwt.signature.keystoreType" valore="keys"/>
		<ns2:property nome="policy.retrieveToken.jwt.subject" valore="CLIENT_ID_FORNITO_PDND"/>
		<ns2:property nome="policy.retrieveToken.jwt.expired" valore="300"/>
		<ns2:property nome="policy.retrieveToken.claimsParser" valore="OAUTH2_RFC_6749"/>
		<ns2:property nome="policy.retrieveToken.formParameters" valore="client_id=CLIENT_ID_FORNITO_PDND"/>
		<ns2:property nome="policy.retrieveToken.jwt.signature.joseContentType" valore="false"/>
		<ns2:property nome="policy.retrieveToken.saveErrorInCache" valore="false"/>
		<ns2:property nome="policy.retrieveToken.jwt.signature.keystoreFilePublicKey" valore="PATH_PUBLIC_KEY"/>
		<ns2:property nome="jwtSignatureIncludeCertMode" valore="-"/>
	</ns2:generic-properties>
</ns2:configurazione>

</ns2:openspcoop2>
