<?xml version="1.0" encoding="UTF-8" standalone="yes"?>
<ns2:openspcoop2 xmlns:ns2="http://www.openspcoop2.org/core/config">

<ns2:configurazione>
        <ns2:generic-properties xmlns:ns2="http://www.openspcoop2.org/core/config" nome="PDND" tipologia="gestionePolicyToken" tipo="validationToken">
        <ns2:property nome="policy.token.source" valore="RFC6750"/>
        <ns2:property nome="policy.introspection.stato" valore="false"/>
        <ns2:property nome="signatureVerificationPropRefId_@@@_rs.security.keystore.file" valore="changeit"/>
        <ns2:property nome="policy.tokenForward.stato" valore="false"/>
        <ns2:property nome="signatureVerificationPropRefId_@@@_rs.security.keystore.alias" valore="changeit"/>
        <ns2:property nome="policy.token.type" valore="jws"/>
        <ns2:property nome="policy.validazioneJWT.claimsParser" valore="JSON_WEB_TOKEN_FOR_OAUTH2_ACCESS_TOKENS_RFC_9068"/>
        <ns2:property nome="policy.messageError.genericMessage" valore="true"/>
        <ns2:property nome="policy.userInfo.stato" valore="false"/>
        <ns2:property nome="signatureVerificationPropRefId_@@@_rs.security.keystore.type" valore="jwk"/>
        <ns2:property nome="policy.validazioneJWT.stato" valore="true"/>
        <ns2:property nome="policy.messageError.bodyEmpty" valore="false"/>
        <ns2:property nome="policy.validazioneJWT.saveErrorInCache" valore="false"/>
    </ns2:generic-properties>
</ns2:configurazione>

</ns2:openspcoop2>
