<?xml version="1.0" encoding="UTF-8" standalone="yes"?>
<accordo-servizio-parte-comune xmlns="http://www.openspcoop2.org/core/registry" descrizione="[Fatturazione Passiva] Permette al ricevente di ricevere dallo SdI le i file Fattura" service-binding="soap" nome="RicezioneFatture" profilo-collaborazione="sincrono" formato-specifica="wsdl11" utilizzo-senza-azione="true" filtro-duplicati="disabilitato" conferma-ricezione="disabilitato" id-collaborazione="disabilitato" id-riferimento-richiesta="disabilitato" consegna-in-ordine="disabilitato" ora-registrazione="2018-07-23T15:52:46.348+02:00" versione="1">
    <soggetto-referente tipo="sdi" nome="@OPENSPCOOP2_NOME_SOGGETTO@"/>
    <port-type nome="RicezioneFatture" style="document" profilo-collaborazione="sincrono" filtro-duplicati="abilitato">
        <azione nome="NotificaDecorrenzaTermini" soap-action="http://www.fatturapa.it/RicezioneFatture/NotificaDecorrenzaTermini" profilo-collaborazione="oneway" filtro-duplicati="abilitato">
            <message-input use="literal">
                <part name="parametersNotifica" element-name="fileSdI" element-namespace="http://www.fatturapa.gov.it/sdi/ws/ricezione/v1.0/types"/>
            </message-input>
        </azione>
        <azione nome="RiceviFatture" soap-action="http://www.fatturapa.it/RicezioneFatture/RiceviFattureSdI" profilo-collaborazione="sincrono" filtro-duplicati="abilitato">
            <message-input use="literal">
                <part name="parametersIn" element-name="fileSdIConMetadati" element-namespace="http://www.fatturapa.gov.it/sdi/ws/ricezione/v1.0/types"/>
            </message-input>
            <message-output use="literal">
                <part name="parametersOut" element-name="rispostaRiceviFatture" element-namespace="http://www.fatturapa.gov.it/sdi/ws/ricezione/v1.0/types"/>
            </message-output>
        </azione>
    </port-type>
    <allegato tipo="xsd" file="RicezioneTypes_v1.0.xsd" ora-registrazione="2018-07-23T15:52:53.873+02:00"/>
    <gruppi>
        <gruppo nome="FatturazioneElettronica"/>
    </gruppi>
</accordo-servizio-parte-comune>
