<?xml version="1.0" encoding="UTF-8" standalone="yes"?>
<accordo-servizio-parte-comune xmlns="http://www.openspcoop2.org/core/registry" service-binding="soap" nome="ApiConsegnaConNotificheSoapAnomale" profilo-collaborazione="sincrono" formato-specifica="wsdl11" utilizzo-senza-azione="true" filtro-duplicati="disabilitato" conferma-ricezione="disabilitato" consegna-in-ordine="disabilitato" ora-registrazione="2025-01-29T16:28:28.436+01:00" versione="1">
    <soggetto-referente tipo="gw" nome="ENTE"/>
    <port-type nome="ApiConsegnaConNotificheSoapAnomale" style="document" profilo-collaborazione="sincrono" filtro-duplicati="disabilitato" conferma-ricezione="disabilitato" consegna-in-ordine="disabilitato">
        <azione nome="echo" profilo-collaborazione="sincrono" filtro-duplicati="disabilitato" conferma-ricezione="disabilitato" consegna-in-ordine="disabilitato"/>
        <azione nome="ping" profilo-collaborazione="oneway" filtro-duplicati="disabilitato" conferma-ricezione="disabilitato" id-collaborazione="disabilitato" id-riferimento-richiesta="disabilitato" consegna-in-ordine="disabilitato"/>
    </port-type>
    <gruppi>
        <gruppo nome="TestConnettoriAsincroni"/>
    </gruppi>
    <proprieta-oggetto utente-richiedente="amministratore" data-creazione="2025-01-29T16:28:28.410+01:00" utente-ultima-modifica="amministratore" data-ultima-modifica="2025-01-29T16:28:48.957+01:00"/>
</accordo-servizio-parte-comune>
