<?xml version="1.0" encoding="UTF-8" standalone="yes"?>
<accordo-servizio-parte-comune xmlns="http://www.openspcoop2.org/core/registry" service-binding="soap" nome="Iscrizione1000" profilo-collaborazione="sincrono" formato-specifica="wsdl11" utilizzo-senza-azione="true" filtro-duplicati="disabilitato" conferma-ricezione="disabilitato" id-collaborazione="disabilitato" id-riferimento-richiesta="disabilitato" consegna-in-ordine="disabilitato" ora-registrazione="2020-03-10T10:49:37.127+01:00" versione="1">
    <soggetto-referente tipo="gw" nome="@OPENSPCOOP2_NOME_SOGGETTO_DEFAULT@"/>
    <port-type nome="AnprPortType1000" style="document" profilo-collaborazione="sincrono" filtro-duplicati="abilitato">
        <azione nome="annullamento_iscrizione" profilo-collaborazione="sincrono" filtro-duplicati="abilitato">
            <message-input use="literal">
                <part name="request" element-name="Richiesta1013" element-namespace="http://sogei.it/ANPR/1000iscrizione"/>
            </message-input>
            <message-output use="literal">
                <part name="response" element-name="Risposta1013" element-namespace="http://sogei.it/ANPR/1000iscrizione"/>
            </message-output>
        </azione>
        <azione nome="iscrizione_altriMotivi" profilo-collaborazione="sincrono" filtro-duplicati="abilitato">
            <message-input use="literal">
                <part name="request" element-name="Richiesta1002" element-namespace="http://sogei.it/ANPR/1000iscrizione"/>
            </message-input>
            <message-output use="literal">
                <part name="response" element-name="Risposta1002" element-namespace="http://sogei.it/ANPR/1000iscrizione"/>
            </message-output>
        </azione>
        <azione nome="iscrizione_nascita" profilo-collaborazione="sincrono" filtro-duplicati="abilitato">
            <message-input use="literal">
                <part name="request" element-name="Richiesta1001" element-namespace="http://sogei.it/ANPR/1000iscrizione"/>
            </message-input>
            <message-output use="literal">
                <part name="response" element-name="Risposta1001" element-namespace="http://sogei.it/ANPR/1000iscrizione"/>
            </message-output>
        </azione>
        <azione nome="iscrizione_schedaConvivenza" profilo-collaborazione="sincrono" filtro-duplicati="abilitato">
            <message-input use="literal">
                <part name="request" element-name="Richiesta1010" element-namespace="http://sogei.it/ANPR/1000iscrizione"/>
            </message-input>
            <message-output use="literal">
                <part name="response" element-name="Risposta1010" element-namespace="http://sogei.it/ANPR/1000iscrizione"/>
            </message-output>
        </azione>
        <azione nome="procedimento_amministrativo" profilo-collaborazione="sincrono" filtro-duplicati="abilitato">
            <message-input use="literal">
                <part name="request" element-name="Richiesta1014" element-namespace="http://sogei.it/ANPR/1000iscrizione"/>
            </message-input>
            <message-output use="literal">
                <part name="response" element-name="Risposta1014" element-namespace="http://sogei.it/ANPR/1000iscrizione"/>
            </message-output>
        </azione>
    </port-type>
    <allegato tipo="xsd" file="1000iscrizione.xsd" ora-registrazione="2020-03-10T10:52:10.430+01:00"/>
    <allegato tipo="xsd" file="rispostaComune.xsd" ora-registrazione="2020-03-10T10:52:52.550+01:00"/>
    <allegato tipo="xsd" file="tipoDato.xsd" ora-registrazione="2020-03-10T10:53:39.946+01:00"/>
    <allegato tipo="xsd" file="vocabolario1000iscrizione.xsd" ora-registrazione="2020-03-10T10:53:39.946+01:00"/>
    <allegato tipo="xsd" file="vocabolarioRispostaComune.xsd" ora-registrazione="2020-03-10T10:53:39.946+01:00"/> 
    <gruppi>
	<gruppo nome="ANPR"/>
    </gruppi>
</accordo-servizio-parte-comune>
