<?xml version="1.0" encoding="UTF-8" standalone="yes"?>
<accordo-servizio-parte-specifica xmlns="http://www.openspcoop2.org/core/registry" tipo="modipa" nome="RestBlockingIDAR01X5T-X5U" versione="1" accordo-servizio-parte-comune="modipa/ENTE:RestBlockingIDAR01:1" tipologia-servizio="normale" ora-registrazione="2020-11-09T18:51:28.560+01:00" descrizione="">
    <configurazione-servizio>
        <connettore tipo="disabilitato" nome="CNT_modipa/DemoSoggettoErogatore_modipa/RestBlockingIDAR01X5T-X5U/1"/>
    </configurazione-servizio>
    <protocol-property name="modipaKeyPassword"/>
    <protocol-property name="modipaKeystoreMode"/>
    <protocol-property name="modipaKeystorePassword"/>
    <protocol-property name="modipaKeystorePath"/>
    <protocol-property name="modipaKeystoreType"/>
    <protocol-property name="modipaSecurityMessageRequestAud" value="testsuite"/>
    <protocol-property name="modipaSecurityMessageResponseExp" number-value="300"/>
    <protocol-property name="modipaSecurityMessageRestRequestX509Cert" value="x5t"/>
    <protocol-property name="modipaSecurityMessageRestResponseAlg" value="RS256"/>
    <protocol-property name="modipaSecurityMessageRestResponseX509Cert" value="x5u"/>
    <protocol-property name="modipaSecurityMessageRestResponseX509CertAsReq" value="false"/>
    <protocol-property name="modipaSecurityMessageRestResponseX509Url" value="http://localhost:8080/ExampleServer.crt"/>
    <protocol-property name="modipaSslTruststoreCRLs"/>
    <protocol-property name="modipaSslTruststoreMode"/>
    <protocol-property name="modipaSslTruststoreType"/>
    <protocol-property name="modipaSslTruststorePassword"/>
    <protocol-property name="modipaTruststoreCRLs"/>
    <protocol-property name="modipaTruststoreMode" value="default"/>
    <protocol-property name="modipaTruststorePassword"/>
    <protocol-property name="modipaTruststorePath"/>
    <protocol-property name="modipaTruststoreType"/>
    <protocol-property name="modipaSslTruststorePath"/>
    <protocol-property name="modipaKeyAlias"/>
    <protocol-property name="modipaKeystoreCertMode" value="default"/>
</accordo-servizio-parte-specifica>
