<?xml version="1.0" encoding="UTF-8" standalone="yes"?>
<accordo-servizio-parte-comune xmlns="http://www.openspcoop2.org/core/registry" service-binding="rest" nome="OpenAPIValidazioneMultipartRequest" descrizione="Servizio demo che consente di comprendere le varie modalità di scambio degli allegati" profilo-collaborazione="sincrono" formato-specifica="openApi3" utilizzo-senza-azione="true" filtro-duplicati="disabilitato" conferma-ricezione="disabilitato" consegna-in-ordine="disabilitato" ora-registrazione="2022-05-04T14:39:14.854+02:00" versione="1">
    <soggetto-referente tipo="gw" nome="ENTE"/>
    <resource nome="POST_multipart.form-data" path="/multipart/form-data" method="POST" filtro-duplicati="disabilitato" conferma-ricezione="disabilitato" consegna-in-ordine="disabilitato">
        <request>
            <representation media-type="multipart/form-data" nome="request_POST__multipart_form-data_multipart_form-data" representation-type="json">
                <json tipo="request_POST__multipart_form-data_multipart_form-data"/>
            </representation>
        </request>
        <response status="-2"/>
        <response descrizione="Risposta contenente documenti" status="200">
            <representation media-type="multipart/form-data" nome="response_POST__multipart_form-data_200_multipart_form-data" representation-type="json">
                <json tipo="response_POST__multipart_form-data_200_multipart_form-data"/>
            </representation>
        </response>
    </resource>
    <resource nome="POST_multipart.form-data-array-binary" path="/multipart/form-data-array-binary" method="POST" filtro-duplicati="disabilitato" conferma-ricezione="disabilitato" consegna-in-ordine="disabilitato">
        <request>
            <representation media-type="multipart/form-data" nome="request_POST__multipart_form-data-array-binary_multipart_form-data" representation-type="json">
                <json tipo="request_POST__multipart_form-data-array-binary_multipart_form-data"/>
            </representation>
        </request>
        <response status="-2"/>
        <response descrizione="Risposta contenente documenti" status="200">
            <representation media-type="multipart/form-data" nome="response_POST__multipart_form-data-array-binary_200_multipart_form-data" representation-type="json">
                <json tipo="response_POST__multipart_form-data-array-binary_200_multipart_form-data"/>
            </representation>
        </response>
    </resource>
    <resource nome="POST_multipart.form-data-array-json" path="/multipart/form-data-array-json" method="POST" filtro-duplicati="disabilitato" conferma-ricezione="disabilitato" consegna-in-ordine="disabilitato">
        <request>
            <representation media-type="multipart/form-data" nome="request_POST__multipart_form-data-array-json_multipart_form-data" representation-type="json">
                <json tipo="request_POST__multipart_form-data-array-json_multipart_form-data"/>
            </representation>
        </request>
        <response status="-2"/>
        <response descrizione="Risposta contenente documenti" status="200">
            <representation media-type="multipart/form-data" nome="response_POST__multipart_form-data-array-json_200_multipart_form-data" representation-type="json">
                <json tipo="response_POST__multipart_form-data-array-json_200_multipart_form-data"/>
            </representation>
        </response>
    </resource>
    <resource nome="POST_multipart.mixed" path="/multipart/mixed" method="POST" filtro-duplicati="disabilitato" conferma-ricezione="disabilitato" consegna-in-ordine="disabilitato">
        <request>
            <representation media-type="multipart/mixed" nome="request_POST__multipart_mixed_multipart_mixed" representation-type="json">
                <json tipo="request_POST__multipart_mixed_multipart_mixed"/>
            </representation>
        </request>
        <response status="-2"/>
        <response descrizione="Risposta contenente documenti" status="200">
            <representation media-type="multipart/mixed" nome="response_POST__multipart_mixed_200_multipart_mixed" representation-type="json">
                <json tipo="response_POST__multipart_mixed_200_multipart_mixed"/>
            </representation>
        </response>
    </resource>
    <resource nome="POST_multipart.mixed-array-binary" path="/multipart/mixed-array-binary" method="POST" filtro-duplicati="disabilitato" conferma-ricezione="disabilitato" consegna-in-ordine="disabilitato">
        <request>
            <representation media-type="multipart/mixed" nome="ArrayBinaryRequest" representation-type="json">
                <json tipo="ArrayBinaryRequest"/>
            </representation>
        </request>
        <response status="-2"/>
        <response descrizione="Risposta contenente documenti" status="200">
            <representation media-type="multipart/mixed" nome="response_POST__multipart_mixed-array-binary_200_multipart_mixed" representation-type="json">
                <json tipo="response_POST__multipart_mixed-array-binary_200_multipart_mixed"/>
            </representation>
        </response>
    </resource>
    <resource nome="POST_multipart.mixed-array-json" path="/multipart/mixed-array-json" method="POST" filtro-duplicati="disabilitato" conferma-ricezione="disabilitato" consegna-in-ordine="disabilitato">
        <request>
            <representation media-type="multipart/mixed" nome="ArrayJsonRequest" representation-type="json">
                <json tipo="ArrayJsonRequest"/>
            </representation>
        </request>
        <response status="-2"/>
        <response descrizione="Risposta contenente documenti" status="200">
            <representation media-type="multipart/mixed" nome="response_POST__multipart_mixed-array-json_200_multipart_mixed" representation-type="json">
                <json tipo="response_POST__multipart_mixed-array-json_200_multipart_mixed"/>
            </representation>
        </response>
    </resource>
    <resource nome="POST_multipart.test-correlazione" path="/multipart/test-correlazione" method="POST" filtro-duplicati="disabilitato" conferma-ricezione="disabilitato" consegna-in-ordine="disabilitato">
        <request>
            <representation media-type="multipart/form-data" nome="request_POST__multipart_test-correlazione_multipart_form-data" representation-type="json">
                <json tipo="request_POST__multipart_test-correlazione_multipart_form-data"/>
            </representation>
            <representation media-type="multipart/mixed" nome="request_POST__multipart_test-correlazione_multipart_mixed" representation-type="json">
                <json tipo="request_POST__multipart_test-correlazione_multipart_mixed"/>
            </representation>
        </request>
        <response status="-2"/>
        <response descrizione="Risposta contenente documenti" status="200">
            <representation media-type="multipart/form-data" nome="response_POST__multipart_test-correlazione_200_multipart_form-data" representation-type="json">
                <json tipo="response_POST__multipart_test-correlazione_200_multipart_form-data"/>
            </representation>
            <representation media-type="multipart/mixed" nome="response_POST__multipart_test-correlazione_200_multipart_mixed" representation-type="json">
                <json tipo="response_POST__multipart_test-correlazione_200_multipart_mixed"/>
            </representation>
        </response>
    </resource>
    <resource nome="POST_multipart.test-correlazione-array-json" path="/multipart/test-correlazione-array-json" method="POST" filtro-duplicati="disabilitato" conferma-ricezione="disabilitato" consegna-in-ordine="disabilitato">
        <request>
            <representation media-type="multipart/form-data" nome="ArrayJsonRequest" representation-type="json">
                <json tipo="ArrayJsonRequest"/>
            </representation>
            <representation media-type="multipart/mixed" nome="ArrayJsonRequest" representation-type="json">
                <json tipo="ArrayJsonRequest"/>
            </representation>
        </request>
        <response status="-2"/>
        <response descrizione="Risposta contenente documenti" status="200">
            <representation media-type="multipart/form-data" nome="response_POST__multipart_test-correlazione-array-json_200_multipart_form-data" representation-type="json">
                <json tipo="response_POST__multipart_test-correlazione-array-json_200_multipart_form-data"/>
            </representation>
            <representation media-type="multipart/mixed" nome="response_POST__multipart_test-correlazione-array-json_200_multipart_mixed" representation-type="json">
                <json tipo="response_POST__multipart_test-correlazione-array-json_200_multipart_mixed"/>
            </representation>
        </response>
    </resource>
    <resource nome="POST_multipart.test-dump" path="/multipart/test-dump" method="POST" filtro-duplicati="disabilitato" conferma-ricezione="disabilitato" consegna-in-ordine="disabilitato">
        <request>
            <representation media-type="multipart/form-data" nome="request_POST__multipart_test-dump_multipart_form-data" representation-type="json">
                <json tipo="request_POST__multipart_test-dump_multipart_form-data"/>
            </representation>
            <representation media-type="multipart/mixed" nome="request_POST__multipart_test-dump_multipart_mixed" representation-type="json">
                <json tipo="request_POST__multipart_test-dump_multipart_mixed"/>
            </representation>
        </request>
        <response status="-2"/>
        <response descrizione="Risposta contenente documenti" status="200">
            <representation media-type="multipart/form-data" nome="response_POST__multipart_test-dump_200_multipart_form-data" representation-type="json">
                <json tipo="response_POST__multipart_test-dump_200_multipart_form-data"/>
            </representation>
            <representation media-type="multipart/mixed" nome="response_POST__multipart_test-dump_200_multipart_mixed" representation-type="json">
                <json tipo="response_POST__multipart_test-dump_200_multipart_mixed"/>
            </representation>
        </response>
    </resource>
    <resource nome="POST_multipart.test-trasformazione" path="/multipart/test-trasformazione" method="POST" filtro-duplicati="disabilitato" conferma-ricezione="disabilitato" id-collaborazione="disabilitato" id-riferimento-richiesta="disabilitato" consegna-in-ordine="disabilitato">
        <request>
            <representation media-type="multipart/form-data" nome="request_POST__multipart_test-trasformazione_multipart_form-data" representation-type="json">
                <json tipo="request_POST__multipart_test-trasformazione_multipart_form-data"/>
            </representation>
            <representation media-type="multipart/mixed" nome="request_POST__multipart_test-trasformazione_multipart_mixed" representation-type="json">
                <json tipo="request_POST__multipart_test-trasformazione_multipart_mixed"/>
            </representation>
        </request>
        <response status="-2"/>
        <response descrizione="Risposta contenente documenti" status="200">
            <representation media-type="multipart/form-data" nome="response_POST__multipart_test-trasformazione_200_multipart_form-data" representation-type="json">
                <json tipo="response_POST__multipart_test-trasformazione_200_multipart_form-data"/>
            </representation>
            <representation media-type="multipart/mixed" nome="response_POST__multipart_test-trasformazione_200_multipart_mixed" representation-type="json">
                <json tipo="response_POST__multipart_test-trasformazione_200_multipart_mixed"/>
            </representation>
        </response>
    </resource>
    <resource nome="POST_multipart.test-trasformazione-array-json" path="/multipart/test-trasformazione-array-json" method="POST" filtro-duplicati="disabilitato" conferma-ricezione="disabilitato" id-collaborazione="disabilitato" id-riferimento-richiesta="disabilitato" consegna-in-ordine="disabilitato">
        <request>
            <representation media-type="multipart/form-data" nome="ArrayJsonRequest" representation-type="json">
                <json tipo="ArrayJsonRequest"/>
            </representation>
            <representation media-type="multipart/mixed" nome="ArrayJsonRequest" representation-type="json">
                <json tipo="ArrayJsonRequest"/>
            </representation>
        </request>
        <response status="-2"/>
        <response descrizione="Risposta contenente documenti" status="200">
            <representation media-type="multipart/form-data" nome="response_POST__multipart_test-trasformazione-array-json_200_multipart_form-data" representation-type="json">
                <json tipo="response_POST__multipart_test-trasformazione-array-json_200_multipart_form-data"/>
            </representation>
            <representation media-type="multipart/mixed" nome="response_POST__multipart_test-trasformazione-array-json_200_multipart_mixed" representation-type="json">
                <json tipo="response_POST__multipart_test-trasformazione-array-json_200_multipart_mixed"/>
            </representation>
        </response>
    </resource>
    <allegato tipo="yaml" file="teamdigitale-openapi_definitions.yaml" ora-registrazione="2022-05-04T15:28:39.736+02:00"/>
    <gruppi>
        <gruppo nome="TestValidazione"/>
    </gruppi>
</accordo-servizio-parte-comune>
