<?xml version="1.0" encoding="UTF-8" standalone="yes"?>
<fruitore xmlns="http://www.openspcoop2.org/core/registry" tipo="gw" nome="SoggettoInternoTestFruitore" ora-registrazione="2020-11-27T13:18:21.613+01:00">
    <connettore tipo="http" nome="CNT_SF_gw/SoggettoInternoTestFruitore_gw/SoggettoInternoTest_gw/NumeroRichiesteSoap/1">
        <property nome="location" valore="http://127.0.0.1:8080/TestService/echo?sleep=5000"/>
    </connettore>
    <configurazione-azione>
        <connettore tipo="http" nome="CNT_SF_AZIONE_gw/SoggettoInternoTestFruitore_gw/SoggettoInternoTest_gw/NumeroRichiesteSoap/1_RichiesteSimultanee">
            <property nome="location" valore="http://127.0.0.1:8080/TestService/echo?sleep=5000"/>
        </connettore>
        <azione>RichiesteSimultanee</azione>
    </configurazione-azione>
</fruitore>
