<?xml version="1.0" encoding="UTF-8" standalone="yes"?>
<accordo-servizio-parte-comune xmlns="http://www.openspcoop2.org/core/registry" service-binding="rest" nome="TempiRispostaREST" profilo-collaborazione="sincrono" formato-specifica="openApi3" utilizzo-senza-azione="true" filtro-duplicati="disabilitato" conferma-ricezione="disabilitato" consegna-in-ordine="disabilitato" ora-registrazione="2021-04-02T16:49:28.726+02:00" versione="1">
    <soggetto-referente tipo="gw" nome="ENTE"/>
    <resource nome="connectionTimeoutGlobale" path="/connectionTimeoutGlobale" filtro-duplicati="disabilitato" conferma-ricezione="disabilitato" id-collaborazione="disabilitato" id-riferimento-richiesta="disabilitato" consegna-in-ordine="disabilitato">
        <request/>
    </resource>
    <resource nome="connessioneClientInterrotta" path="/connessioneClientInterrotta" filtro-duplicati="disabilitato" conferma-ricezione="disabilitato" consegna-in-ordine="disabilitato">
        <request/>
    </resource>
    <resource nome="readTimeoutGlobale" path="/readTimeoutGlobale" filtro-duplicati="disabilitato" conferma-ricezione="disabilitato" id-collaborazione="disabilitato" id-riferimento-richiesta="disabilitato" consegna-in-ordine="disabilitato">
        <request/>
    </resource>
    <resource nome="sendCorrelazioneApplicativa" path="/sendCorrelazioneApplicativa" filtro-duplicati="disabilitato" conferma-ricezione="disabilitato" consegna-in-ordine="disabilitato">
        <request/>
    </resource>
    <resource nome="sendCorrelazioneApplicativa.ClientSendRequestSlow" path="/sendCorrelazioneApplicativa/ClientSendRequestSlow" filtro-duplicati="disabilitato" conferma-ricezione="disabilitato" consegna-in-ordine="disabilitato">
        <request/>
    </resource>
    <resource nome="sendCorrelazioneApplicativa.EchoSendResponseSlow" path="/sendCorrelazioneApplicativa/EchoSendResponseSlow" filtro-duplicati="disabilitato" conferma-ricezione="disabilitato" consegna-in-ordine="disabilitato">
        <request/>
    </resource>
    <resource nome="sendRegistrazioneAbilitata" path="/sendRegistrazioneAbilitata" filtro-duplicati="disabilitato" conferma-ricezione="disabilitato" consegna-in-ordine="disabilitato">
        <request/>
    </resource>
    <resource nome="sendRegistrazioneAbilitata.connectionTimeout" path="/sendRegistrazioneAbilitata/connectionTimeout" filtro-duplicati="disabilitato" conferma-ricezione="disabilitato" consegna-in-ordine="disabilitato">
        <request/>
    </resource>
    <resource nome="sendRegistrazioneAbilitata.echoReceiveRequestSlow" path="/sendRegistrazioneAbilitata/echoReceiveRequestSlow" filtro-duplicati="disabilitato" conferma-ricezione="disabilitato" consegna-in-ordine="disabilitato">
        <request/>
    </resource>
    <resource nome="sendRegistrazioneAbilitata.echoSendResponseSlow" path="/sendRegistrazioneAbilitata/echoSendResponseSlow" filtro-duplicati="disabilitato" conferma-ricezione="disabilitato" consegna-in-ordine="disabilitato">
        <request/>
    </resource>
    <resource nome="sendRegistrazioneAbilitata.echoSleepBeforeResponse" path="/sendRegistrazioneAbilitata/echoSleepBeforeResponse" filtro-duplicati="disabilitato" conferma-ricezione="disabilitato" consegna-in-ordine="disabilitato">
        <request/>
    </resource>
    <resource nome="sendRegistrazioneAbilitataClientSendSlow" path="/sendRegistrazioneAbilitataClientSendSlow" filtro-duplicati="disabilitato" conferma-ricezione="disabilitato" consegna-in-ordine="disabilitato">
        <request/>
    </resource>
    <resource nome="sendRegistrazioneDisabilitata" path="/sendRegistrazioneDisabilitata" filtro-duplicati="disabilitato" conferma-ricezione="disabilitato" consegna-in-ordine="disabilitato">
        <request/>
    </resource>
    <resource nome="sendRegistrazioneDisabilitata.connectionTimeout" path="/sendRegistrazioneDisabilitata/connectionTimeout" filtro-duplicati="disabilitato" conferma-ricezione="disabilitato" consegna-in-ordine="disabilitato">
        <request/>
    </resource>
    <resource nome="sendRegistrazioneDisabilitata.echoReceiveRequestSlow" path="/sendRegistrazioneDisabilitata/echoReceiveRequestSlow" filtro-duplicati="disabilitato" conferma-ricezione="disabilitato" consegna-in-ordine="disabilitato">
        <request/>
    </resource>
    <resource nome="sendRegistrazioneDisabilitata.echoSendResponseSlow" path="/sendRegistrazioneDisabilitata/echoSendResponseSlow" filtro-duplicati="disabilitato" conferma-ricezione="disabilitato" consegna-in-ordine="disabilitato">
        <request/>
    </resource>
    <resource nome="sendRegistrazioneDisabilitata.echoSleepBeforeResponse" path="/sendRegistrazioneDisabilitata/echoSleepBeforeResponse" filtro-duplicati="disabilitato" conferma-ricezione="disabilitato" consegna-in-ordine="disabilitato">
        <request/>
    </resource>
    <resource nome="sendRegistrazioneDisabilitataClientSendSlow" path="/sendRegistrazioneDisabilitataClientSendSlow" filtro-duplicati="disabilitato" conferma-ricezione="disabilitato" consegna-in-ordine="disabilitato">
        <request/>
    </resource>
    <gruppi>
        <gruppo nome="TestConnettori"/>
    </gruppi>
</accordo-servizio-parte-comune>
