<?xml version="1.0" encoding="UTF-8" standalone="yes"?>
<fruitore xmlns="http://www.openspcoop2.org/core/registry" tipo="modipa" nome="DemoSoggettoFruitore" ora-registrazione="2026-01-27T09:58:58.257+01:00">
    <connettore tipo="http" nome="CNT_SF_modipa/DemoSoggettoFruitore_modipa/DemoSoggettoErogatore_modipa/FonteAutenticaTestPreserve/1">
        <property nome="tokenPolicy" valore="SimulazionePDNDProduzioneTokenKid-AuditRest02"/>
        <property nome="location" valore="https://Erogatore:8445/govway/rest/in/DemoSoggettoErogatore/FonteAutenticaTestPreserve/v1"/>
    </connettore>
    <protocol-property name="modipaSecurityMessageRestRequestAlg" value="RS256"/>
    <protocol-property name="modipaKeystoreByokPolicy"/>
    <protocol-property name="modipaSecurityMessageRestRequestDigestEncoding" value="BASE64"/>
    <protocol-property name="modipaSecurityMessageHttpHeaders" value="Digest,Content-Type,Content-Encoding"/>
    <protocol-property name="modipaSecurityMessageRestRequestX509Url"/>
    <protocol-property name="modipaKeystoreFruizioneMode" value="fruizione"/>
    <protocol-property name="modipaKeystoreCertMode" value="ridefinisci"/>
    <protocol-property name="modipaSecurityMessageRequestExp" number-value="300"/>
    <protocol-property name="modipaSecurityMessageRequestAud" value="TestFonteAutentica"/>
    <protocol-property name="modipaSecurityMessageRequestClaims"/>
    <protocol-property name="modipaSecurityMessageRequestAuditAudMode" value="same"/>
    <protocol-property name="modipaSecurityMessageRequestAuditAud"/>
    <protocol-property name="modipaSecurityMessageCorniceSicurezzaSchemaModeuserID" value="default"/>
    <protocol-property name="modipaSecurityMessageCorniceSicurezzaSchemaValueuserID"/>
    <protocol-property name="modipaSecurityMessageCorniceSicurezzaSchemaModeuserLocation" value="default"/>
    <protocol-property name="modipaSecurityMessageCorniceSicurezzaSchemaValueuserLocation"/>
    <protocol-property name="modipaSecurityMessageCorniceSicurezzaSchemaModeLoA" value="default"/>
    <protocol-property name="modipaSecurityMessageCorniceSicurezzaSchemaValueLoA"/>
    <protocol-property name="modipaSecurityOauthKid" value="openspcoop"/>
    <protocol-property name="modipaSecurityOauthId" value="id"/>
    <protocol-property name="modipaKeystoreMode" value="path"/>
    <protocol-property name="modipaKeystoreType" value="jwk"/>
    <protocol-property name="modipaKeystorePath" value="/etc/govway/keys/jose_keystore_example.jwks"/>
    <protocol-property name="modipaKeystorePathPublicKey"/>
    <protocol-property name="modipaKeystoreKeyPairAlgo" value="RSA"/>
    <protocol-property name="modipaKeystorePassword"/>
    <protocol-property name="modipaKeyAlias" value="openspcoop"/>
    <protocol-property name="modipaKeyPassword"/>
    <proprieta-oggetto utente-richiedente="amministratore" data-creazione="2026-01-23T11:13:33.355+01:00"/>
</fruitore>
