<?xml version="1.0" encoding="UTF-8" standalone="yes"?>
<accordo-servizio-parte-comune xmlns="http://www.openspcoop2.org/core/registry" service-binding="soap" nome="NodoPerPa" profilo-collaborazione="sincrono" formato-specifica="wsdl11" utilizzo-senza-azione="true" filtro-duplicati="disabilitato" conferma-ricezione="disabilitato" consegna-in-ordine="disabilitato" ora-registrazione="2023-09-18T16:39:38.844+02:00" versione="1">
    <soggetto-referente tipo="modipa" nome="@OPENSPCOOP2_NOME_SOGGETTO_DEFAULT@"/>
    <port-type nome="PagamentiTelematiciRPT" style="document" profilo-collaborazione="sincrono" filtro-duplicati="abilitato">
        <azione nome="nodoChiediCopiaRT" style="document" soap-action="nodoChiediCopiaRT" profilo-collaborazione="sincrono" filtro-duplicati="abilitato">
            <message-input use="literal" soap-namespace="http://NodoPagamentiSPC.spcoop.gov.it/servizi/PagamentiTelematiciRPT">
                <part name="bodyrichiesta" element-name="nodoChiediCopiaRT" element-namespace="http://ws.pagamenti.telematici.gov/"/>
            </message-input>
            <message-output use="literal" soap-namespace="http://NodoPagamentiSPC.spcoop.gov.it/servizi/PagamentiTelematiciRPT">
                <part name="bodyrisposta" element-name="nodoChiediCopiaRTRisposta" element-namespace="http://ws.pagamenti.telematici.gov/"/>
            </message-output>
        </azione>
        <azione nome="nodoChiediElencoFlussiRendicontazione" style="document" soap-action="nodoChiediElencoFlussiRendicontazione" profilo-collaborazione="sincrono" filtro-duplicati="abilitato">
            <message-input use="literal" soap-namespace="http://NodoPagamentiSPC.spcoop.gov.it/servizi/PagamentiTelematiciRPT">
                <part name="parameters" element-name="nodoChiediElencoFlussiRendicontazione" element-namespace="http://ws.pagamenti.telematici.gov/"/>
            </message-input>
            <message-output use="literal" soap-namespace="http://NodoPagamentiSPC.spcoop.gov.it/servizi/PagamentiTelematiciRPT">
                <part name="parameters" element-name="nodoChiediElencoFlussiRendicontazioneRisposta" element-namespace="http://ws.pagamenti.telematici.gov/"/>
            </message-output>
        </azione>
        <azione nome="nodoChiediElencoQuadraturePA" style="document" soap-action="nodoChiediElencoQuadraturePA" profilo-collaborazione="sincrono" filtro-duplicati="abilitato">
            <message-input use="literal" soap-namespace="http://NodoPagamentiSPC.spcoop.gov.it/servizi/PagamentiTelematiciRPT">
                <part name="bodyrichiesta" element-name="nodoChiediElencoQuadraturePA" element-namespace="http://ws.pagamenti.telematici.gov/"/>
            </message-input>
            <message-output use="literal" soap-namespace="http://NodoPagamentiSPC.spcoop.gov.it/servizi/PagamentiTelematiciRPT">
                <part name="bodyrisposta" element-name="nodoChiediElencoQuadraturePARisposta" element-namespace="http://ws.pagamenti.telematici.gov/"/>
            </message-output>
        </azione>
        <azione nome="nodoChiediFlussoRendicontazione" style="document" soap-action="nodoChiediFlussoRendicontazione" profilo-collaborazione="sincrono" filtro-duplicati="abilitato">
            <message-input use="literal" soap-namespace="http://NodoPagamentiSPC.spcoop.gov.it/servizi/PagamentiTelematiciRPT">
                <part name="parameters" element-name="nodoChiediFlussoRendicontazione" element-namespace="http://ws.pagamenti.telematici.gov/"/>
            </message-input>
            <message-output use="literal" soap-namespace="http://NodoPagamentiSPC.spcoop.gov.it/servizi/PagamentiTelematiciRPT">
                <part name="parameters" element-name="nodoChiediFlussoRendicontazioneRisposta" element-namespace="http://ws.pagamenti.telematici.gov/"/>
            </message-output>
        </azione>
        <azione nome="nodoChiediInformativaPSP" style="document" soap-action="nodoChiediInformativaPSP" profilo-collaborazione="sincrono" filtro-duplicati="abilitato">
            <message-input use="literal" soap-namespace="http://NodoPagamentiSPC.spcoop.gov.it/servizi/PagamentiTelematiciRPT">
                <part name="bodyrichiesta" element-name="nodoChiediInformativaPSP" element-namespace="http://ws.pagamenti.telematici.gov/"/>
            </message-input>
            <message-output use="literal" soap-namespace="http://NodoPagamentiSPC.spcoop.gov.it/servizi/PagamentiTelematiciRPT">
                <part name="bodyrisposta" element-name="nodoChiediInformativaPSPRisposta" element-namespace="http://ws.pagamenti.telematici.gov/"/>
            </message-output>
        </azione>
        <azione nome="nodoChiediListaPendentiRPT" style="document" soap-action="nodoChiediListaPendentiRPT" profilo-collaborazione="sincrono" filtro-duplicati="abilitato">
            <message-input use="literal" soap-namespace="http://NodoPagamentiSPC.spcoop.gov.it/servizi/PagamentiTelematiciRPT">
                <part name="bodyrichiesta" element-name="nodoChiediListaPendentiRPT" element-namespace="http://ws.pagamenti.telematici.gov/"/>
            </message-input>
            <message-output use="literal" soap-namespace="http://NodoPagamentiSPC.spcoop.gov.it/servizi/PagamentiTelematiciRPT">
                <part name="bodyrisposta" element-name="nodoChiediListaPendentiRPTRisposta" element-namespace="http://ws.pagamenti.telematici.gov/"/>
            </message-output>
        </azione>
        <azione nome="nodoChiediQuadraturaPA" style="document" soap-action="nodoChiediQuadraturaPA" profilo-collaborazione="sincrono" filtro-duplicati="abilitato">
            <message-input use="literal" soap-namespace="http://NodoPagamentiSPC.spcoop.gov.it/servizi/PagamentiTelematiciRPT">
                <part name="parameters" element-name="nodoChiediQuadraturaPA" element-namespace="http://ws.pagamenti.telematici.gov/"/>
            </message-input>
            <message-output use="literal" soap-namespace="http://NodoPagamentiSPC.spcoop.gov.it/servizi/PagamentiTelematiciRPT">
                <part name="parameters" element-name="nodoChiediQuadraturaPARisposta" element-namespace="http://ws.pagamenti.telematici.gov/"/>
            </message-output>
        </azione>
        <azione nome="nodoChiediSceltaWISP" style="document" soap-action="nodoChiediSceltaWISP" profilo-collaborazione="sincrono" filtro-duplicati="abilitato">
            <message-input use="literal" soap-namespace="http://NodoPagamentiSPC.spcoop.gov.it/servizi/PagamentiTelematiciRPT">
                <part name="bodyrichiesta" element-name="nodoChiediSceltaWISP" element-namespace="http://ws.pagamenti.telematici.gov/"/>
            </message-input>
            <message-output use="literal" soap-namespace="http://NodoPagamentiSPC.spcoop.gov.it/servizi/PagamentiTelematiciRPT">
                <part name="bodyrisposta" element-name="nodoChiediSceltaWISPRisposta" element-namespace="http://ws.pagamenti.telematici.gov/"/>
            </message-output>
        </azione>
        <azione nome="nodoChiediStatoRPT" style="document" soap-action="nodoChiediStatoRPT" profilo-collaborazione="sincrono" filtro-duplicati="abilitato">
            <message-input use="literal" soap-namespace="http://NodoPagamentiSPC.spcoop.gov.it/servizi/PagamentiTelematiciRPT">
                <part name="bodyrichiesta" element-name="nodoChiediStatoRPT" element-namespace="http://ws.pagamenti.telematici.gov/"/>
            </message-input>
            <message-output use="literal" soap-namespace="http://NodoPagamentiSPC.spcoop.gov.it/servizi/PagamentiTelematiciRPT">
                <part name="bodyrisposta" element-name="nodoChiediStatoRPTRisposta" element-namespace="http://ws.pagamenti.telematici.gov/"/>
            </message-output>
        </azione>
        <azione nome="nodoInviaCarrelloRPT" style="document" soap-action="nodoInviaCarrelloRPT" profilo-collaborazione="sincrono" filtro-duplicati="abilitato">
            <message-input use="literal" soap-namespace="http://NodoPagamentiSPC.spcoop.gov.it/servizi/PagamentiTelematiciRPT">
                <part name="bodyrichiesta" element-name="nodoInviaCarrelloRPT" element-namespace="http://ws.pagamenti.telematici.gov/"/>
            </message-input>
            <message-output use="literal" soap-namespace="http://NodoPagamentiSPC.spcoop.gov.it/servizi/PagamentiTelematiciRPT">
                <part name="bodyrisposta" element-name="nodoInviaCarrelloRPTRisposta" element-namespace="http://ws.pagamenti.telematici.gov/"/>
            </message-output>
        </azione>
        <azione nome="nodoInviaRPT" style="document" soap-action="nodoInviaRPT" profilo-collaborazione="sincrono" filtro-duplicati="abilitato">
            <message-input use="literal" soap-namespace="http://NodoPagamentiSPC.spcoop.gov.it/servizi/PagamentiTelematiciRPT">
                <part name="bodyrichiesta" element-name="nodoInviaRPT" element-namespace="http://ws.pagamenti.telematici.gov/"/>
            </message-input>
            <message-output use="literal" soap-namespace="http://NodoPagamentiSPC.spcoop.gov.it/servizi/PagamentiTelematiciRPT">
                <part name="bodyrisposta" element-name="nodoInviaRPTRisposta" element-namespace="http://ws.pagamenti.telematici.gov/"/>
            </message-output>
        </azione>
        <azione nome="nodoInviaRichiestaStorno" style="document" soap-action="nodoInviaRichiestaStorno" profilo-collaborazione="sincrono" filtro-duplicati="abilitato">
            <message-input use="literal" soap-namespace="http://NodoPagamentiSPC.spcoop.gov.it/servizi/PagamentiTelematiciRPT">
                <part name="parameters" element-name="nodoInviaRichiestaStorno" element-namespace="http://ws.pagamenti.telematici.gov/"/>
            </message-input>
            <message-output use="literal" soap-namespace="http://NodoPagamentiSPC.spcoop.gov.it/servizi/PagamentiTelematiciRPT">
                <part name="parameters" element-name="nodoInviaRichiestaStornoRisposta" element-namespace="http://ws.pagamenti.telematici.gov/"/>
            </message-output>
        </azione>
        <azione nome="nodoInviaRispostaRevoca" style="document" soap-action="nodoInviaRispostaRevoca" profilo-collaborazione="sincrono" filtro-duplicati="abilitato">
            <message-input use="literal" soap-namespace="http://NodoPagamentiSPC.spcoop.gov.it/servizi/PagamentiTelematiciRPT">
                <part name="parameters" element-name="nodoInviaRispostaRevoca" element-namespace="http://ws.pagamenti.telematici.gov/"/>
            </message-input>
            <message-output use="literal" soap-namespace="http://NodoPagamentiSPC.spcoop.gov.it/servizi/PagamentiTelematiciRPT">
                <part name="parameters" element-name="nodoInviaRispostaRevocaRisposta" element-namespace="http://ws.pagamenti.telematici.gov/"/>
            </message-output>
        </azione>
        <azione nome="nodoPAChiediInformativaPA" style="document" soap-action="nodoPAChiediInformativaPA" profilo-collaborazione="sincrono" filtro-duplicati="abilitato">
            <message-input use="literal" soap-namespace="http://NodoPagamentiSPC.spcoop.gov.it/servizi/PagamentiTelematiciRPT">
                <part name="bodyrichiesta" element-name="nodoPAChiediInformativaPA" element-namespace="http://ws.pagamenti.telematici.gov/"/>
            </message-input>
            <message-output use="literal" soap-namespace="http://NodoPagamentiSPC.spcoop.gov.it/servizi/PagamentiTelematiciRPT">
                <part name="bodyrisposta" element-name="nodoPAChiediInformativaPARisposta" element-namespace="http://ws.pagamenti.telematici.gov/"/>
            </message-output>
        </azione>
    </port-type>
    <allegato tipo="xsd" file="WsdlTypes_1.xsd" ora-registrazione="2023-09-18T16:39:39.655+02:00"/>
    <allegato tipo="xsd" file="WsdlTypes_2.xsd" ora-registrazione="2023-09-18T16:39:39.657+02:00"/>
    <allegato tipo="xsd" file="envelope.xsd" ora-registrazione="2023-09-18T18:06:35.350+02:00"/>
    <protocol-property name="modipaSecurityChannelProfile" value="idac01"/>
    <protocol-property name="modipaSecurityMessageConfig"/>
    <protocol-property name="modipaSecurityMessageCorniceSicurezza" boolean-value="false"/>
    <protocol-property name="modipaSecurityMessageCorniceSicurezzaOpzionale" boolean-value="false"/>
    <protocol-property name="modipaSecurityMessageCorniceSicurezzaPattern"/>
    <protocol-property name="modipaSecurityMessageCorniceSicurezzaSchema"/>
    <protocol-property name="modipaSecurityMessageProfile" value="-"/>
    <protocol-property name="modipaSecurityMessageRequestDigest" boolean-value="false"/>
    <protocol-property name="modipaSecurityMessageSorgenteToken"/>
    <protocol-property name="modipaSecurityRequest"/>
    <protocol-property name="modipaSecurityRequestContentType"/>
    <protocol-property name="modipaSecurityResponse"/>
    <protocol-property name="modipaSecurityResponseContentType"/>
    <protocol-property name="modipaSecurityResponseReturnCode"/>
    <gruppi>
        <gruppo nome="pagoPA-v1"/>
    </gruppi>
</accordo-servizio-parte-comune>
