<?xml version="1.0" encoding="UTF-8" standalone="yes"?>
<fruitore xmlns="http://www.openspcoop2.org/core/registry" tipo="modipa" nome="DemoSoggettoFruitore" ora-registrazione="2022-09-27T13:57:52.473+02:00">
    <connettore tipo="http" nome="CNT_SF_modipa/DemoSoggettoFruitore_modipa/DemoSoggettoErogatore_modipa/RestBlockingIDAR03Custom/1">
        <property nome="location" valore="http://localhost:8090"/>
    </connettore>
    <protocol-property name="modipaSecurityMessageHttpHeaders" value="Digest,Content-Type,Content-Encoding"/>
    <protocol-property name="modipaSecurityMessageRequestAud" value="testsuite"/>
    <protocol-property name="modipaSecurityMessageRequestClaims" value="integrationInfoString=${integration:info[clientClaimString]}&#10;integrationInfoBoolean=cast(${integration:info[clientClaimBoolean]} as boolean)&#10;integrationInfoInt=cast(${integration:info[clientClaimInt]} as int)&#10;integrationInfoFloat=cast(${integration:info[clientClaimFloat]} as float)&#10;integrationInfoList0=${integration:info[clientClaimList][0]}&#10;integrationInfoList1=${integration:info[clientClaimList][1]}&#10;integrationInfoList=${integration:info[clientClaimList]}&#10;level2_integrationInfoString=${integration:info[clientClaimLeve2String]}&#10;level2_integrationInfoBoolean=cast(${integration:info[clientClaimLeve2Boolean]} as boolean)&#10;level2_integrationInfoInt=cast(${integration:info[clientClaimLeve2Int]} as int)&#10;level2_integrationInfoFloat=cast(${integration:info[clientClaimLeve2Float]} as float)&#10;level2_integrationInfoList0=cast(${integration:info[clientClaimLeve2List][0]} as int)&#10;level2_integrationInfoList1=cast(${integration:info[clientClaimLeve2List][1]} as int)&#10;level2_integrationInfoList=${integration:info[clientClaimLeve2List]}&#10;level3_integrationInfoString=${integration:info[clientClaimLeve2Complex.clientClaimLeve3String]}&#10;level3_integrationInfoBoolean=cast(${integration:info[clientClaimLeve2Complex.clientClaimLeve3Boolean]} as boolean)&#10;level3_integrationInfoInt=cast(${integration:info[clientClaimLeve2Complex.clientClaimLeve3Int]} as int)&#10;level3_claims_integrationInfoString=${integration:claims[clientClaimComplex.clientClaimLeve2Complex.clientClaimLeve3String]}&#10;level3_claims_integrationInfoBoolean=cast(${integration:claims[clientClaimComplex.clientClaimLeve2Complex.clientClaimLeve3Boolean]} as boolean)&#10;level3_claims_integrationInfoInt=cast(${integration:claims[clientClaimComplex.clientClaimLeve2Complex.clientClaimLeve3Int]} as int)&#10;complex_integrationInfo=${integration:claim(clientClaimLeve2Complex)}&#10;complex_integrationInfoListTest1=cast(${integration:info[clientClaimLeve2Complex.clientClaimLeve4Complex.clientClaimLeve4ListStringInt]} as string array)&#10;complex_integrationInfoListTest2=${integration:claim(clientClaimLeve4ListStringInt)}&#10;optional_integrationInfoString=?{integration:info[clientClaimString]}&#10;optional_integrationInfoBoolean=cast(?{integration:info[clientClaimBoolean]} as boolean)&#10;optional_integrationInfoLong=cast(?{integration:info[clientClaimLong]} as long)&#10;optional_integrationInfoDouble=cast(?{integration:info[clientClaimDouble]} as double)&#10;optional_integrationInfoListTest=cast(?{integration:info[clientClaimLeve2Complex.clientClaimLeve4Complex.clientClaimLeve4ListStringInt]} as string array)&#10;optional_complex_integrationInfo=?{integration:claim(clientClaimLeve2Complex)}&#10;optionalNotFound_integrationInfoString=?{integration:info[clientClaimStringNotExists]}&#10;optionalNotFound_integrationInfoBoolean=cast(?{integration:info[clientClaimBooleanNotExists]} as boolean)&#10;optionalNotFound_integrationInfoLong=cast(?{integration:info[clientClaimLongNotExists]} as long)&#10;optionalNotFound_integrationInfoDouble=cast(?{integration:info[clientClaimDoubleNotExists]} as double)&#10;optionalNotFound_integrationInfoListTest=cast(?{integration:info[clientClaimLeve2Complex.clientClaimLeve4Complex.clientClaimLeve4ListStringIntNotExists]} as string array)&#10;optionalNotFound_complex_integrationInfo=?{integration:claim(clientClaimLeve2ComplexNotExists)}&#10;&#10;"/>
    <protocol-property name="modipaSecurityMessageRequestExp" number-value="300"/>
    <protocol-property name="modipaSecurityMessageResponseAud" boolean-value="true"/>
    <protocol-property name="modipaSecurityMessageResponseAudExpected"/>
    <protocol-property name="modipaSecurityMessageResponseIatMode" value="default"/>
    <protocol-property name="modipaSecurityMessageResponseIatTtl"/>
    <protocol-property name="modipaSecurityMessageRestRequestAlg" value="RS256"/>
    <protocol-property name="modipaSecurityMessageRestRequestDigestEncoding" value="BASE64"/>
    <protocol-property name="modipaSecurityMessageRestRequestX509Cert" value="x5c,x5t"/>
    <protocol-property name="modipaSecurityMessageRestRequestX509CertUseCertificateChain" boolean-value="false"/>
    <protocol-property name="modipaSecurityMessageRestResponseX509Cert" value="x5c,x5t"/>
    <protocol-property name="modipaSecurityMessageRestResponseX509CertAsReq" value="true"/>
    <protocol-property name="modipaSslTruststoreCRLs"/>
    <protocol-property name="modipaSslTruststoreMode" value="default"/>
    <protocol-property name="modipaSslTruststorePassword"/>
    <protocol-property name="modipaSslTruststorePath"/>
    <protocol-property name="modipaSslTruststoreType" value="jks"/>
    <protocol-property name="modipaTruststoreCRLs"/>
    <protocol-property name="modipaTruststoreMode" value="default"/>
    <protocol-property name="modipaTruststorePassword"/>
    <protocol-property name="modipaTruststorePath"/>
    <protocol-property name="modipaTruststoreType" value="jks"/>
</fruitore>
