<?xml version="1.0" encoding="UTF-8" standalone="yes"?>
<accordo-servizio-parte-comune xmlns="http://www.openspcoop2.org/core/registry" service-binding="soap" nome="PagamentiTelematiciRPT" profilo-collaborazione="sincrono" formato-specifica="wsdl11" utilizzo-senza-azione="true" filtro-duplicati="disabilitato" conferma-ricezione="disabilitato" id-collaborazione="disabilitato" id-riferimento-richiesta="disabilitato" consegna-in-ordine="disabilitato" ora-registrazione="2018-07-26T11:35:20.896+02:00" versione="1">
    <soggetto-referente tipo="gw" nome="@OPENSPCOOP2_NOME_SOGGETTO@"/>
    <port-type nome="PagamentiTelematiciRPT" style="document" profilo-collaborazione="sincrono" filtro-duplicati="abilitato">
        <azione nome="nodoChiediCopiaRT" style="document" soap-action="nodoChiediCopiaRT" profilo-collaborazione="sincrono" filtro-duplicati="abilitato">
            <message-input use="literal">
                <part name="bodyrichiesta" element-name="nodoChiediCopiaRT" element-namespace="http://ws.pagamenti.telematici.gov/"/>
            </message-input>
            <message-output use="literal">
                <part name="bodyrisposta" element-name="nodoChiediCopiaRTRisposta" element-namespace="http://ws.pagamenti.telematici.gov/"/>
            </message-output>
        </azione>
        <azione nome="nodoChiediElencoFlussiRendicontazione" style="document" soap-action="nodoChiediElencoFlussiRendicontazione" profilo-collaborazione="sincrono" filtro-duplicati="abilitato">
            <message-input use="literal">
                <part name="parameters" element-name="nodoChiediElencoFlussiRendicontazione" element-namespace="http://ws.pagamenti.telematici.gov/"/>
            </message-input>
            <message-output use="literal">
                <part name="parameters" element-name="nodoChiediElencoFlussiRendicontazioneRisposta" element-namespace="http://ws.pagamenti.telematici.gov/"/>
            </message-output>
        </azione>
        <azione nome="nodoChiediElencoQuadraturePA" style="document" soap-action="nodoChiediElencoQuadraturePA" profilo-collaborazione="sincrono" filtro-duplicati="abilitato">
            <message-input use="literal">
                <part name="bodyrichiesta" element-name="nodoChiediElencoQuadraturePA" element-namespace="http://ws.pagamenti.telematici.gov/"/>
            </message-input>
            <message-output use="literal">
                <part name="bodyrisposta" element-name="nodoChiediElencoQuadraturePARisposta" element-namespace="http://ws.pagamenti.telematici.gov/"/>
            </message-output>
        </azione>
        <azione nome="nodoChiediFlussoRendicontazione" style="document" soap-action="nodoChiediFlussoRendicontazione" profilo-collaborazione="sincrono" filtro-duplicati="abilitato">
            <message-input use="literal">
                <part name="parameters" element-name="nodoChiediFlussoRendicontazione" element-namespace="http://ws.pagamenti.telematici.gov/"/>
            </message-input>
            <message-output use="literal">
                <part name="parameters" element-name="nodoChiediFlussoRendicontazioneRisposta" element-namespace="http://ws.pagamenti.telematici.gov/"/>
            </message-output>
        </azione>
        <azione nome="nodoChiediInformativaPSP" style="document" soap-action="nodoChiediInformativaPSP" profilo-collaborazione="sincrono" filtro-duplicati="abilitato">
            <message-input use="literal">
                <part name="bodyrichiesta" element-name="nodoChiediInformativaPSP" element-namespace="http://ws.pagamenti.telematici.gov/"/>
            </message-input>
            <message-output use="literal">
                <part name="bodyrisposta" element-name="nodoChiediInformativaPSPRisposta" element-namespace="http://ws.pagamenti.telematici.gov/"/>
            </message-output>
        </azione>
        <azione nome="nodoChiediListaPendentiRPT" style="document" soap-action="nodoChiediListaPendentiRPT" profilo-collaborazione="sincrono" filtro-duplicati="abilitato">
            <message-input use="literal">
                <part name="bodyrichiesta" element-name="nodoChiediListaPendentiRPT" element-namespace="http://ws.pagamenti.telematici.gov/"/>
            </message-input>
            <message-output use="literal">
                <part name="bodyrisposta" element-name="nodoChiediListaPendentiRPTRisposta" element-namespace="http://ws.pagamenti.telematici.gov/"/>
            </message-output>
        </azione>
        <azione nome="nodoChiediQuadraturaPA" style="document" soap-action="nodoChiediQuadraturaPA" profilo-collaborazione="sincrono" filtro-duplicati="abilitato">
            <message-input use="literal">
                <part name="parameters" element-name="nodoChiediQuadraturaPA" element-namespace="http://ws.pagamenti.telematici.gov/"/>
            </message-input>
            <message-output use="literal">
                <part name="parameters" element-name="nodoChiediQuadraturaPARisposta" element-namespace="http://ws.pagamenti.telematici.gov/"/>
            </message-output>
        </azione>
        <azione nome="nodoChiediSceltaWISP" style="document" soap-action="nodoChiediSceltaWISP" profilo-collaborazione="sincrono" filtro-duplicati="abilitato">
            <message-input use="literal">
                <part name="bodyrichiesta" element-name="nodoChiediSceltaWISP" element-namespace="http://ws.pagamenti.telematici.gov/"/>
            </message-input>
            <message-output use="literal">
                <part name="bodyrisposta" element-name="nodoChiediSceltaWISPRisposta" element-namespace="http://ws.pagamenti.telematici.gov/"/>
            </message-output>
        </azione>
        <azione nome="nodoChiediStatoRPT" style="document" soap-action="nodoChiediStatoRPT" profilo-collaborazione="sincrono" filtro-duplicati="abilitato">
            <message-input use="literal">
                <part name="bodyrichiesta" element-name="nodoChiediStatoRPT" element-namespace="http://ws.pagamenti.telematici.gov/"/>
            </message-input>
            <message-output use="literal">
                <part name="bodyrisposta" element-name="nodoChiediStatoRPTRisposta" element-namespace="http://ws.pagamenti.telematici.gov/"/>
            </message-output>
        </azione>
        <azione nome="nodoInviaCarrelloRPT" style="document" soap-action="nodoInviaCarrelloRPT" profilo-collaborazione="sincrono" filtro-duplicati="abilitato">
            <message-input use="literal">
                <part name="bodyrichiesta" element-name="nodoInviaCarrelloRPT" element-namespace="http://ws.pagamenti.telematici.gov/"/>
            </message-input>
            <message-output use="literal">
                <part name="bodyrisposta" element-name="nodoInviaCarrelloRPTRisposta" element-namespace="http://ws.pagamenti.telematici.gov/"/>
            </message-output>
        </azione>
        <azione nome="nodoInviaRichiestaStorno" style="document" soap-action="nodoInviaRichiestaStorno" profilo-collaborazione="sincrono" filtro-duplicati="abilitato">
            <message-input use="literal">
                <part name="parameters" element-name="nodoInviaRichiestaStorno" element-namespace="http://ws.pagamenti.telematici.gov/"/>
            </message-input>
            <message-output use="literal">
                <part name="parameters" element-name="nodoInviaRichiestaStornoRisposta" element-namespace="http://ws.pagamenti.telematici.gov/"/>
            </message-output>
        </azione>
        <azione nome="nodoInviaRispostaRevoca" style="document" soap-action="nodoInviaRispostaRevoca" profilo-collaborazione="sincrono" filtro-duplicati="abilitato">
            <message-input use="literal">
                <part name="parameters" element-name="nodoInviaRispostaRevoca" element-namespace="http://ws.pagamenti.telematici.gov/"/>
            </message-input>
            <message-output use="literal">
                <part name="parameters" element-name="nodoInviaRispostaRevocaRisposta" element-namespace="http://ws.pagamenti.telematici.gov/"/>
            </message-output>
        </azione>
        <azione nome="nodoInviaRPT" style="document" soap-action="nodoInviaRPT" profilo-collaborazione="sincrono" filtro-duplicati="abilitato">
            <message-input use="literal">
                <part name="bodyrichiesta" element-name="nodoInviaRPT" element-namespace="http://ws.pagamenti.telematici.gov/"/>
            </message-input>
            <message-output use="literal">
                <part name="bodyrisposta" element-name="nodoInviaRPTRisposta" element-namespace="http://ws.pagamenti.telematici.gov/"/>
            </message-output>
        </azione>
        <azione nome="nodoPAChiediInformativaPA" style="document" soap-action="nodoPAChiediInformativaPA" profilo-collaborazione="sincrono" filtro-duplicati="abilitato">
            <message-input use="literal">
                <part name="bodyrichiesta" element-name="nodoPAChiediInformativaPA" element-namespace="http://ws.pagamenti.telematici.gov/"/>
            </message-input>
            <message-output use="literal">
                <part name="bodyrisposta" element-name="nodoPAChiediInformativaPARisposta" element-namespace="http://ws.pagamenti.telematici.gov/"/>
            </message-output>
        </azione>
    </port-type>
    <allegato tipo="xsd" file="soap11.xsd" ora-registrazione="2018-07-26T14:55:23.885+02:00"/>
    <allegato tipo="xsd" file="WsdlTypes_1.xsd" ora-registrazione="2018-07-26T11:35:20.896+02:00"/>
    <allegato tipo="xsd" file="WsdlTypes_2.xsd" ora-registrazione="2018-07-26T11:35:20.896+02:00"/>
</accordo-servizio-parte-comune>
