<?xml version="1.0" encoding="UTF-8" standalone="yes"?>
<accordo-servizio-parte-specifica xmlns="http://www.openspcoop2.org/core/registry" tipo="modipa" nome="SignalHubTestSOAP11" versione="1" accordo-servizio-parte-comune="modipa/ENTE:SignalHubTestSOAP11:1" tipologia-servizio="normale" port-type="SignalHubTestSOAP" ora-registrazione="2025-06-19T12:21:27.100+02:00" descrizione="">
    <configurazione-servizio>
        <connettore tipo="disabilitato" nome="CNT_modipa/DemoSoggettoErogatore_modipa/SignalHubTestSOAP11/1"/>
    </configurazione-servizio>
    <protocol-property name="modipaInfoGenSignalHub" boolean-value="true"/>
    <protocol-property name="modipaInfoGenSignalHubOp" value="pseudonymization"/>
    <protocol-property name="modipaInfoGenSignalHubAlg" value="SHAKE128"/>
    <protocol-property name="modipaInfoGenSignalHubSeedSize" number-value="16"/>
    <protocol-property name="modipaInfoGenSignalHubSeedLifetime" number-value="1"/>
    <protocol-property name="modipaInfoGenSignalHubPulisherText" value="Pubblicatore"/>
    <protocol-property name="modipaInfoGenSignalHubPulisherRole" value="-"/>
    <protocol-property name="modipaInfoGenEserviceId" value="SignalHubTestSOAP"/>
    <protocol-property name="modipaInfoGenDescriptorId"/>
    <protocol-property name="modipaInfoGenSignalHubPulisherSA" value="SignalHubCryptoInfoBasic"/>
    <proprieta-oggetto utente-richiedente="amministratore" data-creazione="2025-06-19T12:21:27.059+02:00" utente-ultima-modifica="amministratore" data-ultima-modifica="2025-06-23T16:54:15.335+02:00"/>
</accordo-servizio-parte-specifica>
