<?xml version="1.0" encoding="UTF-8" standalone="yes"?>
<ns2:servizio-applicativo xmlns:ns2="http://www.openspcoop2.org/core/config" nome="ApplicativoSoggettoInternoTestGestoreCredenzialiPrincipal_basic" tipo="client" use-as-client="false">
    <ns2:invocazione-porta invio-per-riferimento="disabilitato" sbustamento-informazioni-protocollo="abilitato">
        <ns2:credenziali tipo="basic" user="ApplicativoSoggettoInternoTestGestoreCredenzialiPrincipal" password="$6$IaTYDQaO.Lu2hCaq$6wPO8iNVBmyXtnX4GoSJpz6ppc4fHsIo0kRqOSWUJnZaTLcG8Xc9/oF30iKEW61aAcR9riTwg9gX9a4tmW153/" app-id="false" certificate-strict-verification="true"/>
        <ns2:gestione-errore fault="soap"/>
    </ns2:invocazione-porta>
    <ns2:invocazione-servizio sbustamento-soap="disabilitato" sbustamento-informazioni-protocollo="abilitato" get-message="disabilitato" autenticazione="none" invio-per-riferimento="disabilitato" risposta-per-riferimento="disabilitato">
        <ns2:connettore tipo="disabilitato" nome="ConnettoreINV_ApplicativoSoggettoInternoTestGestoreCredenzialiPrincipal_basic_gwSoggettoInternoTestGestoreCredenzialePrincipal"/>
    </ns2:invocazione-servizio>
    <ns2:risposta-asincrona sbustamento-soap="disabilitato" sbustamento-informazioni-protocollo="abilitato" get-message="disabilitato" autenticazione="none" invio-per-riferimento="disabilitato" risposta-per-riferimento="disabilitato">
        <ns2:connettore tipo="disabilitato" nome="ConnettoreRISP_ApplicativoSoggettoInternoTestGestoreCredenzialiPrincipal_basic_gwSoggettoInternoTestGestoreCredenzialePrincipal"/>
    </ns2:risposta-asincrona>
</ns2:servizio-applicativo>
