<?xml version="1.0" encoding="UTF-8" standalone="yes"?>
<ns2:porta-delegata xmlns:ns2="http://www.openspcoop2.org/core/config" nome="__gw_SoggettoInternoTestAutenticazioneHttpsOcsp/gw_SoggettoInternoTest/gw_TestOCSPAutenticazioneHTTPS/v1__Specific1" descrizione="Internal Subscription 'Specific1' for gw_SoggettoInternoTestAutenticazioneHttpsOcsp/gw_SoggettoInternoTest/gw_TestOCSPAutenticazioneHTTPS/v1" autenticazione="ssl" autorizzazione="none" ricevuta-asincrona-simmetrica="abilitato" ricevuta-asincrona-asimmetrica="abilitato" allega-body="disabilitato" scarta-body="disabilitato" ricerca-porta-azione-delegata="disabilitato" stato="abilitato">
    <ns2:soggetto-erogatore tipo="gw" nome="SoggettoInternoTest"/>
    <ns2:servizio tipo="gw" nome="TestOCSPAutenticazioneHTTPS" versione="1"/>
    <ns2:azione identificazione="delegatedBy" nome-porta-delegante="gw_SoggettoInternoTestAutenticazioneHttpsOcsp/gw_SoggettoInternoTest/gw_TestOCSPAutenticazioneHTTPS/v1" force-interface-based="disabilitato">
        <ns2:azione-delegata>case2</ns2:azione-delegata>
        <ns2:azione-delegata>case2-revoked</ns2:azione-delegata>
    </ns2:azione>
    <ns2:proprieta nome="authentication.https.truststore" valore="/etc/govway/keys/ocsp/ca_TEST.jks"/>
    <ns2:proprieta nome="authentication.https.truststore.enabled" valore="true"/>
    <ns2:proprieta nome="authentication.https.truststore.ocspPolicy" valore="signedByResponderCertificate_case2"/>
    <ns2:proprieta nome="authentication.https.truststore.password" valore="123456"/>
    <ns2:proprieta nome="authentication.https.truststore.type" valore="JKS"/>
</ns2:porta-delegata>
