<?xml version="1.0" encoding="UTF-8" standalone="yes"?>
<accordo-servizio-parte-comune xmlns="http://www.openspcoop2.org/core/registry" service-binding="rest" nome="ApiDemoNonBlockingRestPull" descrizione="Questo file descrive semplicemente i metodi di un'API&#10;e non indica tutte le informazioni di metadatazione che&#10;normalmente vanno inserite." profilo-collaborazione="sincrono" formato-specifica="openApi3" utilizzo-senza-azione="true" filtro-duplicati="disabilitato" conferma-ricezione="disabilitato" id-collaborazione="disabilitato" id-riferimento-richiesta="disabilitato" consegna-in-ordine="disabilitato" ora-registrazione="2020-09-25T13:24:35.459+02:00" versione="1">
    <soggetto-referente tipo="modipa" nome="ENTE"/>
    <resource nome="POST_tasks.queue" path="/tasks/queue" method="POST" filtro-duplicati="disabilitato" conferma-ricezione="disabilitato" consegna-in-ordine="disabilitato">
        <request>
            <representation media-type="application/json" nome="MType" representation-type="json">
                <json tipo="MType"/>
            </representation>
        </request>
        <response descrizione="Errore inatteso. Questo viene ritornato nel caso ci sia&#10;un errore inatteso. Non vanno mai esposti i dati interni&#10;del server." status="-2">
            <representation media-type="application/json" nome="response_POST__tasks_queue_default_application_json" representation-type="json">
                <json tipo="ErrorMessage"/>
            </representation>
        </response>
        <response descrizione="Preso carico correttamente" status="202">
            <parameter nome="Location" descrizione="URL dove verificare lo stato" parameter-type="header" required="true" tipo="uri" restrizioni="type=string; format=uri"/>
        </response>
        <response descrizione="Richiesta non accoglibile" status="400">
            <representation media-type="application/json" nome="response_POST__tasks_queue_400_application_json" representation-type="json">
                <json tipo="ErrorMessage"/>
            </representation>
        </response>
        <protocol-property name="modipaInteractionAsyncActionRequest"/>
        <protocol-property name="modipaInteractionAsyncApiRequest"/>
        <protocol-property name="modipaInteractionAsyncProfile" value="PULL"/>
        <protocol-property name="modipaInteractionAsyncRole" value="Richiesta"/>
        <protocol-property name="modipaInteractionAsyncServiceRequest"/>
        <protocol-property name="modipaInteractionProfile" value="nonBloccante"/>
        <protocol-property name="modipaSecurityMessageCorniceSicurezza" boolean-value="false"/>
        <protocol-property name="modipaSecurityMessageProfile"/>
        <protocol-property name="modipaSecurityMessageProfileActionMode" value="default"/>
        <protocol-property name="modipaSecurityMessageRequestDigest" boolean-value="false"/>
    </resource>
    <resource nome="GET_tasks.queue.id_task" path="/tasks/queue/{id_task}" method="GET" filtro-duplicati="disabilitato" conferma-ricezione="disabilitato" consegna-in-ordine="disabilitato">
        <request>
            <parameter nome="id_task" parameter-type="dynamicPath" required="true" tipo="string" restrizioni="type=string"/>
        </request>
        <response descrizione="Errore inatteso. Questo viene ritornato nel caso ci sia&#10;un errore inatteso. Non vanno mai esposti i dati interni&#10;del server." status="-2">
            <representation media-type="application/json" nome="response_GET__tasks_queue_{id_task}__default_application_json" representation-type="json">
                <json tipo="ErrorMessage"/>
            </representation>
        </response>
        <response descrizione="Lo stato del task o della risorsa." status="200">
            <representation media-type="application/json" nome="response_GET__tasks_queue_{id_task}__200_application_json" representation-type="json">
                <json tipo="TaskStatus"/>
            </representation>
        </response>
        <response descrizione="Task Completato" status="303">
            <parameter nome="Location" descrizione="URL dove prelevare il risultato" parameter-type="header" required="true" tipo="uri" restrizioni="type=string; format=uri"/>
            <representation media-type="application/json" nome="response_GET__tasks_queue_{id_task}__303_application_json" representation-type="json">
                <json tipo="TaskStatus"/>
            </representation>
        </response>
        <response descrizione="Richiesta non accoglibile" status="400">
            <representation media-type="application/json" nome="response_GET__tasks_queue_{id_task}__400_application_json" representation-type="json">
                <json tipo="ErrorMessage"/>
            </representation>
        </response>
        <response descrizione="Identificativo non trovato" status="404">
            <representation media-type="application/json" nome="response_GET__tasks_queue_{id_task}__404_application_json" representation-type="json">
                <json tipo="ErrorMessage"/>
            </representation>
        </response>
        <protocol-property name="modipaInteractionAsyncActionRequest" value="POST_tasks.queue"/>
        <protocol-property name="modipaInteractionAsyncApiRequest"/>
        <protocol-property name="modipaInteractionAsyncProfile" value="PULL"/>
        <protocol-property name="modipaInteractionAsyncRole" value="RichiestaStato"/>
        <protocol-property name="modipaInteractionAsyncServiceRequest"/>
        <protocol-property name="modipaInteractionProfile" value="nonBloccante"/>
        <protocol-property name="modipaSecurityMessageCorniceSicurezza" boolean-value="false"/>
        <protocol-property name="modipaSecurityMessageProfile"/>
        <protocol-property name="modipaSecurityMessageProfileActionMode" value="default"/>
        <protocol-property name="modipaSecurityMessageRequestDigest" boolean-value="false"/>
    </resource>
    <resource nome="GET_tasks.result.id_task" path="/tasks/result/{id_task}" method="GET" filtro-duplicati="disabilitato" conferma-ricezione="disabilitato" consegna-in-ordine="disabilitato">
        <request>
            <parameter nome="id_task" parameter-type="dynamicPath" required="true" tipo="string" restrizioni="type=string"/>
        </request>
        <response descrizione="Errore inatteso. Questo viene ritornato nel caso ci sia&#10;un errore inatteso. Non vanno mai esposti i dati interni&#10;del server." status="-2">
            <representation media-type="application/json" nome="response_GET__tasks_result_{id_task}__default_application_json" representation-type="json">
                <json tipo="ErrorMessage"/>
            </representation>
        </response>
        <response descrizione="Il risultato del task o la risorsa" status="200">
            <representation media-type="application/json" nome="response_GET__tasks_result_{id_task}__200_application_json" representation-type="json">
                <json tipo="MResponseType"/>
            </representation>
        </response>
        <response descrizione="Richiesta non accoglibile" status="400">
            <representation media-type="application/json" nome="response_GET__tasks_result_{id_task}__400_application_json" representation-type="json">
                <json tipo="ErrorMessage"/>
            </representation>
        </response>
        <response descrizione="Identificativo non trovato" status="404">
            <representation media-type="application/json" nome="response_GET__tasks_result_{id_task}__404_application_json" representation-type="json">
                <json tipo="ErrorMessage"/>
            </representation>
        </response>
        <protocol-property name="modipaInteractionAsyncActionRequest" value="POST_tasks.queue"/>
        <protocol-property name="modipaInteractionAsyncApiRequest"/>
        <protocol-property name="modipaInteractionAsyncProfile" value="PULL"/>
        <protocol-property name="modipaInteractionAsyncRole" value="Risposta"/>
        <protocol-property name="modipaInteractionAsyncServiceRequest"/>
        <protocol-property name="modipaInteractionProfile" value="nonBloccante"/>
        <protocol-property name="modipaSecurityMessageCorniceSicurezza" boolean-value="false"/>
        <protocol-property name="modipaSecurityMessageProfile"/>
        <protocol-property name="modipaSecurityMessageProfileActionMode" value="default"/>
        <protocol-property name="modipaSecurityMessageRequestDigest" boolean-value="false"/>
    </resource>
    <protocol-property name="modipaSecurityChannelProfile" value="idac01"/>
    <protocol-property name="modipaSecurityMessageCorniceSicurezza" boolean-value="false"/>
    <protocol-property name="modipaSecurityMessageProfile" value="-"/>
    <protocol-property name="modipaSecurityMessageRequestDigest" boolean-value="false"/>
</accordo-servizio-parte-comune>
