<?xml version="1.0" encoding="UTF-8" standalone="yes"?>
<fruitore xmlns="http://www.openspcoop2.org/core/registry" tipo="gw" nome="SoggettoInternoVaultTestFruitore" ora-registrazione="2024-06-28T12:18:31.940+02:00">
    <connettore tipo="http" nome="CNT_SF_gw/SoggettoInternoVaultTestFruitore_gw/SoggettoInternoVaultTest_gw/VaultTestConnettori/1">
        <property nome="location" valore="http://127.0.0.1:8080/TestService/echo?checkEqualsHttpHeader=GovWay-TestSuite-IDOP:http"/>
        <property nome="user" valore="VaultTestConnettoreHttpFruitore"/>
        <property nome="password" valore="PasswordVaultTestConnettoreHttpFruitore"/>
    </connettore>
    <configurazione-azione>
        <connettore tipo="http" nome="CNT_SF_AZIONE_gw/SoggettoInternoVaultTestFruitore_gw/SoggettoInternoVaultTest_gw/VaultTestConnettori/1_http2">
            <property nome="location" valore="http://127.0.0.1:8080/TestService/echo?checkEqualsHttpHeader=GovWay-TestSuite-IDOP:http2"/>
            <property nome="user" valore="VaultTestConnettoreHttpRidefinitoFruitore"/>
            <property nome="password" valore="PasswordVaultTestConnettoreHttpRidefinitoFruitore"/>
        </connettore>
        <azione>http2</azione>
    </configurazione-azione>
    <proprieta-oggetto utente-richiedente="amministratore" data-creazione="2024-06-28T12:18:31.954+02:00" utente-ultima-modifica="amministratore" data-ultima-modifica="2024-06-28T12:23:10.964+02:00"/>
</fruitore>
