<?xml version="1.0" encoding="UTF-8" standalone="yes"?>
<fruitore xmlns="http://www.openspcoop2.org/core/registry" tipo="gw" nome="SoggettoInternoVaultTestFruitore" ora-registrazione="2024-06-28T14:21:09.271+02:00">
    <connettore tipo="http" nome="CNT_SF_gw/SoggettoInternoVaultTestFruitore_gw/SoggettoInternoVaultTest_gw/VaultTestConnettori/1">
        <property nome="location" valore="http://127.0.0.1:8080/TestService/echo?checkEqualsHttpHeader=Authorization:Basic%20VmF1bHRUZXN0Q29ubmV0dG9yZUh0dHBGcnVpdG9yZTpQYXNzd29yZFZhdWx0VGVzdENvbm5ldHRvcmVIdHRwRnJ1aXRvcmU=&amp;checkEqualsQueryParameter=govwayTestSuite_IDOP:http"/>
        <property nome="user" valore="VaultTestConnettoreHttpFruitore"/>
        <property nome="password" valore="PasswordVaultTestConnettoreHttpFruitore"/>
    </connettore>
    <configurazione-azione>
        <connettore tipo="http" nome="CNT_SF_AZIONE_gw/SoggettoInternoVaultTestFruitore_gw/SoggettoInternoVaultTest_gw/VaultTestConnettori/1_http2">
            <property nome="location" valore="http://127.0.0.1:8080/TestService/echo?checkEqualsHttpHeader=Authorization:Basic%20VmF1bHRUZXN0Q29ubmV0dG9yZUh0dHBSaWRlZmluaXRvRnJ1aXRvcmU6UGFzc3dvcmRWYXVsdFRlc3RDb25uZXR0b3JlSHR0cFJpZGVmaW5pdG9GcnVpdG9yZQ==&amp;checkEqualsQueryParameter=govwayTestSuite_IDOP:http2"/>
            <property nome="user" valore="VaultTestConnettoreHttpRidefinitoFruitore"/>
            <property nome="password" valore="PasswordVaultTestConnettoreHttpRidefinitoFruitore"/>
        </connettore>
        <azione>http2</azione>
    </configurazione-azione>
    <configurazione-azione>
        <connettore tipo="https" nome="CNT_SF_AZIONE_gw/SoggettoInternoVaultTestFruitore_gw/SoggettoInternoVaultTest_gw/VaultTestConnettori/1_https">
            <property nome="debug" valore="false"/>
            <property nome="location" valore="https://127.0.0.1:8445/TestService/echo?checkEqualsHttpHeader=Authorization:Basic%20VmF1bHRUZXN0Q29ubmV0dG9yZUh0dHBzUmlkZWZpbml0b0ZydWl0b3JlOlBhc3N3b3JkVmF1bHRUZXN0Q29ubmV0dG9yZUh0dHBzUmlkZWZpbml0b0ZydWl0b3Jl&amp;checkEqualsQueryParameter=govwayTestSuite_IDOP:https"/>
            <property nome="user" valore="VaultTestConnettoreHttpsRidefinitoFruitore"/>
            <property nome="password" valore="PasswordVaultTestConnettoreHttpsRidefinitoFruitore"/>
            <property nome="sslType" valore="TLSv1.3"/>
            <property nome="hostnameVerifier" valore="false"/>
            <property nome="trustAllCerts" valore="false"/>
            <property nome="trustStoreLocation" valore="/etc/govway/keys/erogatore.jks"/>
            <property nome="trustStoreType" valore="jks"/>
            <property nome="trustStorePassword" valore="openspcoop"/>
            <property nome="trustManagementAlgorithm" valore="PKIX"/>
        </connettore>
        <azione>https</azione>
    </configurazione-azione>
    <proprieta-oggetto utente-richiedente="amministratore" data-creazione="2024-06-28T12:18:31.954+02:00" utente-ultima-modifica="amministratore" data-ultima-modifica="2024-06-28T14:27:27.894+02:00"/>
</fruitore>
