<?xml version="1.0" encoding="UTF-8" standalone="yes"?>
<accordo-servizio-parte-specifica xmlns="http://www.openspcoop2.org/core/registry" tipo="modipa" nome="DemoNegoziazioneTokenSicurezzaMessaggioSOAPViaTokenPolicyKeystoreSenzaPassword" versione="1" accordo-servizio-parte-comune="modipa/ENTE:DemoNegoziazioneTokenSicurezzaMessaggioSOAPViaTokenPolicyKeystoreSenzaPassword:1" tipologia-servizio="normale" port-type="DemoNegoziazioneTokenSicurezzaMessaggioSOAPViaTokenPolicyKeystoreSenzaPassword" ora-registrazione="2025-04-01T15:25:58.241+02:00">
    <configurazione-servizio>
        <connettore tipo="disabilitato" nome="CNT_modipa/DemoSoggettoErogatore_modipa/DemoNegoziazioneTokenSicurezzaMessaggioSOAPViaTokenPolicyKeystoreSenzaPassword/1"/>
    </configurazione-servizio>
    <protocol-property name="modipaSecurityMessageRequestAud" value="DemoNegoziazioneTokenSicurezzaMessaggioSOAPViaTokenPolicyKeystoreSenzaPassword"/>
    <protocol-property name="modipaSecurityMessageRequestDuplicateJti" value="modi"/>
    <protocol-property name="modipaSecurityMessageRequestIatMode" value="default"/>
    <protocol-property name="modipaSecurityMessageRequestIatTtl"/>
    <protocol-property name="modipaTruststoreCRLs"/>
    <protocol-property name="modipaTruststoreMode" value="ridefinisci"/>
    <protocol-property name="modipaTruststoreOCSP"/>
    <protocol-property name="modipaTruststorePassword" value="123456"/>
    <protocol-property name="modipaTruststorePath" value="/etc/govway/keys/xca/trustStore_certificati.jks"/>
    <protocol-property name="modipaTruststoreType" value="jks"/>
    <proprieta-oggetto utente-richiedente="amministratore" data-creazione="2025-04-01T15:25:58.190+02:00" utente-ultima-modifica="amministratore" data-ultima-modifica="2025-04-01T15:56:14.484+02:00"/>
</accordo-servizio-parte-specifica>
