<?xml version="1.0" encoding="UTF-8" standalone="yes"?>
<fruitore xmlns="http://www.openspcoop2.org/core/registry" tipo="modipa" nome="DemoSoggettoFruitore" ora-registrazione="2025-05-22T11:25:22.063+02:00">
    <connettore tipo="http" nome="CNT_SF_modipa/DemoSoggettoFruitore_modipa/DemoSoggettoErogatore_modipa/SimulazionePDNDProduzioneTokenKid/1">
        <property nome="tokenPolicy" valore="SimulazionePDNDProduzioneTokenKid-Internal"/>
        <property nome="location" valore="http://127.0.0.1:8080/TestService/echo?replyHttpHeader=token-authorization-demo"/>
    </connettore>
    <configurazione-azione>
        <connettore tipo="http" nome="CNT_SF_AZIONE_modipa/DemoSoggettoFruitore_modipa/DemoSoggettoErogatore_modipa/SimulazionePDNDProduzioneTokenKid/1_authToken">
            <property nome="location" valore="http://127.0.0.1:8080/TestService/echo"/>
        </connettore>
        <azione>authToken</azione>
    </configurazione-azione>
    <configurazione-azione>
        <connettore tipo="http" nome="CNT_SF_AZIONE_modipa/DemoSoggettoFruitore_modipa/DemoSoggettoErogatore_modipa/SimulazionePDNDProduzioneTokenKid/1_authPrincipalReadDigest">
            <property nome="location" valore="http://localhost:8080/govway/rest/out/DemoSoggettoFruitore/DemoSoggettoErogatore/SimulazionePDNDProduzioneTokenKid/v1/authPrincipal"/>
        </connettore>
        <azione>authPrincipalReadDigest</azione>
    </configurazione-azione>
    <protocol-property name="modipaKeyAlias"/>
    <protocol-property name="modipaKeyPassword"/>
    <protocol-property name="modipaKeystoreCertMode" value="default"/>
    <protocol-property name="modipaKeystoreFruizioneMode" value="applicativo"/>
    <protocol-property name="modipaKeystoreKeyPairAlgo" value="RSA"/>
    <protocol-property name="modipaKeystoreMode" value="path"/>
    <protocol-property name="modipaKeystorePassword"/>
    <protocol-property name="modipaKeystorePath"/>
    <protocol-property name="modipaKeystorePathPublicKey"/>
    <protocol-property name="modipaKeystoreType" value="jks"/>
    <protocol-property name="modipaSecurityMessageHttpHeaders" value="Digest,Content-Type,Content-Encoding"/>
    <protocol-property name="modipaSecurityMessageRequestAud" value="${header:simulazionepdnd-audience}"/>
    <protocol-property name="modipaSecurityMessageRequestClaims" value="purposeId=${header:simulazionepdnd-purposeId}&#10;digest=?{header:simulazionepdnd-digest}"/>
    <protocol-property name="modipaSecurityMessageRequestExp" number-value="300"/>
    <protocol-property name="modipaSecurityMessageRestRequestAlg" value="RS256"/>
    <protocol-property name="modipaSecurityMessageRestRequestDigestEncoding" value="BASE64"/>
    <protocol-property name="modipaSecurityMessageRestRequestX509Url"/>
    <proprieta-oggetto utente-richiedente="amministratore" data-creazione="2025-05-22T11:25:22.063+02:00"/>
</fruitore>
