<?xml version="1.0" encoding="UTF-8" standalone="yes"?>
<fruitore xmlns="http://www.openspcoop2.org/core/registry" tipo="modipa" nome="DemoSoggettoFruitore" ora-registrazione="2023-05-25T17:43:17.793+02:00">
    <connettore tipo="http" nome="CNT_SF_modipa/DemoSoggettoFruitore_modipa/DemoSoggettoErogatore_modipa/SoapBlockingAuditRest01-X509/1">
        <property nome="tokenPolicy" valore="SimulazionePDNDProduzioneTokenKid"/>
        <property nome="location" valore="http://localhost:8090"/>
    </connettore>
    <configurazione-azione>
        <connettore tipo="http" nome="CNT_SF_AZIONE_modipa/DemoSoggettoFruitore_modipa/DemoSoggettoErogatore_modipa/SoapBlockingAuditRest01-X509/1_idar01.locale">
            <property nome="location" valore="http://localhost:8090"/>
        </connettore>
        <azione>idar01.locale</azione>
        <azione>idar03.locale</azione>
    </configurazione-azione>
    <protocol-property name="modipaKeyAlias"/>
    <protocol-property name="modipaKeyPassword"/>
    <protocol-property name="modipaKeystoreCertMode" value="default"/>
    <protocol-property name="modipaKeystoreFruizioneMode" value="applicativo"/>
    <protocol-property name="modipaKeystoreKeyPairAlgo" value="RSA"/>
    <protocol-property name="modipaKeystoreMode" value="path"/>
    <protocol-property name="modipaKeystorePassword"/>
    <protocol-property name="modipaKeystorePath"/>
    <protocol-property name="modipaKeystorePathPublicKey"/>
    <protocol-property name="modipaKeystoreType" value="jks"/>
    <protocol-property name="modipaSecurityMessageCorniceSicurezzaSchemaModeLoA" value="ridefinisci"/>
    <protocol-property name="modipaSecurityMessageCorniceSicurezzaSchemaModeuserID" value="ridefinisci"/>
    <protocol-property name="modipaSecurityMessageCorniceSicurezzaSchemaModeuserLocation" value="ridefinisci"/>
    <protocol-property name="modipaSecurityMessageCorniceSicurezzaSchemaValueLoA" value="livello-autenticazione-utente-token-ridefinito"/>
    <protocol-property name="modipaSecurityMessageCorniceSicurezzaSchemaValueuserID" value="utente-token-ridefinito"/>
    <protocol-property name="modipaSecurityMessageCorniceSicurezzaSchemaValueuserLocation" value="ip-utente-token-ridefinito"/>
    <protocol-property name="modipaSecurityMessageRequestAud" value="SoapBlockingAuditRest01-X509/v1"/>
    <protocol-property name="modipaSecurityMessageRequestAuditAud" value="SoapBlockingAuditRest01-X509-AUDIT/v1"/>
    <protocol-property name="modipaSecurityMessageRequestAuditAudMode" value="different"/>
    <protocol-property name="modipaSecurityMessageRequestExp" number-value="300"/>
    <protocol-property name="modipaSecurityMessageSoapHeaders"/>
    <protocol-property name="modipaSecurityMessageSoapRequestAlg" value="http://www.w3.org/2001/04/xmldsig-more#rsa-sha256"/>
    <protocol-property name="modipaSecurityMessageSoapRequestCanonicalizationAlg" value="http://www.w3.org/2001/10/xml-exc-c14n#"/>
    <protocol-property name="modipaSecurityMessageSoapRequestX509Cert" value="DirectReference"/>
    <protocol-property name="modipaSecurityMessageSoapRequestX509CertIncludeSignatureToken" boolean-value="false"/>
    <protocol-property name="modipaSecurityMessageSoapRequestX509CertUseCertificateChain" boolean-value="false"/>
</fruitore>
