<openspcoop2 xmlns="http://www.openspcoop2.org/core/config">

	<soggetto xmlns="http://www.openspcoop2.org/core/config" tipo="gw" nome="SOGGETTO_LOCALE">

		<ns2:porta-applicativa xmlns:ns2="http://www.openspcoop2.org/core/config" nome="gw_SOGGETTO_LOCALE/gw_api-rest-status/v1" descrizione="Service implementation gw/SOGGETTO_LOCALE:gw/api-rest-status:1" ricevuta-asincrona-simmetrica="abilitato" ricevuta-asincrona-asimmetrica="abilitato" allega-body="disabilitato" scarta-body="disabilitato" autenticazione="ssl" autenticazione-opzionale="disabilitato" autorizzazione="authenticated" ricerca-porta-azione-delegata="abilitato" stato="abilitato">
		    <ns2:servizio tipo="gw" nome="api-rest-status" versione="1"/>
		    <ns2:azione identificazione="interfaceBased" force-interface-based="abilitato"/>
		    <ns2:servizio-applicativo nome="gw_SOGGETTO_LOCALE/gw_api-rest-status/v1"/>
		    <ns2:validazione-contenuti-applicativi stato="abilitato" tipo="interface" accept-mtom-message="disabilitato"/>
		    <ns2:tracciamento esiti="1,3,4,5,6,7,9,10,11,13,14,15,16,17,18,20,22,23,24,25,26,27,29,30,31,32,33,36,37,41,42,43,44,45,46"/>
		    <ns2:trasformazioni>
			<ns2:regola nome="Status" posizione="1" stato="abilitato">
			    <ns2:richiesta conversione="false"/>
			    <ns2:risposta nome="Ok" posizione="1" conversione="true" conversione-tipo="template" content-type="application/problem+json">
				<ns2:conversione-template>ewogICJ0eXBlIjogImh0dHBzOi8vaHR0cHN0YXR1c2VzLmNvbS8yMDAiLAogICJ0aXRsZSI6ICJTdWNjZXNzIiwKICAic3RhdHVzIjogMjAwLAogICJkZXRhaWwiOiAiSWwgc2Vydml6aW8gZnVuemlvbmEgY29ycmV0dGFtZW50ZSIKfQo=</ns2:conversione-template>
				<ns2:applicabilita>
				    <ns2:return-code-min>200</ns2:return-code-min>
				    <ns2:return-code-max>200</ns2:return-code-max>
				</ns2:applicabilita>
			    </ns2:risposta>
			</ns2:regola>
		    </ns2:trasformazioni>
		</ns2:porta-applicativa>

		<ns2:servizio-applicativo xmlns:ns2="http://www.openspcoop2.org/core/config" nome="gw_SOGGETTO_LOCALE/gw_api-rest-status/v1">
		    <ns2:invocazione-servizio sbustamento-soap="disabilitato" sbustamento-informazioni-protocollo="abilitato" get-message="disabilitato" autenticazione="basic" invio-per-riferimento="disabilitato" risposta-per-riferimento="disabilitato">
			<ns2:connettore tipo="null" nome="ConnettoreINV_gw_SOGGETTO_LOCALE/gw_api-rest-status/v1_gwSOGGETTO_LOCALE"/>
		    </ns2:invocazione-servizio>
		    <ns2:risposta-asincrona sbustamento-soap="disabilitato" sbustamento-informazioni-protocollo="abilitato" get-message="disabilitato" autenticazione="none" invio-per-riferimento="disabilitato" risposta-per-riferimento="disabilitato">
			<ns2:connettore tipo="disabilitato" nome="ConnettoreRISP_gw_SOGGETTO_LOCALE/gw_api-rest-status/v1_gwSOGGETTO_LOCALE"/>
		    </ns2:risposta-asincrona>
		</ns2:servizio-applicativo>

	</soggetto>

</openspcoop2>
