<registro-servizi xmlns="http://www.openspcoop2.org/core/registry">

	<accordo-servizio-parte-comune xmlns="http://www.openspcoop2.org/core/registry" service-binding="rest" nome="api-rest-status" descrizione="Monitoraggio dello stato di GovWay" profilo-collaborazione="sincrono" formato-specifica="openApi3" utilizzo-senza-azione="true" filtro-duplicati="disabilitato" conferma-ricezione="disabilitato" id-collaborazione="disabilitato" id-riferimento-richiesta="disabilitato" consegna-in-ordine="disabilitato" ora-registrazione="2020-11-30T17:08:17.695+01:00" versione="1">
	    <soggetto-referente tipo="gw" nome="SOGGETTO_LOCALE"/>

    <resource nome="GET_status" path="/status" method="GET" filtro-duplicati="disabilitato" conferma-ricezione="disabilitato" id-collaborazione="disabilitato" id-riferimento-richiesta="disabilitato" consegna-in-ordine="disabilitato">
        <request/>
        <response descrizione="Il server ha riscontrato un problema.&#10;" status="-2">
            <representation media-type="application/problem+json" nome="response_GET__status_default_application_problem+json" representation-type="json">
                <json tipo="Problem"/>
            </representation>
        </response>
        <response descrizione="Il servizio funziona correttamente.&#10;" status="200">
            <representation media-type="application/problem+json" nome="response_GET__status_200_application_problem+json" representation-type="json">
                <json tipo="Problem"/>
            </representation>
        </response>
    </resource>
    <gruppi>
        <gruppo nome="API-GovWay"/>
    </gruppi>
	</accordo-servizio-parte-comune>

	<gruppo xmlns="http://www.openspcoop2.org/core/registry" nome="API-GovWay" />

	<soggetto xmlns="http://www.openspcoop2.org/core/registry" tipo="gw" nome="SOGGETTO_LOCALE">

		<accordo-servizio-parte-specifica xmlns="http://www.openspcoop2.org/core/registry" tipo="gw" nome="api-rest-status" versione="1" accordo-servizio-parte-comune="gw/SOGGETTO_LOCALE:api-rest-status:1" tipologia-servizio="normale" ora-registrazione="2019-04-11T16:05:44.698+02:00" descrizione="">
		    <configurazione-servizio>
			<connettore tipo="disabilitato" nome="CNT_gw/SOGGETTO_LOCALE_gw/api-rest-status/1"/>
		    </configurazione-servizio>
		</accordo-servizio-parte-specifica>

	</soggetto>

</registro-servizi>
