<?xml version="1.0" encoding="UTF-8" standalone="yes"?>
<accordo-servizio-parte-comune xmlns="http://www.openspcoop2.org/core/registry" service-binding="rest" nome="VaultTestDPoP" profilo-collaborazione="sincrono" formato-specifica="openApi3" utilizzo-senza-azione="true" filtro-duplicati="disabilitato" conferma-ricezione="disabilitato" id-collaborazione="disabilitato" id-riferimento-richiesta="disabilitato" consegna-in-ordine="disabilitato" ora-registrazione="2026-01-26T10:44:04.876+01:00" versione="1">
    <soggetto-referente tipo="modipa" nome="ENTE"/>
    <resource nome="archivio" path="/archivio" filtro-duplicati="disabilitato" conferma-ricezione="disabilitato" consegna-in-ordine="disabilitato">
        <request/>
        <protocol-property name="modipaInteractionAsyncActionRequest" value="-"/>
        <protocol-property name="modipaInteractionAsyncApiRequest" value="-"/>
        <protocol-property name="modipaInteractionAsyncProfile" value="PUSH"/>
        <protocol-property name="modipaInteractionAsyncProfile__LABEL"/>
        <protocol-property name="modipaInteractionAsyncRole" value="Richiesta"/>
        <protocol-property name="modipaInteractionAsyncRole__LABEL"/>
        <protocol-property name="modipaInteractionAsyncServiceRequest" value="-"/>
        <protocol-property name="modipaInteractionProfile" value="crud"/>
        <protocol-property name="modipaInteractionProfile__LABEL"/>
        <protocol-property name="modipaSecurityMessageConfig"/>
        <protocol-property name="modipaSecurityMessageCorniceSicurezza" boolean-value="false"/>
        <protocol-property name="modipaSecurityMessageCorniceSicurezzaOpzionale" boolean-value="false"/>
        <protocol-property name="modipaSecurityMessageCorniceSicurezzaPattern"/>
        <protocol-property name="modipaSecurityMessageCorniceSicurezzaSchema"/>
        <protocol-property name="modipaSecurityMessageHeaderCustomMode"/>
        <protocol-property name="modipaSecurityMessageHeaderCustomName"/>
        <protocol-property name="modipaSecurityMessageHeaderName"/>
        <protocol-property name="modipaSecurityMessageProfile"/>
        <protocol-property name="modipaSecurityMessageProfileActionMode" value="default"/>
        <protocol-property name="modipaSecurityMessageRequestDigest" boolean-value="false"/>
        <protocol-property name="modipaSecurityMessageSorgenteToken"/>
        <protocol-property name="modipaSecurityRequest"/>
        <protocol-property name="modipaSecurityRequestContentType"/>
        <protocol-property name="modipaSecurityResponse"/>
        <protocol-property name="modipaSecurityResponseContentType"/>
        <protocol-property name="modipaSecurityResponseReturnCode"/>
    </resource>
    <resource nome="path" path="/path" filtro-duplicati="disabilitato" conferma-ricezione="disabilitato" consegna-in-ordine="disabilitato">
        <request/>
        <protocol-property name="modipaInteractionAsyncActionRequest" value="-"/>
        <protocol-property name="modipaInteractionAsyncApiRequest" value="-"/>
        <protocol-property name="modipaInteractionAsyncProfile" value="PUSH"/>
        <protocol-property name="modipaInteractionAsyncProfile__LABEL"/>
        <protocol-property name="modipaInteractionAsyncRole" value="Richiesta"/>
        <protocol-property name="modipaInteractionAsyncRole__LABEL"/>
        <protocol-property name="modipaInteractionAsyncServiceRequest" value="-"/>
        <protocol-property name="modipaInteractionProfile" value="crud"/>
        <protocol-property name="modipaInteractionProfile__LABEL"/>
        <protocol-property name="modipaSecurityMessageConfig"/>
        <protocol-property name="modipaSecurityMessageCorniceSicurezza" boolean-value="false"/>
        <protocol-property name="modipaSecurityMessageCorniceSicurezzaOpzionale" boolean-value="false"/>
        <protocol-property name="modipaSecurityMessageCorniceSicurezzaPattern"/>
        <protocol-property name="modipaSecurityMessageCorniceSicurezzaSchema"/>
        <protocol-property name="modipaSecurityMessageHeaderCustomMode"/>
        <protocol-property name="modipaSecurityMessageHeaderCustomName"/>
        <protocol-property name="modipaSecurityMessageHeaderName"/>
        <protocol-property name="modipaSecurityMessageProfile"/>
        <protocol-property name="modipaSecurityMessageProfileActionMode" value="default"/>
        <protocol-property name="modipaSecurityMessageRequestDigest" boolean-value="false"/>
        <protocol-property name="modipaSecurityMessageSorgenteToken"/>
        <protocol-property name="modipaSecurityRequest"/>
        <protocol-property name="modipaSecurityRequestContentType"/>
        <protocol-property name="modipaSecurityResponse"/>
        <protocol-property name="modipaSecurityResponseContentType"/>
        <protocol-property name="modipaSecurityResponseReturnCode"/>
    </resource>
    <resource nome="token" path="/token" filtro-duplicati="disabilitato" conferma-ricezione="disabilitato" consegna-in-ordine="disabilitato">
        <request/>
        <protocol-property name="modipaInteractionAsyncActionRequest" value="-"/>
        <protocol-property name="modipaInteractionAsyncApiRequest" value="-"/>
        <protocol-property name="modipaInteractionAsyncProfile" value="PUSH"/>
        <protocol-property name="modipaInteractionAsyncProfile__LABEL"/>
        <protocol-property name="modipaInteractionAsyncRole" value="Richiesta"/>
        <protocol-property name="modipaInteractionAsyncRole__LABEL"/>
        <protocol-property name="modipaInteractionAsyncServiceRequest" value="-"/>
        <protocol-property name="modipaInteractionProfile" value="crud"/>
        <protocol-property name="modipaInteractionProfile__LABEL"/>
        <protocol-property name="modipaSecurityMessageConfig"/>
        <protocol-property name="modipaSecurityMessageCorniceSicurezza" boolean-value="false"/>
        <protocol-property name="modipaSecurityMessageCorniceSicurezzaOpzionale" boolean-value="false"/>
        <protocol-property name="modipaSecurityMessageCorniceSicurezzaPattern"/>
        <protocol-property name="modipaSecurityMessageCorniceSicurezzaSchema"/>
        <protocol-property name="modipaSecurityMessageHeaderCustomMode"/>
        <protocol-property name="modipaSecurityMessageHeaderCustomName"/>
        <protocol-property name="modipaSecurityMessageHeaderName"/>
        <protocol-property name="modipaSecurityMessageProfile"/>
        <protocol-property name="modipaSecurityMessageProfileActionMode" value="default"/>
        <protocol-property name="modipaSecurityMessageRequestDigest" boolean-value="false"/>
        <protocol-property name="modipaSecurityMessageSorgenteToken"/>
        <protocol-property name="modipaSecurityRequest"/>
        <protocol-property name="modipaSecurityRequestContentType"/>
        <protocol-property name="modipaSecurityResponse"/>
        <protocol-property name="modipaSecurityResponseContentType"/>
        <protocol-property name="modipaSecurityResponseReturnCode"/>
    </resource>
    <protocol-property name="modipaSecurityChannelProfile" value="idac01"/>
    <protocol-property name="modipaSecurityMessageConfig" value="richiesta"/>
    <protocol-property name="modipaSecurityMessageCorniceSicurezza" boolean-value="false"/>
    <protocol-property name="modipaSecurityMessageCorniceSicurezzaOpzionale" boolean-value="false"/>
    <protocol-property name="modipaSecurityMessageCorniceSicurezzaPattern"/>
    <protocol-property name="modipaSecurityMessageCorniceSicurezzaSchema"/>
    <protocol-property name="modipaSecurityMessageHeaderCustomMode"/>
    <protocol-property name="modipaSecurityMessageHeaderCustomName"/>
    <protocol-property name="modipaSecurityMessageHeaderName" value="authorization"/>
    <protocol-property name="modipaSecurityMessageProfile" value="idam01"/>
    <protocol-property name="modipaSecurityMessageRequestDigest" boolean-value="false"/>
    <protocol-property name="modipaSecurityMessageSorgenteToken" value="oauth"/>
    <protocol-property name="modipaSecurityRequest"/>
    <protocol-property name="modipaSecurityRequestContentType"/>
    <protocol-property name="modipaSecurityResponse"/>
    <protocol-property name="modipaSecurityResponseContentType"/>
    <protocol-property name="modipaSecurityResponseReturnCode"/>
    <gruppi>
        <gruppo nome="secrets-vault"/>
    </gruppi>
    <proprieta-oggetto utente-richiedente="amministratore" data-creazione="2026-01-26T10:44:04.846+01:00" utente-ultima-modifica="amministratore" data-ultima-modifica="2026-01-26T11:09:34.742+01:00"/>
</accordo-servizio-parte-comune>
