<?xml version="1.0" encoding="UTF-8" standalone="yes"?>
<ns2:servizio-applicativo xmlns:ns2="http://www.openspcoop2.org/core/config" nome="ApplicativoBlockingIDA01ExampleClientToken3" tipo="client" use-as-client="false">
    <ns2:invocazione-porta invio-per-riferimento="disabilitato" sbustamento-informazioni-protocollo="abilitato">
        <ns2:credenziali tipo="basic" user="ApplicativoBlockingIDA01ExampleClientToken3" password="$6$tMxztNVel1a.m2ou$Tqu6v.qS/9rgFq8rF.v.GcweHZ6HP090Clf6Voz.t7tugR80pQwgqIArtmJ/YicdmZegd7J10Nvh.Jiel4coq/" app-id="false" certificate-strict-verification="true"/>
        <ns2:ruoli>
            <ns2:ruolo nome="ModIRuolo2FonteRegistro"/>
        </ns2:ruoli>
        <ns2:gestione-errore fault="soap"/>
    </ns2:invocazione-porta>
    <ns2:invocazione-servizio sbustamento-soap="disabilitato" sbustamento-informazioni-protocollo="abilitato" get-message="disabilitato" autenticazione="none" invio-per-riferimento="disabilitato" risposta-per-riferimento="disabilitato">
        <ns2:connettore tipo="disabilitato" nome="ConnettoreINV_ApplicativoBlockingIDA01ExampleClientToken3_modipaDemoSoggettoFruitore"/>
    </ns2:invocazione-servizio>
    <ns2:risposta-asincrona sbustamento-soap="disabilitato" sbustamento-informazioni-protocollo="abilitato" get-message="disabilitato" autenticazione="none" invio-per-riferimento="disabilitato" risposta-per-riferimento="disabilitato">
        <ns2:connettore tipo="disabilitato" nome="ConnettoreRISP_ApplicativoBlockingIDA01ExampleClientToken3_modipaDemoSoggettoFruitore"/>
    </ns2:risposta-asincrona>
    <ns2:protocol-property name="modipaKeyAlias"/>
    <ns2:protocol-property name="modipaKeyCNIssuer"/>
    <ns2:protocol-property name="modipaKeyCNSubject"/>
    <ns2:protocol-property name="modipaKeyPassword"/>
    <ns2:protocol-property name="modipaKeystoreMode" value="archive"/>
    <ns2:protocol-property name="modipaKeystorePassword"/>
    <ns2:protocol-property name="modipaKeystorePath"/>
    <ns2:protocol-property name="modipaKeystoreType" value="jks"/>
    <ns2:protocol-property name="modipaSecurityMessage" boolean-value="false"/>
    <ns2:protocol-property name="modipaSecurityMessageResponseAud"/>
    <ns2:protocol-property name="modipaSecurityMessageRestRequestX509Url"/>
    <ns2:protocol-property name="modipaSecurityToken" boolean-value="true"/>
    <ns2:protocol-property name="modipaSecurityTokenClientId" value="DemoSoggettoFruitore/ApplicativoBlockingIDA01ExampleClientToken3"/>
    <ns2:protocol-property name="modipaSecurityTokenPolicy" value="MODI-Fruitore-ValidazioneTokenAuthorization"/>
</ns2:servizio-applicativo>
