<?xml version="1.0" encoding="UTF-8" standalone="yes"?>
<ns2:servizio-applicativo xmlns:ns2="http://www.openspcoop2.org/core/config" nome="ApplicativoBlockingIDA01ExampleClient2" tipo="client" use-as-client="false">
    <ns2:invocazione-porta invio-per-riferimento="disabilitato" sbustamento-informazioni-protocollo="abilitato">
        <ns2:credenziali tipo="basic" user="ApplicativoBlockingIDA01ExampleClient2" password="$6$D7cfv9a/RwQPaDKp$lkMlLz85gPmtZXveRm1hTjUSXu2BFEqeiGXfKzL5hwJ9EIHS1odhcsoQFzXSBGwl.DLH1.xDy9gbofaiqCQhq/" app-id="false" certificate-strict-verification="true"/>
        <ns2:gestione-errore fault="soap" fault-actor="" generic-fault-code="disabilitato" prefix-fault-code=""/>
    </ns2:invocazione-porta>
    <ns2:invocazione-servizio sbustamento-soap="disabilitato" sbustamento-informazioni-protocollo="abilitato" get-message="disabilitato" autenticazione="none" invio-per-riferimento="disabilitato" risposta-per-riferimento="disabilitato">
        <ns2:connettore tipo="disabilitato" nome="ConnettoreINV_ApplicativoBlockingIDA01ExampleClient2_modipaDemoSoggettoFruitore"/>
    </ns2:invocazione-servizio>
    <ns2:risposta-asincrona sbustamento-soap="disabilitato" sbustamento-informazioni-protocollo="abilitato" get-message="disabilitato" autenticazione="none" invio-per-riferimento="disabilitato" risposta-per-riferimento="disabilitato">
        <ns2:connettore tipo="disabilitato" nome="ConnettoreRISP_ApplicativoBlockingIDA01ExampleClient2_modipaDemoSoggettoFruitore"/>
    </ns2:risposta-asincrona>
    <ns2:proprieta nome="pCustom" valore="exampleClient2PCustom"/>
    <ns2:protocol-property name="modipaSecurityMessage" boolean-value="true"/>
    <ns2:protocol-property name="modipaKeystoreMode" value="archive"/>
    <ns2:protocol-property name="modipaKeystoreArchive" file="ExampleClient2.p12"/>
    <ns2:protocol-property name="modipaKeystorePath"/>
    <ns2:protocol-property name="modipaKeystoreType" value="pkcs12"/>
    <ns2:protocol-property name="modipaKeystorePassword" value="123456"/>
    <ns2:protocol-property name="modipaKeyAlias" value="ExampleClient2"/>
    <ns2:protocol-property name="modipaKeyPassword" value="123456"/>
    <ns2:protocol-property name="modipaKeyCNSubject" value="CN=ExampleClient2, O=Example, L=Pisa, ST=Italy, C=IT"/>
    <ns2:protocol-property name="modipaKeyCNIssuer" value="CN=ExampleCA, O=Example, L=Pisa, ST=Italy, C=IT"/>
    <ns2:protocol-property name="modipaSecurityMessageResponseAud" value="http://client2"/>
    <ns2:protocol-property name="modipaSecurityMessageRestRequestX509Url" value="http://localhost:8080/ExampleClient2.crt"/>
</ns2:servizio-applicativo>
