<?xml version="1.0" encoding="UTF-8" standalone="yes"?>
<ns2:servizio-applicativo xmlns:ns2="http://www.openspcoop2.org/core/config" nome="ApplicativoBlockingIDA01ExampleClient3" tipo="client" use-as-client="false">
    <ns2:invocazione-porta invio-per-riferimento="disabilitato" sbustamento-informazioni-protocollo="abilitato">
        <ns2:credenziali tipo="basic" user="ApplicativoBlockingIDA01ExampleClient3" password="$6$Oeoglxs9w.ZND3lL$oNBRv4BW3Xvt.4Exolks8gK8TPbR7Qx6B80mJlPwJGfXPuXdYHB2YTgKU1XEwVtFx4Do2cDyVOkLBOk5656l21" app-id="false" certificate-strict-verification="true"/>
        <ns2:ruoli>
            <ns2:ruolo nome="ModIRuolo2FonteRegistro"/>
        </ns2:ruoli>
        <ns2:gestione-errore fault="soap" generic-fault-code="disabilitato"/>
    </ns2:invocazione-porta>
    <ns2:invocazione-servizio sbustamento-soap="disabilitato" sbustamento-informazioni-protocollo="abilitato" get-message="disabilitato" autenticazione="none" invio-per-riferimento="disabilitato" risposta-per-riferimento="disabilitato">
        <ns2:connettore tipo="disabilitato" nome="ConnettoreINV_ApplicativoBlockingIDA01ExampleClient3_modipaDemoSoggettoFruitore"/>
    </ns2:invocazione-servizio>
    <ns2:risposta-asincrona sbustamento-soap="disabilitato" sbustamento-informazioni-protocollo="abilitato" get-message="disabilitato" autenticazione="none" invio-per-riferimento="disabilitato" risposta-per-riferimento="disabilitato">
        <ns2:connettore tipo="disabilitato" nome="ConnettoreRISP_ApplicativoBlockingIDA01ExampleClient3_modipaDemoSoggettoFruitore"/>
    </ns2:risposta-asincrona>
    <ns2:protocol-property name="modipaKeyAlias" value="ExampleClient3"/>
    <ns2:protocol-property name="modipaKeyCNIssuer" value="CN=ExampleCA, O=Example, L=Pisa, ST=Italy, C=IT"/>
    <ns2:protocol-property name="modipaKeyCNSubject" value="CN=ExampleClient3, O=Example, L=Pisa, ST=Italy, C=IT"/>
    <ns2:protocol-property name="modipaKeyPassword" value="123456"/>
    <ns2:protocol-property name="modipaKeystoreCertificate" file="ExampleClient3.crt"/>
    <ns2:protocol-property name="modipaKeystoreMode" value="path"/>
    <ns2:protocol-property name="modipaKeystorePassword" value="123456"/>
    <ns2:protocol-property name="modipaKeystorePath" value="/etc/govway/keys/xca/ExampleClient3.p12"/>
    <ns2:protocol-property name="modipaKeystoreType" value="pkcs12"/>
    <ns2:protocol-property name="modipaSecurityMessage" boolean-value="true"/>
    <ns2:protocol-property name="modipaSecurityMessageResponseAud"/>
    <ns2:protocol-property name="modipaSecurityMessageRestRequestX509Url"/>
    <ns2:protocol-property name="modipaSecurityToken" boolean-value="true"/>
    <ns2:protocol-property name="modipaSecurityTokenClientId" value="DemoSoggettoFruitore/ApplicativoBlockingIDA01ExampleClient3"/>
    <ns2:protocol-property name="modipaSecurityTokenPolicy" value="MODI-Fruitore-ValidazioneTokenAuthorization"/>
</ns2:servizio-applicativo>
