<?xml version="1.0" encoding="UTF-8" standalone="yes"?>
<ns2:servizio-applicativo xmlns:ns2="http://www.openspcoop2.org/core/config" nome="ApplicativoBlockingIDA01ExampleClient1ConClientIdTokenClient2" tipo="client" use-as-client="false">
    <ns2:invocazione-porta invio-per-riferimento="disabilitato" sbustamento-informazioni-protocollo="abilitato">
        <ns2:credenziali tipo="basic" user="ApplicativoBlockingIDA01ExampleClient1ConClientIdTokenClient2" password="$6$TRtMDAAPxMC1/9Fs$V8ZI3hL8O83dSaOZy6g2.zAXuqR7.4T6K8pr9/hgxlY3CkSXv9xdMeRkRc1KfpiOqcumrSvt6TjZIbzd7r2bC/" app-id="false" certificate-strict-verification="true"/>
        <ns2:gestione-errore fault="soap" generic-fault-code="disabilitato"/>
    </ns2:invocazione-porta>
    <ns2:invocazione-servizio sbustamento-soap="disabilitato" sbustamento-informazioni-protocollo="abilitato" get-message="disabilitato" autenticazione="none" invio-per-riferimento="disabilitato" risposta-per-riferimento="disabilitato">
        <ns2:connettore tipo="disabilitato" nome="ConnettoreINV_ApplicativoBlockingIDA01ExampleClient1ConClientIdTokenClient2_modipaDemoSoggettoFruitore"/>
    </ns2:invocazione-servizio>
    <ns2:risposta-asincrona sbustamento-soap="disabilitato" sbustamento-informazioni-protocollo="abilitato" get-message="disabilitato" autenticazione="none" invio-per-riferimento="disabilitato" risposta-per-riferimento="disabilitato">
        <ns2:connettore tipo="disabilitato" nome="ConnettoreRISP_ApplicativoBlockingIDA01ExampleClient1ConClientIdTokenClient2_modipaDemoSoggettoFruitore"/>
    </ns2:risposta-asincrona>
    <ns2:protocol-property name="modipaKeyAlias" value="ExampleClient1"/>
    <ns2:protocol-property name="modipaKeyCNIssuer"/>
    <ns2:protocol-property name="modipaKeyCNSubject"/>
    <ns2:protocol-property name="modipaKeyPassword" value="123456"/>
    <ns2:protocol-property name="modipaKeystoreMode" value="path"/>
    <ns2:protocol-property name="modipaKeystorePassword" value="123456"/>
    <ns2:protocol-property name="modipaKeystorePath" value="/etc/govway/keys/xca/ExampleClient1.p12"/>
    <ns2:protocol-property name="modipaKeystoreType" value="pkcs12"/>
    <ns2:protocol-property name="modipaSecurityMessage" boolean-value="true"/>
    <ns2:protocol-property name="modipaSecurityMessageResponseAud" value="http://client2"/>
    <ns2:protocol-property name="modipaSecurityMessageRestRequestX509Url"/>
    <ns2:protocol-property name="modipaSecurityToken" boolean-value="false"/>
    <ns2:protocol-property name="modipaSecurityTokenClientId"/>
    <ns2:protocol-property name="modipaSecurityTokenPolicy"/>
</ns2:servizio-applicativo>
