<?xml version="1.0" encoding="UTF-8" standalone="yes"?>
<ns2:servizio-applicativo xmlns:ns2="http://www.openspcoop2.org/core/config" nome="ApplicativoBlockingJWK" tipo="client" use-as-client="false">
    <ns2:invocazione-porta invio-per-riferimento="disabilitato" sbustamento-informazioni-protocollo="abilitato">
        <ns2:credenziali tipo="basic" user="ApplicativoBlockingJWK" password="$6$k5Dv7.eUws.r/uWd$negNe4wcbWmuFtUhaCJ24JSPfa7o9nVjh0TQ7AYziTwDjXlAgDC6MQhqh.qrAi/l762lVgX6MiWnGFqwjEul8/" app-id="false" certificate-strict-verification="true"/>
        <ns2:gestione-errore fault="soap" generic-fault-code="disabilitato"/>
    </ns2:invocazione-porta>
    <ns2:invocazione-servizio sbustamento-soap="disabilitato" sbustamento-informazioni-protocollo="abilitato" get-message="disabilitato" autenticazione="none" invio-per-riferimento="disabilitato" risposta-per-riferimento="disabilitato">
        <ns2:connettore tipo="disabilitato" nome="ConnettoreINV_ApplicativoBlockingJWK_modipaDemoSoggettoFruitore"/>
    </ns2:invocazione-servizio>
    <ns2:risposta-asincrona sbustamento-soap="disabilitato" sbustamento-informazioni-protocollo="abilitato" get-message="disabilitato" autenticazione="none" invio-per-riferimento="disabilitato" risposta-per-riferimento="disabilitato">
        <ns2:connettore tipo="disabilitato" nome="ConnettoreRISP_ApplicativoBlockingJWK_modipaDemoSoggettoFruitore"/>
    </ns2:risposta-asincrona>
    <ns2:protocol-property name="modipaKeyAlias" value="de606068-01cb-49a5-824d-fb171b5d5ae4"/>
    <ns2:protocol-property name="modipaKeyCNIssuer"/>
    <ns2:protocol-property name="modipaKeyCNSubject"/>
    <ns2:protocol-property name="modipaKeyPassword"/>
    <ns2:protocol-property name="modipaKeystoreKeyPairAlgo" value="RSA"/>
    <ns2:protocol-property name="modipaKeystoreMode" value="path"/>
    <ns2:protocol-property name="modipaKeystorePassword"/>
    <ns2:protocol-property name="modipaKeystorePath" value="/etc/govway/keys/testJWKprivate.jwk"/>
    <ns2:protocol-property name="modipaKeystorePathPublicKey"/>
    <ns2:protocol-property name="modipaKeystoreType" value="jwk"/>
    <ns2:protocol-property name="modipaSecurityMessage" boolean-value="true"/>
    <ns2:protocol-property name="modipaSecurityMessageResponseAud"/>
    <ns2:protocol-property name="modipaSecurityMessageRestRequestX509Url"/>
    <ns2:protocol-property name="modipaSecurityToken" boolean-value="true"/>
    <ns2:protocol-property name="modipaSecurityTokenClientId" value="DemoSoggettoFruitore/KidOnly/ApplicativoBlockingJWK"/>
    <ns2:protocol-property name="modipaSecurityTokenKID" value="KID-ApplicativoBlockingJWK"/>
    <ns2:protocol-property name="modipaSecurityTokenPolicy" value="SimulazionePDND-JWK"/>
</ns2:servizio-applicativo>
