<?xml version="1.0" encoding="UTF-8" standalone="yes"?>
<ns2:servizio-applicativo xmlns:ns2="http://www.openspcoop2.org/core/config" nome="ExampleExternalClient3-SimulazionePDND-JWK-Interno" tipo="client" use-as-client="false">
    <ns2:invocazione-porta invio-per-riferimento="disabilitato" sbustamento-informazioni-protocollo="abilitato">
        <ns2:credenziali tipo="basic" user="ExampleExternalClient3-SimulazionePDND-JWK-Interno" password="$6$bRhdnqscGhvW5lZX$Wny3Af5mH6J5y35JUuT923qlco7x92VxSityfETf2oFA.7wucBe1uX3vCjYWlvp6yVAo4cQevVSfLmLJUv1zu0" app-id="false" certificate-strict-verification="true"/>
        <ns2:gestione-errore fault="soap"/>
    </ns2:invocazione-porta>
    <ns2:invocazione-servizio sbustamento-soap="disabilitato" sbustamento-informazioni-protocollo="abilitato" get-message="disabilitato" autenticazione="none" invio-per-riferimento="disabilitato" risposta-per-riferimento="disabilitato">
        <ns2:connettore tipo="disabilitato" nome="ConnettoreINV_ExampleExternalClient3-SimulazionePDND-JWK-Interno_modipaDemoSoggettoFruitore"/>
    </ns2:invocazione-servizio>
    <ns2:risposta-asincrona sbustamento-soap="disabilitato" sbustamento-informazioni-protocollo="abilitato" get-message="disabilitato" autenticazione="none" invio-per-riferimento="disabilitato" risposta-per-riferimento="disabilitato">
        <ns2:connettore tipo="disabilitato" nome="ConnettoreRISP_ExampleExternalClient3-SimulazionePDND-JWK-Interno_modipaDemoSoggettoFruitore"/>
    </ns2:risposta-asincrona>
    <ns2:protocol-property name="modipaKeyAlias"/>
    <ns2:protocol-property name="modipaKeyCNIssuer"/>
    <ns2:protocol-property name="modipaKeyCNSubject"/>
    <ns2:protocol-property name="modipaKeyPassword"/>
    <ns2:protocol-property name="modipaKeystoreKeyPairAlgo" value="RSA"/>
    <ns2:protocol-property name="modipaKeystoreMode" value="path"/>
    <ns2:protocol-property name="modipaKeystorePassword"/>
    <ns2:protocol-property name="modipaKeystorePath" value="/etc/govway/keys/xca/ExampleExternalClient3.key"/>
    <ns2:protocol-property name="modipaKeystorePathPublicKey" value="/etc/govway/keys/xca/ExampleExternalClient3.crt"/>
    <ns2:protocol-property name="modipaKeystoreType" value="keys"/>
    <ns2:protocol-property name="modipaSecurityMessage" boolean-value="true"/>
    <ns2:protocol-property name="modipaSecurityMessageResponseAud"/>
    <ns2:protocol-property name="modipaSecurityMessageRestRequestX509Url"/>
    <ns2:protocol-property name="modipaSecurityToken" boolean-value="true"/>
    <ns2:protocol-property name="modipaSecurityTokenClientId" value="ExampleExternalClient3-SimulazionePDND-JWK"/>
    <ns2:protocol-property name="modipaSecurityTokenKID" value="KID-ExampleExternalClient3"/>
    <ns2:protocol-property name="modipaSecurityTokenPolicy" value="-"/>
</ns2:servizio-applicativo>
