<?xml version="1.0" encoding="UTF-8" standalone="yes"?>
<ns2:servizio-applicativo xmlns:ns2="http://www.openspcoop2.org/core/config" nome="ExampleExternalClient1-SimulazionePDND-JWK" tipo="client" use-as-client="false">
    <ns2:invocazione-porta invio-per-riferimento="disabilitato" sbustamento-informazioni-protocollo="abilitato">
        <ns2:credenziali tipo="basic" user="ExampleExternalClient1-SimulazionePDND-JWK" password="$6$A.gVDdkvWtnPnL0a$kcxwMVLpECw0dTVSwkpCIVkdV.Z37TiCPh4OkVqT0nddmI0eyOug3dWWHL/lKSD7fQtOQ.XcE51nqZ.npxxnm." app-id="false" certificate-strict-verification="true"/>
        <ns2:gestione-errore fault="soap"/>
    </ns2:invocazione-porta>
    <ns2:invocazione-servizio sbustamento-soap="disabilitato" sbustamento-informazioni-protocollo="abilitato" get-message="disabilitato" autenticazione="none" invio-per-riferimento="disabilitato" risposta-per-riferimento="disabilitato">
        <ns2:connettore tipo="disabilitato" nome="ConnettoreINV_ExampleExternalClient1-SimulazionePDND-JWK_modipaDemoSoggettoFruitore"/>
    </ns2:invocazione-servizio>
    <ns2:risposta-asincrona sbustamento-soap="disabilitato" sbustamento-informazioni-protocollo="abilitato" get-message="disabilitato" autenticazione="none" invio-per-riferimento="disabilitato" risposta-per-riferimento="disabilitato">
        <ns2:connettore tipo="disabilitato" nome="ConnettoreRISP_ExampleExternalClient1-SimulazionePDND-JWK_modipaDemoSoggettoFruitore"/>
    </ns2:risposta-asincrona>
    <ns2:protocol-property name="modipaKeyAlias" value="ExampleExternalClient1"/>
    <ns2:protocol-property name="modipaKeyCNIssuer"/>
    <ns2:protocol-property name="modipaKeyCNSubject"/>
    <ns2:protocol-property name="modipaKeyPassword" value="123456"/>
    <ns2:protocol-property name="modipaKeystoreKeyPairAlgo"/>
    <ns2:protocol-property name="modipaKeystoreMode" value="path"/>
    <ns2:protocol-property name="modipaKeystorePassword" value="123456"/>
    <ns2:protocol-property name="modipaKeystorePath" value="/etc/govway/keys/xca/ExampleExternalClient1.p12"/>
    <ns2:protocol-property name="modipaKeystorePathPublicKey"/>
    <ns2:protocol-property name="modipaKeystoreType" value="pkcs12"/>
    <ns2:protocol-property name="modipaSecurityMessage" boolean-value="true"/>
    <ns2:protocol-property name="modipaSecurityMessageResponseAud"/>
    <ns2:protocol-property name="modipaSecurityMessageRestRequestX509Url"/>
    <ns2:protocol-property name="modipaSecurityToken" boolean-value="true"/>
    <ns2:protocol-property name="modipaSecurityTokenClientId" value="ExampleExternalClient1-SimulazionePDND-JWK"/>
    <ns2:protocol-property name="modipaSecurityTokenKID" value="KID-ExampleExternalClient1"/>
    <ns2:protocol-property name="modipaSecurityTokenPolicy" value="SimulazionePDND-JWK"/>
</ns2:servizio-applicativo>
