<?xml version="1.0" encoding="UTF-8" standalone="yes"?>
<ns2:servizio-applicativo xmlns:ns2="http://www.openspcoop2.org/core/config" nome="PKCS11-Client2HSM" tipo="client" use-as-client="false">
    <ns2:invocazione-porta invio-per-riferimento="disabilitato" sbustamento-informazioni-protocollo="abilitato">
        <ns2:credenziali tipo="basic" user="PKCS11-Client2HSM" password="$6$s//vP9C13FfCnL9/$uNtpLW07XSKawR6vfKKbqiaL8bUhjHhp9K8xC9pbdSFFOYKFz2rjiPurnuO3AWku0zc5/5oZzE0ie3DOR.1Xi1" app-id="false" certificate-strict-verification="true"/>
        <ns2:gestione-errore fault="soap" generic-fault-code="disabilitato"/>
    </ns2:invocazione-porta>
    <ns2:invocazione-servizio sbustamento-soap="disabilitato" sbustamento-informazioni-protocollo="abilitato" get-message="disabilitato" autenticazione="none" invio-per-riferimento="disabilitato" risposta-per-riferimento="disabilitato">
        <ns2:connettore tipo="disabilitato" nome="ConnettoreINV_PKCS11-Client2HSM_modipaDemoSoggettoFruitore"/>
    </ns2:invocazione-servizio>
    <ns2:risposta-asincrona sbustamento-soap="disabilitato" sbustamento-informazioni-protocollo="abilitato" get-message="disabilitato" autenticazione="none" invio-per-riferimento="disabilitato" risposta-per-riferimento="disabilitato">
        <ns2:connettore tipo="disabilitato" nome="ConnettoreRISP_PKCS11-Client2HSM_modipaDemoSoggettoFruitore"/>
    </ns2:risposta-asincrona>
    <ns2:protocol-property name="modipaKeyAlias" value="modi_client2_hsm"/>
    <ns2:protocol-property name="modipaKeyCNIssuer" value="CN=ExampleModIClient2HSM, OU=Test, O=Test, L=Pisa, ST=Italy, C=IT"/>
    <ns2:protocol-property name="modipaKeyCNSubject" value="CN=ExampleModIClient2HSM, OU=Test, O=Test, L=Pisa, ST=Italy, C=IT"/>
    <ns2:protocol-property name="modipaKeyPassword"/>
    <ns2:protocol-property name="modipaKeystoreCertificate" file="modi_client2_hsm.pem"/>
    <ns2:protocol-property name="modipaKeystoreMode" value="hsm"/>
    <ns2:protocol-property name="modipaKeystorePassword"/>
    <ns2:protocol-property name="modipaKeystorePath"/>
    <ns2:protocol-property name="modipaKeystoreType" value="pkcs11-modi-client"/>
    <ns2:protocol-property name="modipaSecurityMessage" boolean-value="true"/>
    <ns2:protocol-property name="modipaSecurityMessageResponseAud"/>
    <ns2:protocol-property name="modipaSecurityMessageRestRequestX509Url"/>
</ns2:servizio-applicativo>
