<?xml version="1.0" encoding="UTF-8" standalone="yes"?>
<fruitore xmlns="http://www.openspcoop2.org/core/registry" tipo="modipa" nome="DemoSoggettoFruitore" ora-registrazione="2023-05-25T17:39:40.654+02:00">
    <connettore tipo="http" nome="CNT_SF_modipa/DemoSoggettoFruitore_modipa/DemoSoggettoErogatore_modipa/SoapBlockingAuditRest01-JWK/1">
        <property nome="tokenPolicy" valore="SimulazionePDNDProduzioneTokenKid"/>
        <property nome="location" valore="http://localhost:8090"/>
    </connettore>
    <protocol-property name="modipaKeyAlias"/>
    <protocol-property name="modipaKeyPassword"/>
    <protocol-property name="modipaKeystoreCertMode" value="default"/>
    <protocol-property name="modipaKeystoreFruizioneMode" value="applicativo"/>
    <protocol-property name="modipaKeystoreKeyPairAlgo" value="RSA"/>
    <protocol-property name="modipaKeystoreMode" value="path"/>
    <protocol-property name="modipaKeystorePassword"/>
    <protocol-property name="modipaKeystorePath"/>
    <protocol-property name="modipaKeystorePathPublicKey"/>
    <protocol-property name="modipaKeystoreType" value="jks"/>
    <protocol-property name="modipaSecurityMessageCorniceSicurezzaSchemaModeLoA" value="default"/>
    <protocol-property name="modipaSecurityMessageCorniceSicurezzaSchemaModeuserID" value="default"/>
    <protocol-property name="modipaSecurityMessageCorniceSicurezzaSchemaModeuserLocation" value="default"/>
    <protocol-property name="modipaSecurityMessageCorniceSicurezzaSchemaValueLoA"/>
    <protocol-property name="modipaSecurityMessageCorniceSicurezzaSchemaValueuserID"/>
    <protocol-property name="modipaSecurityMessageCorniceSicurezzaSchemaValueuserLocation"/>
    <protocol-property name="modipaSecurityMessageRequestAud" value="SoapBlockingAuditRest01-JWK/v1"/>
    <protocol-property name="modipaSecurityMessageRequestAuditAud"/>
    <protocol-property name="modipaSecurityMessageRequestAuditAudMode" value="same"/>
    <protocol-property name="modipaSecurityMessageRequestExp" number-value="300"/>
    <protocol-property name="modipaSecurityMessageSoapHeaders"/>
    <protocol-property name="modipaSecurityMessageSoapRequestAlg" value="http://www.w3.org/2001/04/xmldsig-more#rsa-sha256"/>
    <protocol-property name="modipaSecurityMessageSoapRequestCanonicalizationAlg" value="http://www.w3.org/2001/10/xml-exc-c14n#"/>
    <protocol-property name="modipaSecurityMessageSoapRequestX509Cert" value="DirectReference"/>
    <protocol-property name="modipaSecurityMessageSoapRequestX509CertIncludeSignatureToken" boolean-value="false"/>
    <protocol-property name="modipaSecurityMessageSoapRequestX509CertUseCertificateChain" boolean-value="false"/>
</fruitore>
