<?xml version="1.0" encoding="UTF-8" standalone="yes"?>
<fruitore xmlns="http://www.openspcoop2.org/core/registry" tipo="modipa" nome="DemoSoggettoFruitore" ora-registrazione="2025-06-19T12:23:33.434+02:00">
    <connettore tipo="http" nome="CNT_SF_modipa/DemoSoggettoFruitore_modipa/DemoSoggettoErogatore_modipa/SignalHubTestSOAP11/1">
        <property nome="tokenPolicy" valore="SimulazionePDNDProduzioneTokenKid-PurposeId"/>
        <property nome="location" valore="https://Erogatore:8445/govway/soap/in/DemoSoggettoErogatore/SignalHubTestSOAP11/v1/pseudonymization"/>
    </connettore>
    <protocol-property name="modipaSecurityOauthKid"/>
    <protocol-property name="modipaSecurityOauthId"/>
    <protocol-property name="modipaKeystoreCertMode" value="-"/>
    <protocol-property name="modipaKeystoreMode"/>
    <protocol-property name="modipaKeystoreType"/>
    <protocol-property name="modipaKeystorePath"/>
    <protocol-property name="modipaKeystorePathPublicKey"/>
    <protocol-property name="modipaKeystoreKeyPairAlgo"/>
    <protocol-property name="modipaKeystorePassword"/>
    <protocol-property name="modipaKeyAlias"/>
    <protocol-property name="modipaKeyPassword"/>
    <protocol-property name="modipaKeystoreByokPolicy"/>
    <proprieta-oggetto utente-richiedente="amministratore" data-creazione="2025-06-19T12:23:33.456+02:00" utente-ultima-modifica="amministratore" data-ultima-modifica="2025-06-20T11:18:19.605+02:00"/>
</fruitore>
