<?xml version="1.0" encoding="UTF-8" standalone="yes"?>
<accordo-servizio-parte-comune xmlns="http://www.openspcoop2.org/core/registry" service-binding="soap" nome="NodeForPa" profilo-collaborazione="sincrono" formato-specifica="wsdl11" utilizzo-senza-azione="true" filtro-duplicati="disabilitato" conferma-ricezione="disabilitato" consegna-in-ordine="disabilitato" ora-registrazione="2023-09-18T18:13:00.215+02:00" versione="1">
    <soggetto-referente tipo="modipa" nome="@OPENSPCOOP2_NOME_SOGGETTO_DEFAULT@"/>
    <port-type nome="nodeForPa" style="document" profilo-collaborazione="sincrono" filtro-duplicati="abilitato">
        <azione nome="nodoChiediElencoFlussiRendicontazione" soap-action="nodoChiediElencoFlussiRendicontazione" profilo-collaborazione="sincrono" filtro-duplicati="abilitato">
            <message-input use="literal" soap-namespace="http://pagopa-api.pagopa.gov.it/node/nodeForPa.xsd">
                <part name="bodyrequest" element-name="nodoChiediElencoFlussiRendicontazione" element-namespace="http://ws.pagamenti.telematici.gov/"/>
            </message-input>
            <message-output use="literal" soap-namespace="http://pagopa-api.pagopa.gov.it/node/nodeForPa.xsd">
                <part name="bodyresponse" element-name="nodoChiediElencoFlussiRendicontazioneRisposta" element-namespace="http://ws.pagamenti.telematici.gov/"/>
            </message-output>
        </azione>
        <azione nome="nodoChiediFlussoRendicontazione" soap-action="nodoChiediFlussoRendicontazione" profilo-collaborazione="sincrono" filtro-duplicati="abilitato">
            <message-input use="literal" soap-namespace="http://pagopa-api.pagopa.gov.it/node/nodeForPa.xsd">
                <part name="bodyrequest" element-name="nodoChiediFlussoRendicontazione" element-namespace="http://ws.pagamenti.telematici.gov/"/>
            </message-input>
            <message-output use="literal" soap-namespace="http://pagopa-api.pagopa.gov.it/node/nodeForPa.xsd">
                <part name="bodyresponse" element-name="nodoChiediFlussoRendicontazioneRisposta" element-namespace="http://ws.pagamenti.telematici.gov/"/>
            </message-output>
        </azione>
    </port-type>
    <allegato tipo="xsd" file="nodeForPa.xsd" ora-registrazione="2023-09-18T18:13:17.407+02:00"/>
    <allegato tipo="xsd" file="sac-common-types-1.0.xsd" ora-registrazione="2023-09-19T09:09:48.796+02:00"/>
    <protocol-property name="modipaSecurityChannelProfile" value="idac01"/>
    <protocol-property name="modipaSecurityMessageConfig"/>
    <protocol-property name="modipaSecurityMessageCorniceSicurezza" boolean-value="false"/>
    <protocol-property name="modipaSecurityMessageCorniceSicurezzaOpzionale" boolean-value="false"/>
    <protocol-property name="modipaSecurityMessageCorniceSicurezzaPattern"/>
    <protocol-property name="modipaSecurityMessageCorniceSicurezzaSchema"/>
    <protocol-property name="modipaSecurityMessageProfile" value="-"/>
    <protocol-property name="modipaSecurityMessageRequestDigest" boolean-value="false"/>
    <protocol-property name="modipaSecurityMessageSorgenteToken"/>
    <protocol-property name="modipaSecurityRequest"/>
    <protocol-property name="modipaSecurityRequestContentType"/>
    <protocol-property name="modipaSecurityResponse"/>
    <protocol-property name="modipaSecurityResponseContentType"/>
    <protocol-property name="modipaSecurityResponseReturnCode"/>
    <gruppi>
        <gruppo nome="pagoPA-v2"/>
    </gruppi>
</accordo-servizio-parte-comune>
