<?xml version="1.0" encoding="UTF-8" standalone="yes"?>
<accordo-servizio-parte-comune xmlns="http://www.openspcoop2.org/core/registry" service-binding="soap" nome="SoapBlockingIDAS02TokenOAuth" profilo-collaborazione="sincrono" formato-specifica="wsdl11" utilizzo-senza-azione="true" filtro-duplicati="disabilitato" conferma-ricezione="disabilitato" consegna-in-ordine="disabilitato" ora-registrazione="2023-05-22T16:43:47.398+02:00" versione="1">
    <soggetto-referente tipo="modipa" nome="ENTE"/>
    <port-type nome="SOAPBlockingImpl" style="document" profilo-collaborazione="sincrono" filtro-duplicati="abilitato">
        <azione nome="MRequest" style="document" profilo-collaborazione="sincrono" filtro-duplicati="abilitato">
            <message-input use="literal" soap-namespace="http://amministrazioneesempio.it/nomeinterfacciaservizio">
                <part name="parameters" element-name="MRequest" element-namespace="http://amministrazioneesempio.it/nomeinterfacciaservizio"/>
            </message-input>
            <message-output use="literal" soap-namespace="http://amministrazioneesempio.it/nomeinterfacciaservizio">
                <part name="parameters" element-name="MRequestResponse" element-namespace="http://amministrazioneesempio.it/nomeinterfacciaservizio"/>
            </message-output>
        </azione>
    </port-type>
    <protocol-property name="modipaSecurityChannelProfile" value="idac01"/>
    <protocol-property name="modipaSecurityMessageConfig" value="richiesta"/>
    <protocol-property name="modipaSecurityMessageCorniceSicurezza" boolean-value="false"/>
    <protocol-property name="modipaSecurityMessageCorniceSicurezzaPattern"/>
    <protocol-property name="modipaSecurityMessageCorniceSicurezzaSchema"/>
    <protocol-property name="modipaSecurityMessageProfile" value="idam02"/>
    <protocol-property name="modipaSecurityMessageRequestDigest" boolean-value="false"/>
    <protocol-property name="modipaSecurityMessageSorgenteToken" value="oauth"/>
    <protocol-property name="modipaSecurityRequest"/>
    <protocol-property name="modipaSecurityRequestContentType"/>
    <protocol-property name="modipaSecurityResponse"/>
    <protocol-property name="modipaSecurityResponseContentType"/>
    <protocol-property name="modipaSecurityResponseReturnCode"/>
</accordo-servizio-parte-comune>
