<?xml version="1.0" encoding="UTF-8"?>
<openspcoop2 xmlns="http://www.openspcoop2.org/protocol/information_missing">

	<wizard step="4" step-in-delete="1" descrizione="SdI (FatturazioneElettronica) - Ciclo Attivo senza ProxyFatturaPA" intestazione-originale="false" >
                <requisiti>
                        <protocollo nome="sdi"/>
                </requisiti>
        </wizard> 

	<soggetto tipo="RIFERIMENTO" descrizione="Soggetto SDI"
		  protocollo="sdi" tipo-pdd="operativo" >
		<replace-match>
			<nome tipo="EMPTY" />
			<tipo tipo="EQUALS" valore="SDI" />
		</replace-match>
	</soggetto>

	<input descrizione="Servizio SdIRiceviFile erogato dal Sistema di Interscambio">
		<proprieta use-in-delete="false" placeholder="URL_SERVIZIO_SDI_INVIO_FATTURA" nome="Endpoint" default="https://testservizi.fatturapa.it/ricevi_file"/>
	</input>

	<servizio-applicativo tipo="CREDENZIALI_ACCESSO_PDD" descrizione="Credenziali per accesso porta delegata RiceviFile">
		<replace-match>
			<nome tipo="ENDS_WITH" valore="/SDICentroServiziFatturaPA/SDIRiceviFile/RiceviFile" />
		</replace-match>
	</servizio-applicativo>
	<servizio-applicativo tipo="ALLINEA_CREDENZIALI_PD" descrizione="Allineo tipo di autenticazione nelle porteDelegate riferite">
		<replace-match>
                        <nome tipo="ENDS_WITH" valore="/SDICentroServiziFatturaPA/SDIRiceviFile/RiceviFile" />
                </replace-match>
	</servizio-applicativo>

        <servizio-applicativo tipo="CONNETTORE" descrizione="Servizio Applicativo per consegna Notifiche">
                <replace-match>
                        <nome tipo="CONTAINS" valore="/SDITrasmissioneFatture/" />
                </replace-match>
        </servizio-applicativo>

	<accordo-servizio-parte-comune tipo="STATO_ARCHIVIO" descrizione="StatiAccordiImpostatiAOperativi" stato="operativo">
		<replace-match>
			<nome tipo="ALL" />
		</replace-match>
	</accordo-servizio-parte-comune>
        <accordo-servizio-parte-specifica tipo="STATO_ARCHIVIO" descrizione="StatiAccordiImpostatiAOperativi" stato="operativo">
                <replace-match>
                        <nome tipo="ALL" />
                </replace-match>
        </accordo-servizio-parte-specifica>
        <fruitore tipo="STATO_ARCHIVIO" descrizione="StatiAccordiImpostatiAOperativi" stato="operativo">
                <replace-match>
                        <nome tipo="ALL" />
                </replace-match>
        </fruitore>
</openspcoop2>
