<?xml version="1.0" encoding="UTF-8" standalone="yes"?>
<accordo-servizio-parte-comune xmlns="http://www.openspcoop2.org/core/registry" service-binding="rest" nome="TestHttpMethods" profilo-collaborazione="sincrono" formato-specifica="openApi3" utilizzo-senza-azione="true" filtro-duplicati="disabilitato" conferma-ricezione="disabilitato" id-collaborazione="disabilitato" id-riferimento-richiesta="disabilitato" consegna-in-ordine="disabilitato" ora-registrazione="2023-12-19T12:28:54.764+01:00" versione="1">
    <soggetto-referente tipo="gw" nome="ENTE"/>
    <resource nome="testDELETE" method="DELETE" filtro-duplicati="disabilitato" conferma-ricezione="disabilitato" id-collaborazione="disabilitato" id-riferimento-richiesta="disabilitato" consegna-in-ordine="disabilitato">
        <request/>
    </resource>
    <resource nome="testGET" method="GET" filtro-duplicati="disabilitato" conferma-ricezione="disabilitato" id-collaborazione="disabilitato" id-riferimento-richiesta="disabilitato" consegna-in-ordine="disabilitato">
        <request/>
    </resource>
    <resource nome="testHEAD" method="HEAD" filtro-duplicati="disabilitato" conferma-ricezione="disabilitato" id-collaborazione="disabilitato" id-riferimento-richiesta="disabilitato" consegna-in-ordine="disabilitato">
        <request/>
    </resource>
    <resource nome="testLINK" method="LINK" filtro-duplicati="disabilitato" conferma-ricezione="disabilitato" id-collaborazione="disabilitato" id-riferimento-richiesta="disabilitato" consegna-in-ordine="disabilitato">
        <request/>
    </resource>
    <resource nome="testOPTIONS" method="OPTIONS" filtro-duplicati="disabilitato" conferma-ricezione="disabilitato" id-collaborazione="disabilitato" id-riferimento-richiesta="disabilitato" consegna-in-ordine="disabilitato">
        <request/>
    </resource>
    <resource nome="testPATCH" method="PATCH" filtro-duplicati="disabilitato" conferma-ricezione="disabilitato" id-collaborazione="disabilitato" id-riferimento-richiesta="disabilitato" consegna-in-ordine="disabilitato">
        <request/>
    </resource>
    <resource nome="testPOST" method="POST" filtro-duplicati="disabilitato" conferma-ricezione="disabilitato" id-collaborazione="disabilitato" id-riferimento-richiesta="disabilitato" consegna-in-ordine="disabilitato">
        <request/>
    </resource>
    <resource nome="testPUT" method="PUT" filtro-duplicati="disabilitato" conferma-ricezione="disabilitato" id-collaborazione="disabilitato" id-riferimento-richiesta="disabilitato" consegna-in-ordine="disabilitato">
        <request/>
    </resource>
    <resource nome="testTRACE" method="TRACE" filtro-duplicati="disabilitato" conferma-ricezione="disabilitato" id-collaborazione="disabilitato" id-riferimento-richiesta="disabilitato" consegna-in-ordine="disabilitato">
        <request/>
    </resource>
    <resource nome="testUNLINK" method="UNLINK" filtro-duplicati="disabilitato" conferma-ricezione="disabilitato" id-collaborazione="disabilitato" id-riferimento-richiesta="disabilitato" consegna-in-ordine="disabilitato">
        <request/>
    </resource>
    <gruppi>
        <gruppo nome="TestConnettori"/>
    </gruppi>
    <proprieta-oggetto utente-richiedente="amministratore" data-creazione="2023-12-19T12:28:54.664+01:00" utente-ultima-modifica="amministratore" data-ultima-modifica="2023-12-19T12:31:12.575+01:00"/>
</accordo-servizio-parte-comune>
