<?xml version="1.0" encoding="UTF-8" standalone="yes"?>
<accordo-servizio-parte-comune xmlns="http://www.openspcoop2.org/core/registry" service-binding="soap" nome="PagamentiTelematiciRT" profilo-collaborazione="sincrono" formato-specifica="wsdl11" utilizzo-senza-azione="true" filtro-duplicati="disabilitato" conferma-ricezione="disabilitato" id-collaborazione="disabilitato" id-riferimento-richiesta="disabilitato" consegna-in-ordine="disabilitato" ora-registrazione="2018-07-26T12:25:54.505+02:00" versione="1">
    <soggetto-referente tipo="gw" nome="@OPENSPCOOP2_NOME_SOGGETTO@"/>
    <port-type nome="PagamentiTelematiciRT" style="document" profilo-collaborazione="sincrono" filtro-duplicati="abilitato">
        <azione nome="paaInviaEsitoStorno" soap-action="paaInviaEsitoStorno" profilo-collaborazione="sincrono" filtro-duplicati="abilitato">
            <message-input use="literal">
                <part name="bodyrichiesta" element-name="paaInviaEsitoStorno" element-namespace="http://ws.pagamenti.telematici.gov/"/>
            </message-input>
            <message-output use="literal">
                <part name="bodyrisposta" element-name="paaInviaEsitoStornoRisposta" element-namespace="http://ws.pagamenti.telematici.gov/"/>
            </message-output>
        </azione>
        <azione nome="paaInviaRichiestaRevoca" soap-action="paaInviaRichiestaRevoca" profilo-collaborazione="sincrono" filtro-duplicati="abilitato">
            <message-input use="literal">
                <part name="bodyrichiesta" element-name="paaInviaRichiestaRevoca" element-namespace="http://ws.pagamenti.telematici.gov/"/>
            </message-input>
            <message-output use="literal">
                <part name="bodyrisposta" element-name="paaInviaRichiestaRevocaRisposta" element-namespace="http://ws.pagamenti.telematici.gov/"/>
            </message-output>
        </azione>
        <azione nome="paaInviaRT" soap-action="paaInviaRT" profilo-collaborazione="sincrono" filtro-duplicati="abilitato">
            <message-input use="literal">
                <part name="bodyrichiesta" element-name="paaInviaRT" element-namespace="http://ws.pagamenti.telematici.gov/"/>
            </message-input>
            <message-output use="literal">
                <part name="bodyrisposta" element-name="paaInviaRTRisposta" element-namespace="http://ws.pagamenti.telematici.gov/"/>
            </message-output>
        </azione>
    </port-type>
    <allegato tipo="xsd" file="WsdlTypes_1.xsd" ora-registrazione="2018-07-26T12:25:54.505+02:00"/>
    <allegato tipo="xsd" file="WsdlTypes_2.xsd" ora-registrazione="2018-07-26T12:25:54.505+02:00"/>
    <gruppi>
        <gruppo nome="pagoPA"/>
    </gruppi>
</accordo-servizio-parte-comune>
