<?xml version="1.0" encoding="UTF-8" standalone="yes"?>
<accordo-servizio-parte-specifica xmlns="http://www.openspcoop2.org/core/registry" tipo="modipa" nome="TestTracingPDND" versione="1" accordo-servizio-parte-comune="modipa/ENTE:TestTracingPDND:1" tipologia-servizio="normale" ora-registrazione="2025-05-26T09:13:31.381+02:00" descrizione="">
    <configurazione-servizio>
        <connettore tipo="disabilitato" nome="CNT_modipa/DemoSoggettoErogatore_modipa/TestTracingPDND/1"/>
    </configurazione-servizio>
    <protocol-property name="modipaInfoGenEserviceId"/>
    <protocol-property name="modipaInfoGenSignalHub" boolean-value="false"/>
    <protocol-property name="modipaInfoGenSignalHubAlg"/>
    <protocol-property name="modipaInfoGenSignalHubOp"/>
    <protocol-property name="modipaInfoGenSignalHubPulisherRole"/>
    <protocol-property name="modipaInfoGenSignalHubPulisherSA"/>
    <protocol-property name="modipaInfoGenSignalHubPulisherText"/>
    <protocol-property name="modipaInfoGenSignalHubSeedLifetime"/>
    <protocol-property name="modipaInfoGenSignalHubSeedSize"/>
    <proprieta-oggetto utente-richiedente="amministratore" data-creazione="2025-05-26T09:13:31.358+02:00" utente-ultima-modifica="amministratore" data-ultima-modifica="2025-05-26T16:12:10.921+02:00"/>
</accordo-servizio-parte-specifica>
