<?xml version="1.0" encoding="UTF-8" standalone="yes"?>
<ns2:servizio-applicativo xmlns:ns2="http://www.openspcoop2.org/core/config" nome="gw_SoggettoInternoTest/gw_TestConsegnaConNotificheIntegrationManager/v1" use-as-client="false">
    <ns2:invocazione-porta invio-per-riferimento="disabilitato" sbustamento-informazioni-protocollo="abilitato">
        <ns2:credenziali tipo="basic" user="UtenteTestIntegrationManager" password="$6$vK3WFRXC19NjwnUS$gxGh7oBqgJJsEFFa6gVEN.l/NwF0jR02xCjXLFOHo3CRRIFlciGIZPzsT5B3113npDFfj4O3TMlafkHCQHWA3/" app-id="false" certificate-strict-verification="true"/>
    </ns2:invocazione-porta>
    <ns2:invocazione-servizio sbustamento-soap="disabilitato" sbustamento-informazioni-protocollo="abilitato" get-message="abilitato" autenticazione="none" invio-per-riferimento="disabilitato" risposta-per-riferimento="disabilitato">
        <ns2:connettore tipo="disabilitato" nome="ConnettoreINV_gw_SoggettoInternoTest/gw_TestConsegnaConNotificheIntegrationManager/v1_gwSoggettoInternoTest"/>
    </ns2:invocazione-servizio>
    <ns2:risposta-asincrona sbustamento-soap="disabilitato" sbustamento-informazioni-protocollo="abilitato" get-message="disabilitato" autenticazione="none" invio-per-riferimento="disabilitato" risposta-per-riferimento="disabilitato">
        <ns2:connettore tipo="disabilitato" nome="ConnettoreRISP_gw_SoggettoInternoTest/gw_TestConsegnaConNotificheIntegrationManager/v1_gwSoggettoInternoTest"/>
    </ns2:risposta-asincrona>
</ns2:servizio-applicativo>
