<?xml version="1.0" encoding="UTF-8" standalone="yes"?>
<ns2:servizio-applicativo xmlns:ns2="http://www.openspcoop2.org/core/config" nome="gw_SoggettoInternoTest/gw_TestConsegnaMultipla/v1__SA5" use-as-client="false">
    <ns2:invocazione-servizio sbustamento-soap="disabilitato" sbustamento-informazioni-protocollo="abilitato" get-message="disabilitato" autenticazione="none" invio-per-riferimento="disabilitato" risposta-per-riferimento="disabilitato">
        <ns2:connettore tipo="file" nome="ConnettoreINV_gw_SoggettoInternoTest/gw_TestConsegnaMultipla/v1__SA5_gwSoggettoInternoTest">
            <ns2:property nome="debug" valore="false"/>
            <ns2:property nome="outputFile" valore="invalidoskipatya/${transaction:id}"/>
            <ns2:property nome="outputFileAutoCreateParentDirectory" valore="disabilitato"/>
            <ns2:property nome="outputFileOverwriteIfExists" valore="disabilitato"/>
            <ns2:property nome="response" valore="abilitato"/>
            <ns2:property nome="inputFile" valore="/tmp/govway-testsuite/ConnettoreRotto-${transaction:id}-response"/>
            <ns2:property nome="inputFileHeaders" valore="/tmp/govway-testsuite/ConnettoreRotto-${transaction:id}-response-headers"/>
            <ns2:property nome="inputFileDeleteAfterRead" valore="disabilitato"/>
        </ns2:connettore>
    </ns2:invocazione-servizio>
    <ns2:risposta-asincrona sbustamento-soap="disabilitato" sbustamento-informazioni-protocollo="abilitato" get-message="disabilitato" autenticazione="none" invio-per-riferimento="disabilitato" risposta-per-riferimento="disabilitato">
        <ns2:connettore tipo="disabilitato" nome="ConnettoreRISP_gw_SoggettoInternoTest/gw_TestConsegnaMultipla/v1__SA5_gwSoggettoInternoTest"/>
    </ns2:risposta-asincrona>
</ns2:servizio-applicativo>
