<?xml version="1.0" encoding="UTF-8" standalone="yes"?>
<fruitore xmlns="http://www.openspcoop2.org/core/registry" tipo="modipa" nome="DemoSoggettoFruitoreEsternoTestInterno" ora-registrazione="2022-09-20T07:35:49.599+02:00">
    <connettore tipo="http" nome="CNT_SF_modipa/DemoSoggettoFruitoreEsternoTestInterno_modipa/DemoSoggettoErogatore_modipa/DemoAutorizzazioneGenerazioneModITokenRest/1">
        <property nome="location" valore="http://localhost:8080/govway/rest/in/DemoSoggettoErogatore/DemoAutorizzazioneModITokenRest/v1"/>
    </connettore>
    <configurazione-azione>
        <connettore tipo="https" nome="CNT_SF_AZIONE_modipa/DemoSoggettoFruitoreEsternoTestInterno_modipa/DemoSoggettoErogatore_modipa/DemoAutorizzazioneGenerazioneModITokenRest/1_httpsRequired">
            <property nome="debug" valore="false"/>
            <property nome="location" valore="https://Erogatore:8444/govway/rest/in/DemoSoggettoErogatore/DemoAutorizzazioneModITokenRest/v1"/>
            <property nome="sslType" valore="TLSv1.3"/>
            <property nome="hostnameVerifier" valore="false"/>
            <property nome="trustAllCerts" valore="false"/>
            <property nome="trustStoreLocation" valore="/etc/govway/keys/erogatore.jks"/>
            <property nome="trustStoreType" valore="jks"/>
            <property nome="trustStorePassword" valore="openspcoop"/>
            <property nome="trustManagementAlgorithm" valore="PKIX"/>
            <property nome="keyManagementAlgorithm" valore="SunX509"/>
            <property nome="keyStoreLocation" valore="/etc/govway/keys/xca/ExampleOrganization1.p12"/>
            <property nome="keyStoreType" valore="pkcs12"/>
            <property nome="keyStorePassword" valore="123456"/>
            <property nome="keyPassword" valore="123456"/>
            <property nome="keyAlias" valore="ExampleOrganization1"/>
        </connettore>
        <azione>httpsRequired</azione>
    </configurazione-azione>
    <configurazione-azione>
        <connettore tipo="https" nome="CNT_SF_AZIONE_modipa/DemoSoggettoFruitoreEsternoTestInterno_modipa/DemoSoggettoErogatore_modipa/DemoAutorizzazioneGenerazioneModITokenRest/1_httpsRequired2">
            <property nome="debug" valore="false"/>
            <property nome="location" valore="https://Erogatore:8444/govway/rest/in/DemoSoggettoErogatore/DemoAutorizzazioneModITokenRest/v1"/>
            <property nome="sslType" valore="TLSv1.3"/>
            <property nome="hostnameVerifier" valore="false"/>
            <property nome="trustAllCerts" valore="false"/>
            <property nome="trustStoreLocation" valore="/etc/govway/keys/erogatore.jks"/>
            <property nome="trustStoreType" valore="jks"/>
            <property nome="trustStorePassword" valore="openspcoop"/>
            <property nome="trustManagementAlgorithm" valore="PKIX"/>
            <property nome="keyManagementAlgorithm" valore="SunX509"/>
            <property nome="keyStoreLocation" valore="/etc/govway/keys/xca/ExampleOrganization2.p12"/>
            <property nome="keyStoreType" valore="pkcs12"/>
            <property nome="keyStorePassword" valore="123456"/>
            <property nome="keyPassword" valore="123456"/>
            <property nome="keyAlias" valore="ExampleOrganization2"/>
        </connettore>
        <azione>httpsRequired2</azione>
    </configurazione-azione>
    <protocol-property name="modipaSecurityMessageHttpHeaders" value="Digest,Content-Type,Content-Encoding"/>
    <protocol-property name="modipaSecurityMessageRequestAud" value="DemoAutorizzazioneModITokenRest"/>
    <protocol-property name="modipaSecurityMessageRequestClaims" value="role=${header:govway-testsuite-role}&#10;"/>
    <protocol-property name="modipaSecurityMessageRequestClaimsAuth"/>
    <protocol-property name="modipaSecurityMessageRequestClaimsModi"/>
    <protocol-property name="modipaSecurityMessageRequestExp" number-value="300"/>
    <protocol-property name="modipaSecurityMessageRequestIntegrityAud"/>
    <protocol-property name="modipaSecurityMessageRequestIntegrityAudMode" value="same"/>
    <protocol-property name="modipaSecurityMessageRequestJti" value="same"/>
    <protocol-property name="modipaSecurityMessageRequestJtiIdMsg" value="modi"/>
    <protocol-property name="modipaSecurityMessageResponseAud" boolean-value="true"/>
    <protocol-property name="modipaSecurityMessageResponseAudExpected"/>
    <protocol-property name="modipaSecurityMessageResponseDuplicateJti" value="modi"/>
    <protocol-property name="modipaSecurityMessageResponseIatMode" value="default"/>
    <protocol-property name="modipaSecurityMessageResponseIatTtl"/>
    <protocol-property name="modipaSecurityMessageResponseIntegrityAud"/>
    <protocol-property name="modipaSecurityMessageResponseIntegrityAudMode" value="same"/>
    <protocol-property name="modipaSecurityMessageRestRequestAlg" value="RS256"/>
    <protocol-property name="modipaSecurityMessageRestRequestDigestEncoding" value="BASE64"/>
    <protocol-property name="modipaSecurityMessageRestRequestX509Cert" value="x5c,x5t"/>
    <protocol-property name="modipaSecurityMessageRestRequestX509CertUseCertificateChain" boolean-value="false"/>
    <protocol-property name="modipaSecurityMessageRestResponseX509Cert" value="x5c,x5t"/>
    <protocol-property name="modipaSecurityMessageRestResponseX509CertAsReq" value="true"/>
    <protocol-property name="modipaSslTruststoreCRLs"/>
    <protocol-property name="modipaSslTruststoreMode" value="default"/>
    <protocol-property name="modipaSslTruststorePassword"/>
    <protocol-property name="modipaSslTruststorePath"/>
    <protocol-property name="modipaSslTruststoreType" value="jks"/>
    <protocol-property name="modipaTruststoreCRLs"/>
    <protocol-property name="modipaTruststoreMode" value="ridefinisci"/>
    <protocol-property name="modipaTruststorePassword" value="123456"/>
    <protocol-property name="modipaTruststorePath" value="/etc/govway/keys/xca/trustStore_ca.jks"/>
    <protocol-property name="modipaTruststoreType" value="jks"/>
</fruitore>
