<?xml version="1.0" encoding="UTF-8" standalone="yes"?>
<accordo-servizio-parte-comune xmlns="http://www.openspcoop2.org/core/registry" service-binding="rest" nome="TestApplicativoServer" profilo-collaborazione="sincrono" formato-specifica="openApi3" utilizzo-senza-azione="true" filtro-duplicati="disabilitato" conferma-ricezione="disabilitato" consegna-in-ordine="disabilitato" ora-registrazione="2021-10-07T14:13:13.462+02:00" versione="1">
    <soggetto-referente tipo="gw" nome="ENTE"/>
    <resource nome="applicativoserver1" path="/applicativoserver1" filtro-duplicati="disabilitato" conferma-ricezione="disabilitato" consegna-in-ordine="disabilitato">
        <request/>
    </resource>
    <resource nome="applicativoserver2" path="/applicativoserver2" filtro-duplicati="disabilitato" conferma-ricezione="disabilitato" consegna-in-ordine="disabilitato">
        <request/>
    </resource>
    <resource nome="loadbalancer" path="/loadbalancer" filtro-duplicati="disabilitato" conferma-ricezione="disabilitato" consegna-in-ordine="disabilitato">
        <request/>
    </resource>
    <resource nome="test" path="/test" filtro-duplicati="disabilitato" conferma-ricezione="disabilitato" consegna-in-ordine="disabilitato">
        <request/>
    </resource>
    <gruppi>
        <gruppo nome="TestConnettori"/>
    </gruppi>
</accordo-servizio-parte-comune>
