<?xml version="1.0" encoding="UTF-8" standalone="yes"?>
<accordo-servizio-parte-comune xmlns="http://www.openspcoop2.org/core/registry" service-binding="soap" nome="ApiConsegnaMultipla" profilo-collaborazione="oneway" formato-specifica="wsdl11" utilizzo-senza-azione="true" filtro-duplicati="disabilitato" conferma-ricezione="disabilitato" id-collaborazione="disabilitato" id-riferimento-richiesta="disabilitato" consegna-in-ordine="disabilitato" ora-registrazione="2022-02-02T18:22:28.793+01:00" versione="1">
    <soggetto-referente tipo="gw" nome="ENTE"/>
    <port-type nome="TestConsegnaMultipla" style="document" profilo-collaborazione="oneway" filtro-duplicati="disabilitato" conferma-ricezione="disabilitato" id-collaborazione="disabilitato" id-riferimento-richiesta="disabilitato" consegna-in-ordine="disabilitato">
        <azione nome="TestCondizionale0" soap-action="Pool0-Filtro0" profilo-collaborazione="oneway" filtro-duplicati="disabilitato" conferma-ricezione="disabilitato" id-collaborazione="disabilitato" id-riferimento-richiesta="disabilitato" consegna-in-ordine="disabilitato"/>
        <azione nome="TestCondizionale1" soap-action="Pool1-Filtro0" profilo-collaborazione="oneway" filtro-duplicati="disabilitato" conferma-ricezione="disabilitato" id-collaborazione="disabilitato" id-riferimento-richiesta="disabilitato" consegna-in-ordine="disabilitato"/>
        <azione nome="TestCondizionale2" soap-action="Pool2-Filtro0" profilo-collaborazione="oneway" filtro-duplicati="disabilitato" conferma-ricezione="disabilitato" id-collaborazione="disabilitato" id-riferimento-richiesta="disabilitato" consegna-in-ordine="disabilitato"/>
        <azione nome="TestConsegnaMultipla" soap-action="test" profilo-collaborazione="oneway" filtro-duplicati="disabilitato" conferma-ricezione="disabilitato" id-collaborazione="disabilitato" id-riferimento-richiesta="disabilitato" consegna-in-ordine="disabilitato"/>
    </port-type>
    <gruppi>
        <gruppo nome="TestConnettoriAsincroni"/>
    </gruppi>
</accordo-servizio-parte-comune>
