<?xml version="1.0" encoding="UTF-8" standalone="yes"?>
<accordo-servizio-parte-comune xmlns="http://www.openspcoop2.org/core/registry" service-binding="soap" nome="ApiConsegnaMultipla" profilo-collaborazione="oneway" formato-specifica="wsdl11" utilizzo-senza-azione="true" filtro-duplicati="disabilitato" conferma-ricezione="disabilitato" id-collaborazione="disabilitato" id-riferimento-richiesta="disabilitato" consegna-in-ordine="disabilitato" ora-registrazione="2022-02-02T18:22:28.793+01:00" versione="1">
    <soggetto-referente tipo="gw" nome="ENTE"/>
    <port-type nome="TestConsegnaMultipla" style="document" profilo-collaborazione="oneway" filtro-duplicati="disabilitato" conferma-ricezione="disabilitato" id-collaborazione="disabilitato" id-riferimento-richiesta="disabilitato" consegna-in-ordine="disabilitato">
        <azione nome="TestCondizionale0" soap-action="Pool0-Filtro0" profilo-collaborazione="oneway" filtro-duplicati="disabilitato" conferma-ricezione="disabilitato" id-collaborazione="disabilitato" id-riferimento-richiesta="disabilitato" consegna-in-ordine="disabilitato"/>
        <azione nome="TestCondizionale1" soap-action="Pool1-Filtro0" profilo-collaborazione="oneway" filtro-duplicati="disabilitato" conferma-ricezione="disabilitato" id-collaborazione="disabilitato" id-riferimento-richiesta="disabilitato" consegna-in-ordine="disabilitato"/>
        <azione nome="TestCondizionale2" soap-action="Pool2-Filtro0" profilo-collaborazione="oneway" filtro-duplicati="disabilitato" conferma-ricezione="disabilitato" id-collaborazione="disabilitato" id-riferimento-richiesta="disabilitato" consegna-in-ordine="disabilitato"/>
        <azione nome="TestCondizionaleByNome0" soap-action="Connettore0" profilo-collaborazione="oneway" filtro-duplicati="disabilitato" conferma-ricezione="disabilitato" id-collaborazione="disabilitato" id-riferimento-richiesta="disabilitato" consegna-in-ordine="disabilitato"/>
        <azione nome="TestCondizionaleByNome1" soap-action="Connettore1" profilo-collaborazione="oneway" filtro-duplicati="disabilitato" conferma-ricezione="disabilitato" id-collaborazione="disabilitato" id-riferimento-richiesta="disabilitato" consegna-in-ordine="disabilitato"/>
        <azione nome="TestCondizionaleByNome2" soap-action="Connettore2" profilo-collaborazione="oneway" filtro-duplicati="disabilitato" conferma-ricezione="disabilitato" id-collaborazione="disabilitato" id-riferimento-richiesta="disabilitato" consegna-in-ordine="disabilitato"/>
        <azione nome="TestCondizionaleByNome3" soap-action="Connettore3" profilo-collaborazione="oneway" filtro-duplicati="disabilitato" conferma-ricezione="disabilitato" id-collaborazione="disabilitato" id-riferimento-richiesta="disabilitato" consegna-in-ordine="disabilitato"/>
        <azione nome="TestConsegnaMultipla" soap-action="test" profilo-collaborazione="oneway" filtro-duplicati="disabilitato" conferma-ricezione="disabilitato" id-collaborazione="disabilitato" id-riferimento-richiesta="disabilitato" consegna-in-ordine="disabilitato"/>
        <azione nome="TestRegolaClientIp" soap-action="SA_TestRegolaClientIp" profilo-collaborazione="oneway" filtro-duplicati="disabilitato" conferma-ricezione="disabilitato" id-collaborazione="disabilitato" id-riferimento-richiesta="disabilitato" consegna-in-ordine="disabilitato"/>
        <azione nome="TestRegolaContenuto" soap-action="SA_TestRegolaContenuto" profilo-collaborazione="oneway" filtro-duplicati="disabilitato" conferma-ricezione="disabilitato" id-collaborazione="disabilitato" id-riferimento-richiesta="disabilitato" consegna-in-ordine="disabilitato"/>
        <azione nome="TestRegolaFreemarkerTemplate" soap-action="SA_TestRegolaFreemarkerTemplate" profilo-collaborazione="oneway" filtro-duplicati="disabilitato" conferma-ricezione="disabilitato" id-collaborazione="disabilitato" id-riferimento-richiesta="disabilitato" consegna-in-ordine="disabilitato"/>
        <azione nome="TestRegolaHeaderHttp" soap-action="SA_TestRegolaHeaderHttp" profilo-collaborazione="oneway" filtro-duplicati="disabilitato" conferma-ricezione="disabilitato" id-collaborazione="disabilitato" id-riferimento-richiesta="disabilitato" consegna-in-ordine="disabilitato"/>
        <azione nome="TestRegolaParametroUrl" soap-action="SA_TestRegolaParametroUrl" profilo-collaborazione="oneway" filtro-duplicati="disabilitato" conferma-ricezione="disabilitato" id-collaborazione="disabilitato" id-riferimento-richiesta="disabilitato" consegna-in-ordine="disabilitato"/>
        <azione nome="TestRegolaSoapAction" soap-action="Pool0-Filtro0" profilo-collaborazione="oneway" filtro-duplicati="disabilitato" conferma-ricezione="disabilitato" id-collaborazione="disabilitato" id-riferimento-richiesta="disabilitato" consegna-in-ordine="disabilitato"/>
        <azione nome="TestRegolaStatica" soap-action="SA_TestRegolaStatica" profilo-collaborazione="oneway" filtro-duplicati="disabilitato" conferma-ricezione="disabilitato" id-collaborazione="disabilitato" id-riferimento-richiesta="disabilitato" consegna-in-ordine="disabilitato"/>
        <azione nome="TestRegolaTemplate" soap-action="SA_TestRegolaTemplate" profilo-collaborazione="oneway" filtro-duplicati="disabilitato" conferma-ricezione="disabilitato" id-collaborazione="disabilitato" id-riferimento-richiesta="disabilitato" consegna-in-ordine="disabilitato"/>
        <azione nome="TestRegolaUrlInvocazione" soap-action="SA_TestRegolaUrlInvocazione" profilo-collaborazione="oneway" filtro-duplicati="disabilitato" conferma-ricezione="disabilitato" id-collaborazione="disabilitato" id-riferimento-richiesta="disabilitato" consegna-in-ordine="disabilitato"/>
        <azione nome="TestRegolaVelocityTemplate" soap-action="SA_TestRegolaVelocityTemplate" profilo-collaborazione="oneway" filtro-duplicati="disabilitato" conferma-ricezione="disabilitato" id-collaborazione="disabilitato" id-riferimento-richiesta="disabilitato" consegna-in-ordine="disabilitato"/>
        <azione nome="TestRegolaXForwardedFor" soap-action="SA_TestRegolaXForwardedFor" profilo-collaborazione="oneway" filtro-duplicati="disabilitato" conferma-ricezione="disabilitato" id-collaborazione="disabilitato" id-riferimento-richiesta="disabilitato" consegna-in-ordine="disabilitato"/>
    </port-type>
    <gruppi>
        <gruppo nome="TestConnettoriAsincroni"/>
    </gruppi>
</accordo-servizio-parte-comune>
