<?xml version="1.0" encoding="UTF-8" standalone="yes"?>
<accordo-servizio-parte-comune xmlns="http://www.openspcoop2.org/core/registry" service-binding="rest" nome="RestExampleForResponse" profilo-collaborazione="oneway" formato-specifica="openApi3" utilizzo-senza-azione="true" filtro-duplicati="disabilitato" conferma-ricezione="disabilitato" id-collaborazione="abilitato" id-riferimento-richiesta="abilitato" consegna-in-ordine="disabilitato" ora-registrazione="2019-09-11T14:21:37.524+02:00" versione="1">
    <soggetto-referente tipo="as4" nome="Red"/>
    <resource nome="testResponsePushAndPush" path="/testResponsePushAndPush" filtro-duplicati="disabilitato" conferma-ricezione="disabilitato" id-collaborazione="abilitato" id-riferimento-richiesta="abilitato" consegna-in-ordine="disabilitato">
        <request/>
        <protocol-property name="ebmsActionCompressPayload" boolean-value="true"/>
        <protocol-property name="ebmsActionPayloadProfile" value="DefaultJsonProfile"/>
        <protocol-property name="ebmsUserMessageCollaborationInfoAction" value="bdx:action.rest:1:testResponsePushAndPush"/>
        <protocol-property name="ebmsUserMessageCollaborationInfoActionBinding" value="pushAndPush"/>
    </resource>
    <protocol-property name="ebmsUserMessageCollaborationInfoService" value="bdx:noprocessResponse"/>
    <protocol-property name="ebmsUserMessageCollaborationInfoServiceType" value="TEST-REST"/>
</accordo-servizio-parte-comune>
