<?xml version="1.0" encoding="UTF-8" standalone="yes"?>
<accordo-servizio-parte-specifica xmlns="http://www.openspcoop2.org/core/registry" tipo="modipa" nome="RestBlockingIDAR04Custom-PDND" versione="1" accordo-servizio-parte-comune="modipa/ENTE:RestBlockingIDAR04Custom:1" tipologia-servizio="normale" ora-registrazione="2023-05-23T10:36:56.843+02:00">
    <configurazione-servizio>
        <connettore tipo="disabilitato" nome="CNT_modipa/DemoSoggettoErogatore_modipa/RestBlockingIDAR04Custom-PDND/1"/>
    </configurazione-servizio>
    <protocol-property name="modipaKeyAlias" value="KID-ExampleServer"/>
    <protocol-property name="modipaKeyPassword"/>
    <protocol-property name="modipaKeystoreCertMode" value="ridefinisci"/>
    <protocol-property name="modipaKeystoreKeyPairAlgo" value="RSA"/>
    <protocol-property name="modipaKeystoreMode" value="path"/>
    <protocol-property name="modipaKeystorePassword"/>
    <protocol-property name="modipaKeystorePath" value="/etc/govway/keys/jwk_private_keys/ExampleServer.jwk"/>
    <protocol-property name="modipaKeystorePathPublicKey"/>
    <protocol-property name="modipaKeystoreType" value="jwk"/>
    <protocol-property name="modipaSecurityMessageHttpHeaders" value="Digest,Content-Type,Content-Encoding"/>
    <protocol-property name="modipaSecurityMessageRequestAud" value="RestBlockingIDAR04Custom-PDND/v1"/>
    <protocol-property name="modipaSecurityMessageRequestDuplicateJti" value="modi"/>
    <protocol-property name="modipaSecurityMessageRequestIatMode" value="default"/>
    <protocol-property name="modipaSecurityMessageRequestIatTtl"/>
    <protocol-property name="modipaSecurityMessageResponseClaims" value="integrationInfoString=${integrationResponse:info[clientClaimString]}&#10;integrationInfoBoolean=cast(${integrationResponse:info[clientClaimBoolean]} as boolean)&#10;integrationInfoInt=cast(${integrationResponse:info[clientClaimInt]} as int)&#10;integrationInfoFloat=cast(${integrationResponse:info[clientClaimFloat]} as float)&#10;integrationInfoList0=${integrationResponse:info[clientClaimList][0]}&#10;integrationInfoList1=${integrationResponse:info[clientClaimList][1]}&#10;integrationInfoList=${integrationResponse:info[clientClaimList]}&#10;level2_integrationInfoString=${integrationResponse:info[clientClaimLeve2String]}&#10;level2_integrationInfoBoolean=cast(${integrationResponse:info[clientClaimLeve2Boolean]} as boolean)&#10;level2_integrationInfoInt=cast(${integrationResponse:info[clientClaimLeve2Int]} as int)&#10;level2_integrationInfoFloat=cast(${integrationResponse:info[clientClaimLeve2Float]} as float)&#10;level2_integrationInfoList0=cast(${integrationResponse:info[clientClaimLeve2List][0]} as int)&#10;level2_integrationInfoList1=cast(${integrationResponse:info[clientClaimLeve2List][1]} as int)&#10;level2_integrationInfoList=${integrationResponse:info[clientClaimLeve2List]}&#10;level3_integrationInfoString=${integrationResponse:info[clientClaimLeve2Complex.clientClaimLeve3String]}&#10;level3_integrationInfoBoolean=cast(${integrationResponse:info[clientClaimLeve2Complex.clientClaimLeve3Boolean]} as boolean)&#10;level3_integrationInfoInt=cast(${integrationResponse:info[clientClaimLeve2Complex.clientClaimLeve3Int]} as int)&#10;level3_claims_integrationInfoString=${integrationResponse:claims[clientClaimComplex.clientClaimLeve2Complex.clientClaimLeve3String]}&#10;level3_claims_integrationInfoBoolean=cast(${integrationResponse:claims[clientClaimComplex.clientClaimLeve2Complex.clientClaimLeve3Boolean]} as boolean)&#10;level3_claims_integrationInfoInt=cast(${integrationResponse:claims[clientClaimComplex.clientClaimLeve2Complex.clientClaimLeve3Int]} as int)&#10;complex_integrationInfo=${integrationResponse:claim(clientClaimLeve2Complex)}&#10;complex_integrationInfoListTest1=cast(${integrationResponse:info[clientClaimLeve2Complex.clientClaimLeve4Complex.clientClaimLeve4ListStringInt]} as string array)&#10;complex_integrationInfoListTest2=${integrationResponse:claim(clientClaimLeve4ListStringInt)}&#10;optional_integrationInfoString=?{integrationResponse:info[clientClaimString]}&#10;optional_integrationInfoBoolean=cast(?{integrationResponse:info[clientClaimBoolean]} as boolean)&#10;optional_integrationInfoLong=cast(?{integrationResponse:info[clientClaimLong]} as long)&#10;optional_integrationInfoDouble=cast(?{integrationResponse:info[clientClaimDouble]} as double)&#10;optional_integrationInfoListTest=cast(?{integrationResponse:info[clientClaimLeve2Complex.clientClaimLeve4Complex.clientClaimLeve4ListStringInt]} as string array)&#10;optional_complex_integrationInfo=?{integrationResponse:claim(clientClaimLeve2Complex)}&#10;optionalNotFound_integrationInfoString=?{integrationResponse:info[clientClaimStringNotExists]}&#10;optionalNotFound_integrationInfoBoolean=cast(?{integrationResponse:info[clientClaimBooleanNotExists]} as boolean)&#10;optionalNotFound_integrationInfoLong=cast(?{integrationResponse:info[clientClaimLongNotExists]} as long)&#10;optionalNotFound_integrationInfoDouble=cast(?{integrationResponse:info[clientClaimDoubleNotExists]} as double)&#10;optionalNotFound_integrationInfoListTest=cast(?{integrationResponse:info[clientClaimLeve2Complex.clientClaimLeve4Complex.clientClaimLeve4ListStringIntNotExists]} as string array)&#10;optionalNotFound_complex_integrationInfo=?{integrationResponse:claim(clientClaimLeve2ComplexNotExists)}"/>
    <protocol-property name="modipaSecurityMessageResponseExp" number-value="300"/>
    <protocol-property name="modipaSecurityMessageRestResponseAlg" value="RS256"/>
    <protocol-property name="modipaSecurityMessageRestResponseDigestEncoding" value="BASE64"/>
    <protocol-property name="modipaSecurityMessageRestResponseX509Url"/>
    <protocol-property name="modipaSecurityOauthId" value="ExampleServerPDND"/>
    <protocol-property name="modipaSecurityOauthKid" value="KID-ExampleServer"/>
    <protocol-property name="modipaSslTruststoreCRLs"/>
    <protocol-property name="modipaSslTruststoreMode" value="default"/>
    <protocol-property name="modipaSslTruststoreOCSP"/>
    <protocol-property name="modipaSslTruststorePassword"/>
    <protocol-property name="modipaSslTruststorePath"/>
    <protocol-property name="modipaSslTruststoreType" value="jks"/>
    <protocol-property name="modipaTruststoreCRLs"/>
    <protocol-property name="modipaTruststoreMode" value="ridefinisci"/>
    <protocol-property name="modipaTruststoreOCSP"/>
    <protocol-property name="modipaTruststorePassword"/>
    <protocol-property name="modipaTruststorePath"/>
    <protocol-property name="modipaTruststoreType" value="PDNDSimulato"/>
</accordo-servizio-parte-specifica>
