<?xml version="1.0" encoding="UTF-8" standalone="yes"?>
<accordo-servizio-parte-comune xmlns="http://www.openspcoop2.org/core/registry" service-binding="rest" nome="DemoNegoziazioneTokenSicurezzaIntegrityAuditViaTokenPolicy" profilo-collaborazione="sincrono" formato-specifica="openApi3" utilizzo-senza-azione="true" filtro-duplicati="disabilitato" conferma-ricezione="disabilitato" id-collaborazione="disabilitato" id-riferimento-richiesta="disabilitato" consegna-in-ordine="disabilitato" ora-registrazione="2023-12-18T13:08:25.602+01:00" versione="1">
    <soggetto-referente tipo="modipa" nome="ENTE"/>
    <resource nome="test" filtro-duplicati="disabilitato" conferma-ricezione="disabilitato" id-collaborazione="disabilitato" id-riferimento-richiesta="disabilitato" consegna-in-ordine="disabilitato">
        <request/>
        <protocol-property name="modipaInteractionAsyncActionRequest" value="-"/>
        <protocol-property name="modipaInteractionAsyncApiRequest" value="-"/>
        <protocol-property name="modipaInteractionAsyncProfile" value="PUSH"/>
        <protocol-property name="modipaInteractionAsyncProfile__LABEL"/>
        <protocol-property name="modipaInteractionAsyncRole" value="Richiesta"/>
        <protocol-property name="modipaInteractionAsyncRole__LABEL"/>
        <protocol-property name="modipaInteractionAsyncServiceRequest" value="-"/>
        <protocol-property name="modipaInteractionProfile" value="crud"/>
        <protocol-property name="modipaInteractionProfile__LABEL"/>
        <protocol-property name="modipaSecurityMessageConfig"/>
        <protocol-property name="modipaSecurityMessageCorniceSicurezza" boolean-value="false"/>
        <protocol-property name="modipaSecurityMessageCorniceSicurezzaOpzionale" boolean-value="false"/>
        <protocol-property name="modipaSecurityMessageCorniceSicurezzaPattern"/>
        <protocol-property name="modipaSecurityMessageCorniceSicurezzaSchema"/>
        <protocol-property name="modipaSecurityMessageHeaderCustomMode"/>
        <protocol-property name="modipaSecurityMessageHeaderCustomName"/>
        <protocol-property name="modipaSecurityMessageHeaderName"/>
        <protocol-property name="modipaSecurityMessageProfile"/>
        <protocol-property name="modipaSecurityMessageProfileActionMode" value="default"/>
        <protocol-property name="modipaSecurityMessageRequestDigest" boolean-value="false"/>
        <protocol-property name="modipaSecurityMessageSorgenteToken"/>
        <protocol-property name="modipaSecurityRequest"/>
        <protocol-property name="modipaSecurityRequestContentType"/>
        <protocol-property name="modipaSecurityResponse"/>
        <protocol-property name="modipaSecurityResponseContentType"/>
        <protocol-property name="modipaSecurityResponseReturnCode"/>
    </resource>
    <protocol-property name="modipaSecurityChannelProfile" value="idac01"/>
    <protocol-property name="modipaSecurityMessageConfig" value="richiesta"/>
    <protocol-property name="modipaSecurityMessageCorniceSicurezza" boolean-value="true"/>
    <protocol-property name="modipaSecurityMessageCorniceSicurezzaOpzionale" boolean-value="false"/>
    <protocol-property name="modipaSecurityMessageCorniceSicurezzaPattern" value="audit01"/>
    <protocol-property name="modipaSecurityMessageCorniceSicurezzaSchema" value="Linee-Guida-ModI"/>
    <protocol-property name="modipaSecurityMessageHeaderCustomMode"/>
    <protocol-property name="modipaSecurityMessageHeaderCustomName"/>
    <protocol-property name="modipaSecurityMessageHeaderName" value="autonlyreq_modipa"/>
    <protocol-property name="modipaSecurityMessageProfile" value="idam0401"/>
    <protocol-property name="modipaSecurityMessageRequestDigest" boolean-value="false"/>
    <protocol-property name="modipaSecurityMessageSorgenteToken" value="oauth"/>
    <protocol-property name="modipaSecurityRequest"/>
    <protocol-property name="modipaSecurityRequestContentType"/>
    <protocol-property name="modipaSecurityResponse"/>
    <protocol-property name="modipaSecurityResponseContentType"/>
    <protocol-property name="modipaSecurityResponseReturnCode"/>
    <gruppi>
        <gruppo nome="sicurezza-via-token-policy"/>
    </gruppi>
    <proprieta-oggetto utente-richiedente="amministratore" data-creazione="2023-12-18T13:08:25.367+01:00" utente-ultima-modifica="amministratore" data-ultima-modifica="2023-12-18T13:13:19.449+01:00"/>
</accordo-servizio-parte-comune>
