<?xml version="1.0" encoding="UTF-8" standalone="yes"?>
<accordo-servizio-parte-comune xmlns="http://www.openspcoop2.org/core/registry" service-binding="rest" nome="StressTestRestRequestMultipart" descrizione="Servizio demo che consente di comprendere le varie modalità di scambio degli allegati" profilo-collaborazione="sincrono" formato-specifica="openApi3" utilizzo-senza-azione="true" filtro-duplicati="disabilitato" conferma-ricezione="disabilitato" id-collaborazione="disabilitato" id-riferimento-richiesta="disabilitato" consegna-in-ordine="disabilitato" ora-registrazione="2022-05-06T17:44:53.075+02:00" versione="1">
    <soggetto-referente tipo="gw" nome="ENTE"/>
    <resource nome="PUT_test" path="/test" method="PUT" filtro-duplicati="disabilitato" conferma-ricezione="disabilitato" id-collaborazione="disabilitato" id-riferimento-richiesta="disabilitato" consegna-in-ordine="disabilitato">
        <request>
            <representation media-type="multipart/form-data" nome="request_PUT__test_multipart_form-data" representation-type="json">
                <json tipo="request_PUT__test_multipart_form-data"/>
            </representation>
        </request>
        <response descrizione="Unexpected error" status="-2">
            <representation media-type="application/problem+json" nome="response_PUT__test_default_application_problem+json" representation-type="json">
                <json tipo="Problem"/>
            </representation>
        </response>
        <response descrizione="Risposta contenente documenti" status="200">
            <representation media-type="multipart/form-data" nome="response_PUT__test_200_multipart_form-data" representation-type="json">
                <json tipo="response_PUT__test_200_multipart_form-data"/>
            </representation>
        </response>
    </resource>
    <resource nome="PUT_test2" path="/test2" method="PUT" filtro-duplicati="disabilitato" conferma-ricezione="disabilitato" id-collaborazione="disabilitato" id-riferimento-richiesta="disabilitato" consegna-in-ordine="disabilitato">
        <request>
            <representation media-type="multipart/form-data" nome="request_PUT__test2_multipart_form-data" representation-type="json">
                <json tipo="request_PUT__test2_multipart_form-data"/>
            </representation>
        </request>
        <response descrizione="Unexpected error" status="-2">
            <representation media-type="application/problem+json" nome="response_PUT__test2_default_application_problem+json" representation-type="json">
                <json tipo="Problem"/>
            </representation>
        </response>
        <response descrizione="Risposta contenente documenti" status="200">
            <representation media-type="multipart/form-data" nome="response_PUT__test2_200_multipart_form-data" representation-type="json">
                <json tipo="response_PUT__test2_200_multipart_form-data"/>
            </representation>
        </response>
    </resource>
    <resource nome="PUT_test3" path="/test3" method="PUT" filtro-duplicati="disabilitato" conferma-ricezione="disabilitato" id-collaborazione="disabilitato" id-riferimento-richiesta="disabilitato" consegna-in-ordine="disabilitato">
        <request>
            <representation media-type="multipart/form-data" nome="request_PUT__test3_multipart_form-data" representation-type="json">
                <json tipo="request_PUT__test3_multipart_form-data"/>
            </representation>
        </request>
        <response descrizione="Unexpected error" status="-2">
            <representation media-type="application/problem+json" nome="response_PUT__test3_default_application_problem+json" representation-type="json">
                <json tipo="Problem"/>
            </representation>
        </response>
        <response descrizione="Risposta contenente documenti" status="200">
            <representation media-type="multipart/form-data" nome="response_PUT__test3_200_multipart_form-data" representation-type="json">
                <json tipo="response_PUT__test3_200_multipart_form-data"/>
            </representation>
        </response>
    </resource>
    <resource nome="PUT_test4" path="/test4" method="PUT" filtro-duplicati="disabilitato" conferma-ricezione="disabilitato" id-collaborazione="disabilitato" id-riferimento-richiesta="disabilitato" consegna-in-ordine="disabilitato">
        <request>
            <representation media-type="multipart/form-data" nome="request_PUT__test4_multipart_form-data" representation-type="json">
                <json tipo="request_PUT__test4_multipart_form-data"/>
            </representation>
        </request>
        <response descrizione="Unexpected error" status="-2">
            <representation media-type="application/problem+json" nome="response_PUT__test4_default_application_problem+json" representation-type="json">
                <json tipo="Problem"/>
            </representation>
        </response>
        <response descrizione="Risposta contenente documenti" status="200">
            <representation media-type="multipart/form-data" nome="response_PUT__test4_200_multipart_form-data" representation-type="json">
                <json tipo="response_PUT__test4_200_multipart_form-data"/>
            </representation>
        </response>
    </resource>
    <resource nome="PUT_test5" path="/test5" method="PUT" filtro-duplicati="disabilitato" conferma-ricezione="disabilitato" id-collaborazione="disabilitato" id-riferimento-richiesta="disabilitato" consegna-in-ordine="disabilitato">
        <request>
            <representation media-type="multipart/form-data" nome="request_PUT__test5_multipart_form-data" representation-type="json">
                <json tipo="request_PUT__test5_multipart_form-data"/>
            </representation>
        </request>
        <response descrizione="Unexpected error" status="-2">
            <representation media-type="application/problem+json" nome="response_PUT__test5_default_application_problem+json" representation-type="json">
                <json tipo="Problem"/>
            </representation>
        </response>
        <response descrizione="Risposta contenente documenti" status="200">
            <representation media-type="multipart/form-data" nome="response_PUT__test5_200_multipart_form-data" representation-type="json">
                <json tipo="response_PUT__test5_200_multipart_form-data"/>
            </representation>
        </response>
    </resource>
    <resource nome="PUT_test6" path="/test6" method="PUT" filtro-duplicati="disabilitato" conferma-ricezione="disabilitato" id-collaborazione="disabilitato" id-riferimento-richiesta="disabilitato" consegna-in-ordine="disabilitato">
        <request>
            <representation media-type="multipart/form-data" nome="request_PUT__test6_multipart_form-data" representation-type="json">
                <json tipo="request_PUT__test6_multipart_form-data"/>
            </representation>
        </request>
        <response descrizione="Unexpected error" status="-2">
            <representation media-type="application/problem+json" nome="response_PUT__test6_default_application_problem+json" representation-type="json">
                <json tipo="Problem"/>
            </representation>
        </response>
        <response descrizione="Risposta contenente documenti" status="200">
            <representation media-type="multipart/form-data" nome="response_PUT__test6_200_multipart_form-data" representation-type="json">
                <json tipo="response_PUT__test6_200_multipart_form-data"/>
            </representation>
        </response>
    </resource>
    <resource nome="PUT_test7" path="/test7" method="PUT" filtro-duplicati="disabilitato" conferma-ricezione="disabilitato" id-collaborazione="disabilitato" id-riferimento-richiesta="disabilitato" consegna-in-ordine="disabilitato">
        <request>
            <representation media-type="multipart/form-data" nome="request_PUT__test7_multipart_form-data" representation-type="json">
                <json tipo="request_PUT__test7_multipart_form-data"/>
            </representation>
        </request>
        <response descrizione="Unexpected error" status="-2">
            <representation media-type="application/problem+json" nome="response_PUT__test7_default_application_problem+json" representation-type="json">
                <json tipo="Problem"/>
            </representation>
        </response>
        <response descrizione="Risposta contenente documenti" status="200">
            <representation media-type="multipart/form-data" nome="response_PUT__test7_200_multipart_form-data" representation-type="json">
                <json tipo="response_PUT__test7_200_multipart_form-data"/>
            </representation>
        </response>
    </resource>
    <gruppi>
        <gruppo nome="API-GovWay-StressTest"/>
    </gruppi>
</accordo-servizio-parte-comune>
