<?xml version="1.0" encoding="UTF-8" standalone="yes"?>
<fruitore xmlns="http://www.openspcoop2.org/core/registry" tipo="modipa" nome="DemoSoggettoFruitoreEsternoTestInterno" ora-registrazione="2022-09-15T14:45:59.256+02:00">
    <connettore tipo="http" nome="CNT_SF_modipa/DemoSoggettoFruitoreEsternoTestInterno_modipa/DemoSoggettoErogatore_modipa/DemoAutorizzazioneModISoap/1">
        <property nome="location" valore="http://localhost:8080/govway/soap/in/DemoSoggettoErogatore/DemoAutorizzazioneModISoap/v1/${busta:azione}"/>
    </connettore>
    <configurazione-azione>
        <connettore tipo="https" nome="CNT_SF_AZIONE_modipa/DemoSoggettoFruitoreEsternoTestInterno_modipa/DemoSoggettoErogatore_modipa/DemoAutorizzazioneModISoap/1_httpsRequired">
            <property nome="debug" valore="false"/>
            <property nome="location" valore="https://Erogatore:8444/govway/soap/in/DemoSoggettoErogatore/DemoAutorizzazioneModISoap/v1/${busta:azione}"/>
            <property nome="sslType" valore="TLSv1.3"/>
            <property nome="hostnameVerifier" valore="true"/>
            <property nome="trustAllCerts" valore="false"/>
            <property nome="trustStoreLocation" valore="/etc/govway/keys/erogatore.jks"/>
            <property nome="trustStoreType" valore="jks"/>
            <property nome="trustStorePassword" valore="openspcoop"/>
            <property nome="trustManagementAlgorithm" valore="PKIX"/>
            <property nome="keyManagementAlgorithm" valore="SunX509"/>
            <property nome="keyStoreLocation" valore="/etc/govway/keys/xca/ExampleOrganization1.p12"/>
            <property nome="keyStoreType" valore="pkcs12"/>
            <property nome="keyStorePassword" valore="123456"/>
            <property nome="keyPassword" valore="123456"/>
            <property nome="keyAlias" valore="ExampleOrganization1"/>
        </connettore>
        <azione>httpsRequired</azione>
    </configurazione-azione>
    <configurazione-azione>
        <connettore tipo="https" nome="CNT_SF_AZIONE_modipa/DemoSoggettoFruitoreEsternoTestInterno_modipa/DemoSoggettoErogatore_modipa/DemoAutorizzazioneModISoap/1_httpsRequired2">
            <property nome="debug" valore="false"/>
            <property nome="location" valore="https://Erogatore:8444/govway/soap/in/DemoSoggettoErogatore/DemoAutorizzazioneModISoap/v1/${busta:azione}"/>
            <property nome="sslType" valore="TLSv1.3"/>
            <property nome="hostnameVerifier" valore="true"/>
            <property nome="trustAllCerts" valore="false"/>
            <property nome="trustStoreLocation" valore="/etc/govway/keys/erogatore.jks"/>
            <property nome="trustStoreType" valore="jks"/>
            <property nome="trustStorePassword" valore="openspcoop"/>
            <property nome="trustManagementAlgorithm" valore="PKIX"/>
            <property nome="keyManagementAlgorithm" valore="SunX509"/>
            <property nome="keyStoreLocation" valore="/etc/govway/keys/xca/ExampleOrganization2.p12"/>
            <property nome="keyStoreType" valore="pkcs12"/>
            <property nome="keyStorePassword" valore="123456"/>
            <property nome="keyPassword" valore="123456"/>
            <property nome="keyAlias" valore="ExampleOrganization2"/>
        </connettore>
        <azione>httpsRequired2</azione>
    </configurazione-azione>
    <configurazione-azione>
        <connettore tipo="https" nome="CNT_SF_AZIONE_modipa/DemoSoggettoFruitoreEsternoTestInterno_modipa/DemoSoggettoErogatore_modipa/DemoAutorizzazioneModISoap/1_httpsRequired3">
            <property nome="debug" valore="false"/>
            <property nome="location" valore="https://Erogatore:8444/govway/soap/in/DemoSoggettoErogatore/DemoAutorizzazioneModISoap/v1/${busta:azione}"/>
            <property nome="sslType" valore="TLSv1.3"/>
            <property nome="hostnameVerifier" valore="true"/>
            <property nome="trustAllCerts" valore="false"/>
            <property nome="trustStoreLocation" valore="/etc/govway/keys/erogatore.jks"/>
            <property nome="trustStoreType" valore="jks"/>
            <property nome="trustStorePassword" valore="openspcoop"/>
            <property nome="trustManagementAlgorithm" valore="PKIX"/>
            <property nome="keyManagementAlgorithm" valore="SunX509"/>
            <property nome="keyStoreLocation" valore="/etc/govway/keys/xca/ExampleOrganizationSelfSigned.p12"/>
            <property nome="keyStoreType" valore="pkcs12"/>
            <property nome="keyStorePassword" valore="123456"/>
            <property nome="keyPassword" valore="123456"/>
            <property nome="keyAlias" valore="ExampleOrganizationSelfSigned"/>
        </connettore>
        <azione>httpsRequired3</azione>
    </configurazione-azione>
    <configurazione-azione>
        <connettore tipo="https" nome="CNT_SF_AZIONE_modipa/DemoSoggettoFruitoreEsternoTestInterno_modipa/DemoSoggettoErogatore_modipa/DemoAutorizzazioneModISoap/1_httpsRequired4">
            <property nome="debug" valore="false"/>
            <property nome="location" valore="https://Erogatore:8444/govway/soap/in/DemoSoggettoErogatore/DemoAutorizzazioneModISoap/v1/${busta:azione}"/>
            <property nome="sslType" valore="TLSv1.3"/>
            <property nome="hostnameVerifier" valore="true"/>
            <property nome="trustAllCerts" valore="false"/>
            <property nome="trustStoreLocation" valore="/etc/govway/keys/erogatore.jks"/>
            <property nome="trustStoreType" valore="jks"/>
            <property nome="trustStorePassword" valore="openspcoop"/>
            <property nome="trustManagementAlgorithm" valore="PKIX"/>
            <property nome="keyManagementAlgorithm" valore="SunX509"/>
            <property nome="keyStoreLocation" valore="/etc/govway/keys/xca/ExampleOrganizationSelfSigned2.p12"/>
            <property nome="keyStoreType" valore="pkcs12"/>
            <property nome="keyStorePassword" valore="123456"/>
            <property nome="keyPassword" valore="123456"/>
            <property nome="keyAlias" valore="ExampleOrganizationSelfSigned2"/>
        </connettore>
        <azione>httpsRequired4</azione>
    </configurazione-azione>
    <protocol-property name="modipaSecurityMessageRequestAud" value="DemoAutorizzazioneModISoap"/>
    <protocol-property name="modipaSecurityMessageRequestExp" number-value="300"/>
    <protocol-property name="modipaSecurityMessageResponseAud" boolean-value="true"/>
    <protocol-property name="modipaSecurityMessageResponseAudExpected"/>
    <protocol-property name="modipaSecurityMessageResponseIatMode" value="default"/>
    <protocol-property name="modipaSecurityMessageResponseIatTtl"/>
    <protocol-property name="modipaSecurityMessageSoapHeaders"/>
    <protocol-property name="modipaSecurityMessageSoapRequestAlg" value="http://www.w3.org/2001/04/xmldsig-more#rsa-sha256"/>
    <protocol-property name="modipaSecurityMessageSoapRequestCanonicalizationAlg" value="http://www.w3.org/2001/10/xml-exc-c14n#"/>
    <protocol-property name="modipaSecurityMessageSoapRequestX509Cert" value="DirectReference"/>
    <protocol-property name="modipaSecurityMessageSoapRequestX509CertIncludeSignatureToken" boolean-value="false"/>
    <protocol-property name="modipaSecurityMessageSoapRequestX509CertUseCertificateChain" boolean-value="false"/>
    <protocol-property name="modipaTruststoreCRLs"/>
    <protocol-property name="modipaTruststoreMode" value="ridefinisci"/>
    <protocol-property name="modipaTruststorePassword" value="123456"/>
    <protocol-property name="modipaTruststorePath" value="/etc/govway/keys/xca/trustStore_ca.jks"/>
    <protocol-property name="modipaTruststoreType" value="jks"/>
</fruitore>
