<?xml version="1.0" encoding="UTF-8" standalone="yes"?>
<fruitore xmlns="http://www.openspcoop2.org/core/registry" tipo="gw" nome="SoggettoInternoTestFruitore" ora-registrazione="2021-05-26T11:15:07.695+02:00">
    <connettore tipo="http" nome="CNT_SF_gw/SoggettoInternoTestFruitore_gw/SoggettoInternoTest_gw/BackendRisposteNonSoap/1">
        <property nome="location" valore="http://127.0.0.1:8080/TestService/echo"/>
    </connettore>
    <configurazione-azione>
        <connettore tipo="http" nome="CNT_SF_AZIONE_gw/SoggettoInternoTestFruitore_gw/SoggettoInternoTest_gw/BackendRisposteNonSoap/1_html404">
            <property nome="location" valore="http://127.0.0.1:8080/TestService/echo?responseContent=%3Chtml%3E%3Chead%3E%3Ctitle%3EError%3C%2Ftitle%3E%3C%2Fhead%3E%3Cbody%3E404%20-%20Not%20Found%3C%2Fbody%3E%3C%2Fhtml%3E&amp;responseContentType=text/html&amp;returnCode=404"/>
        </connettore>
        <azione>html404</azione>
    </configurazione-azione>
    <configurazione-azione>
        <connettore tipo="http" nome="CNT_SF_AZIONE_gw/SoggettoInternoTestFruitore_gw/SoggettoInternoTest_gw/BackendRisposteNonSoap/1_html302">
            <property nome="location" valore="http://127.0.0.1:8080/TestService/echo?responseContent=%3Chtml%3E%3Chead%3E%3Ctitle%3EError%3C%2Ftitle%3E%3C%2Fhead%3E%3Cbody%3E302%20-%20Redirect%3C%2Fbody%3E%3C%2Fhtml%3E&amp;responseContentType=text/html&amp;returnCode=302"/>
        </connettore>
        <azione>html302</azione>
    </configurazione-azione>
    <configurazione-azione>
        <connettore tipo="http" nome="CNT_SF_AZIONE_gw/SoggettoInternoTestFruitore_gw/SoggettoInternoTest_gw/BackendRisposteNonSoap/1_html403">
            <property nome="location" valore="http://127.0.0.1:8080/TestService/echo?responseContent=%3Chtml%3EAccess%20not%20permitted%3A%20ERROR%20CODE%20403%3C%2Fhtml%3E&amp;responseContentType=text/html&amp;returnCode=403"/>
        </connettore>
        <azione>html403</azione>
    </configurazione-azione>
    <configurazione-azione>
        <connettore tipo="http" nome="CNT_SF_AZIONE_gw/SoggettoInternoTestFruitore_gw/SoggettoInternoTest_gw/BackendRisposteNonSoap/1_html500">
            <property nome="location" valore="http://127.0.0.1:8080/TestService/echo?responseContent=%3Chtml%3E%3Chead%3E%3Ctitle%3EError%3C%2Ftitle%3E%3C%2Fhead%3E%3Cbody%3E500%20-%20InternalError%3C%2Fbody%3E%3C%2Fhtml%3E&amp;responseContentType=text/html&amp;returnCode=500"/>
        </connettore>
        <azione>html500</azione>
    </configurazione-azione>
    <configurazione-azione>
        <connettore tipo="http" nome="CNT_SF_AZIONE_gw/SoggettoInternoTestFruitore_gw/SoggettoInternoTest_gw/BackendRisposteNonSoap/1_noContent302">
            <property nome="location" valore="http://127.0.0.1:8080/TestService/ping?returnCode=302"/>
        </connettore>
        <azione>noContent302</azione>
    </configurazione-azione>
    <configurazione-azione>
        <connettore tipo="http" nome="CNT_SF_AZIONE_gw/SoggettoInternoTestFruitore_gw/SoggettoInternoTest_gw/BackendRisposteNonSoap/1_noContent403">
            <property nome="location" valore="http://127.0.0.1:8080/TestService/ping?returnCode=403"/>
        </connettore>
        <azione>noContent403</azione>
    </configurazione-azione>
    <configurazione-azione>
        <connettore tipo="http" nome="CNT_SF_AZIONE_gw/SoggettoInternoTestFruitore_gw/SoggettoInternoTest_gw/BackendRisposteNonSoap/1_noContent404">
            <property nome="location" valore="http://127.0.0.1:8080/TestService/ping?returnCode=404"/>
        </connettore>
        <azione>noContent404</azione>
    </configurazione-azione>
    <configurazione-azione>
        <connettore tipo="http" nome="CNT_SF_AZIONE_gw/SoggettoInternoTestFruitore_gw/SoggettoInternoTest_gw/BackendRisposteNonSoap/1_noContent500">
            <property nome="location" valore="http://127.0.0.1:8080/TestService/ping?returnCode=500"/>
        </connettore>
        <azione>noContent500</azione>
    </configurazione-azione>
    <configurazione-azione>
        <connettore tipo="http" nome="CNT_SF_AZIONE_gw/SoggettoInternoTestFruitore_gw/SoggettoInternoTest_gw/BackendRisposteNonSoap/1_noContentType302">
            <property nome="location" valore="http://127.0.0.1:8080/TestService/echo?responseContent=%3Chtml%3E%3Chead%3E%3Ctitle%3EError%3C%2Ftitle%3E%3C%2Fhead%3E%3Cbody%3E302%20-%20Redirect%3C%2Fbody%3E%3C%2Fhtml%3E&amp;responseContentType=none&amp;returnCode=302"/>
        </connettore>
        <azione>noContentType302</azione>
    </configurazione-azione>
    <configurazione-azione>
        <connettore tipo="http" nome="CNT_SF_AZIONE_gw/SoggettoInternoTestFruitore_gw/SoggettoInternoTest_gw/BackendRisposteNonSoap/1_noContentType403">
            <property nome="location" valore="http://127.0.0.1:8080/TestService/echo?responseContent=%3Chtml%3EAccess%20not%20permitted%3A%20ERROR%20CODE%20403%3C%2Fhtml%3E&amp;responseContentType=none&amp;returnCode=403"/>
        </connettore>
        <azione>noContentType403</azione>
    </configurazione-azione>
    <configurazione-azione>
        <connettore tipo="http" nome="CNT_SF_AZIONE_gw/SoggettoInternoTestFruitore_gw/SoggettoInternoTest_gw/BackendRisposteNonSoap/1_noContentType404">
            <property nome="location" valore="http://127.0.0.1:8080/TestService/echo?responseContent=%3Chtml%3E%3Chead%3E%3Ctitle%3EError%3C%2Ftitle%3E%3C%2Fhead%3E%3Cbody%3E404%20-%20Not%20Found%3C%2Fbody%3E%3C%2Fhtml%3E&amp;responseContentType=none&amp;returnCode=404"/>
        </connettore>
        <azione>noContentType404</azione>
    </configurazione-azione>
    <configurazione-azione>
        <connettore tipo="http" nome="CNT_SF_AZIONE_gw/SoggettoInternoTestFruitore_gw/SoggettoInternoTest_gw/BackendRisposteNonSoap/1_noContentType500">
            <property nome="location" valore="http://127.0.0.1:8080/TestService/echo?responseContent=%3Chtml%3E%3Chead%3E%3Ctitle%3EError%3C%2Ftitle%3E%3C%2Fhead%3E%3Cbody%3E500%20-%20InternalError%3C%2Fbody%3E%3C%2Fhtml%3E&amp;responseContentType=none&amp;returnCode=500"/>
        </connettore>
        <azione>noContentType500</azione>
    </configurazione-azione>
    <configurazione-azione>
        <connettore tipo="http" nome="CNT_SF_AZIONE_gw/SoggettoInternoTestFruitore_gw/SoggettoInternoTest_gw/BackendRisposteNonSoap/1_invalidContentType1">
            <property nome="location" valore="http://127.0.0.1:8080/TestService/echo?destFile=/etc/govway/testfiles/soap.xml&amp;destFileContentType=%22text/xml%22;%20charset%3DUTF-8"/>
        </connettore>
        <azione>invalidContentType1</azione>
    </configurazione-azione>
    <configurazione-azione>
        <connettore tipo="http" nome="CNT_SF_AZIONE_gw/SoggettoInternoTestFruitore_gw/SoggettoInternoTest_gw/BackendRisposteNonSoap/1_invalidContentType2">
            <property nome="location" valore="http://127.0.0.1:8080/TestService/echo?destFile=/etc/govway/testfiles/soap.xml&amp;destFileContentType=%22text/xml%22"/>
        </connettore>
        <azione>invalidContentType2</azione>
    </configurazione-azione>
</fruitore>
