<?xml version="1.0" encoding="UTF-8" standalone="yes"?>
<accordo-servizio-parte-comune xmlns="http://www.openspcoop2.org/core/registry" service-binding="soap" nome="TrasformazioneSoap2Rest" profilo-collaborazione="sincrono" formato-specifica="wsdl11" utilizzo-senza-azione="true" filtro-duplicati="disabilitato" conferma-ricezione="disabilitato" consegna-in-ordine="disabilitato" ora-registrazione="2022-03-22T09:41:26.716+01:00" versione="1">
    <soggetto-referente tipo="gw" nome="ENTE"/>
    <port-type nome="ComObblWS" style="document" profilo-collaborazione="sincrono" filtro-duplicati="abilitato">
        <azione nome="RichiestaRispostaSincrona_UniLav" profilo-collaborazione="sincrono" filtro-duplicati="abilitato">
            <message-input use="literal">
                <part name="parameters" element-name="richiesta_RichiestaRispostaSincrona_UniLav" element-namespace="http://servizi.lavoro.gov.it/comobbl/types"/>
            </message-input>
            <message-output use="literal">
                <part name="parameters" element-name="risposta_RichiestaRispostaSincrona_UniLav" element-namespace="http://servizi.lavoro.gov.it/comobbl/types"/>
            </message-output>
        </azione>
        <azione nome="RichiestaRispostaSincrona_UniMare" profilo-collaborazione="sincrono" filtro-duplicati="abilitato">
            <message-input use="literal">
                <part name="parameters" element-name="richiesta_RichiestaRispostaSincrona_UniMare" element-namespace="http://servizi.lavoro.gov.it/comobbl/types"/>
            </message-input>
            <message-output use="literal">
                <part name="parameters" element-name="risposta_RichiestaRispostaSincrona_UniMare" element-namespace="http://servizi.lavoro.gov.it/comobbl/types"/>
            </message-output>
        </azione>
        <azione nome="RichiestaRispostaSincrona_UniPI" profilo-collaborazione="sincrono" filtro-duplicati="abilitato">
            <message-input use="literal">
                <part name="parameters" element-name="richiesta_RichiestaRispostaSincrona_UniPI" element-namespace="http://servizi.lavoro.gov.it/comobbl/types"/>
            </message-input>
            <message-output use="literal">
                <part name="parameters" element-name="risposta_RichiestaRispostaSincrona_UniPI" element-namespace="http://servizi.lavoro.gov.it/comobbl/types"/>
            </message-output>
        </azione>
        <azione nome="RichiestaRispostaSincrona_UniSomm" profilo-collaborazione="sincrono" filtro-duplicati="abilitato">
            <message-input use="literal">
                <part name="parameters" element-name="richiesta_RichiestaRispostaSincrona_UniSomm" element-namespace="http://servizi.lavoro.gov.it/comobbl/types"/>
            </message-input>
            <message-output use="literal">
                <part name="parameters" element-name="risposta_RichiestaRispostaSincrona_UniSomm" element-namespace="http://servizi.lavoro.gov.it/comobbl/types"/>
            </message-output>
        </azione>
        <azione nome="RichiestaRispostaSincrona_UniUrg" profilo-collaborazione="sincrono" filtro-duplicati="abilitato">
            <message-input use="literal">
                <part name="parameters" element-name="richiesta_RichiestaRispostaSincrona_UniUrg" element-namespace="http://servizi.lavoro.gov.it/comobbl/types"/>
            </message-input>
            <message-output use="literal">
                <part name="parameters" element-name="risposta_RichiestaRispostaSincrona_UniUrg" element-namespace="http://servizi.lavoro.gov.it/comobbl/types"/>
            </message-output>
        </azione>
        <azione nome="RichiestaRispostaSincrona_VarDatori" profilo-collaborazione="sincrono" filtro-duplicati="abilitato">
            <message-input use="literal">
                <part name="parameters" element-name="richiesta_RichiestaRispostaSincrona_VarDatori" element-namespace="http://servizi.lavoro.gov.it/comobbl/types"/>
            </message-input>
            <message-output use="literal">
                <part name="parameters" element-name="risposta_RichiestaRispostaSincrona_VarDatori" element-namespace="http://servizi.lavoro.gov.it/comobbl/types"/>
            </message-output>
        </azione>
    </port-type>
    <allegato tipo="xsd" file="WsdlTypes_1.xsd" ora-registrazione="2022-03-22T09:41:27.042+01:00"/>
    <gruppi>
        <gruppo nome="TestTrasformazione"/>
    </gruppi>
</accordo-servizio-parte-comune>
