<?xml version="1.0" encoding="UTF-8" standalone="yes"?>
<accordo-servizio-parte-comune xmlns="http://www.openspcoop2.org/core/registry" service-binding="rest" nome="RestBlockingIDAR01" descrizione="Questo file descrive semplicemente i metodi di un'API&#10;e non indica tutte le informazioni di metadatazione che&#10;normalmente vanno inserite." profilo-collaborazione="sincrono" formato-specifica="openApi3" utilizzo-senza-azione="true" filtro-duplicati="disabilitato" conferma-ricezione="disabilitato" id-collaborazione="disabilitato" id-riferimento-richiesta="disabilitato" consegna-in-ordine="disabilitato" ora-registrazione="2020-10-27T13:08:37.117+01:00" versione="1">
    <soggetto-referente tipo="modipa" nome="ENTE"/>
    <resource nome="POST_resources.id_resource.M" path="/resources/{id_resource}/M" method="POST" filtro-duplicati="disabilitato" conferma-ricezione="disabilitato" consegna-in-ordine="disabilitato">
        <request>
            <parameter nome="id_resource" parameter-type="dynamicPath" required="true" tipo="int32" restrizioni="type=integer; format=int32"/>
            <representation media-type="application/json" nome="MType" representation-type="json">
                <json tipo="MType"/>
            </representation>
        </request>
        <response descrizione="Errore inatteso. Non ritornare informazioni&#10;sulla logica interna e/o non pertinenti all'interfaccia." status="-2">
            <representation media-type="application/json" nome="response_POST__resources_{id_resource}_M_default_application_json" representation-type="json">
                <json tipo="ErrorMessage"/>
            </representation>
        </response>
        <response descrizione="Esecuzione di M avvenuta con successo" status="200">
            <representation media-type="application/json" nome="response_POST__resources_{id_resource}_M_200_application_json" representation-type="json">
                <json tipo="MResponseType"/>
            </representation>
        </response>
        <response descrizione="Richiesta non valida" status="400">
            <representation media-type="application/json" nome="response_POST__resources_{id_resource}_M_400_application_json" representation-type="json">
                <json tipo="ErrorMessage"/>
            </representation>
        </response>
        <response descrizione="Identificativo non trovato" status="404">
            <representation media-type="application/json" nome="response_POST__resources_{id_resource}_M_404_application_json" representation-type="json">
                <json tipo="ErrorMessage"/>
            </representation>
        </response>
    </resource>
    <protocol-property name="modipaSecurityChannelProfile" value="idac01"/>
    <protocol-property name="modipaSecurityMessageProfile" value="idam01"/>
    <protocol-property name="modipaSecurityMessageCorniceSicurezza" boolean-value="false"/>
    <protocol-property name="modipaSecurityMessageRequestDigest" boolean-value="false"/>
</accordo-servizio-parte-comune>
