<?xml version="1.0" encoding="UTF-8" standalone="yes"?>
<ns2:servizio-applicativo xmlns:ns2="http://www.openspcoop2.org/core/config" nome="__modipa_SoggettoInternoVaultTest/modipa_VaultTestConnettoriPath/v1__Specific1" use-as-client="false">
    <ns2:invocazione-porta invio-per-riferimento="disabilitato" sbustamento-informazioni-protocollo="abilitato">
        <ns2:gestione-errore fault="soap"/>
    </ns2:invocazione-porta>
    <ns2:invocazione-servizio sbustamento-soap="disabilitato" sbustamento-informazioni-protocollo="abilitato" get-message="disabilitato" autenticazione="none" invio-per-riferimento="disabilitato" risposta-per-riferimento="disabilitato">
        <ns2:connettore tipo="http" nome="ConnettoreINV___modipa_SoggettoInternoVaultTest/modipa_VaultTestConnettoriPath/v1__Specific1_modipaSoggettoInternoVaultTest">
            <ns2:property nome="location" valore="http://127.0.0.1:8080/TestService/echo?checkEqualsHttpHeader=vault-test:testSecretBySecurityDefault&amp;checkEqualsQueryParameter=govwayTestSuite_IDOP:modi-archivio"/>
        </ns2:connettore>
    </ns2:invocazione-servizio>
    <ns2:risposta-asincrona sbustamento-soap="disabilitato" sbustamento-informazioni-protocollo="abilitato" get-message="disabilitato" autenticazione="none" invio-per-riferimento="disabilitato" risposta-per-riferimento="disabilitato">
        <ns2:connettore tipo="disabilitato" nome="ConnettoreRISP___modipa_SoggettoInternoVaultTest/modipa_VaultTestConnettoriPath/v1__Specific1_modipaSoggettoInternoVaultTest"/>
    </ns2:risposta-asincrona>
    <ns2:proprieta-oggetto utente-richiedente="amministratore" data-creazione="2024-07-03T16:08:00.697+02:00" utente-ultima-modifica="amministratore" data-ultima-modifica="2024-07-03T16:14:38.695+02:00"/>
</ns2:servizio-applicativo>
