<?xml version="1.0" encoding="UTF-8" standalone="yes"?>
<ns2:porta-delegata xmlns:ns2="http://www.openspcoop2.org/core/config" nome="__gw_SoggettoInternoTestAutenticazioneHttpsXca/gw_SoggettoInternoTest/gw_TestOCSPAutenticazioneHTTPSviaLDAP/v1__Specific1" descrizione="Internal Subscription 'Specific1' for gw_SoggettoInternoTestAutenticazioneHttpsXca/gw_SoggettoInternoTest/gw_TestOCSPAutenticazioneHTTPSviaLDAP/v1" autenticazione="ssl" autorizzazione="none" ricevuta-asincrona-simmetrica="abilitato" ricevuta-asincrona-asimmetrica="abilitato" allega-body="disabilitato" scarta-body="disabilitato" ricerca-porta-azione-delegata="disabilitato" stato="abilitato">
    <ns2:soggetto-erogatore tipo="gw" nome="SoggettoInternoTest"/>
    <ns2:servizio tipo="gw" nome="TestOCSPAutenticazioneHTTPSviaLDAP" versione="1"/>
    <ns2:azione identificazione="delegatedBy" nome-porta-delegante="gw_SoggettoInternoTestAutenticazioneHttpsXca/gw_SoggettoInternoTest/gw_TestOCSPAutenticazioneHTTPSviaLDAP/v1" force-interface-based="disabilitato">
        <ns2:azione-delegata>case2</ns2:azione-delegata>
        <ns2:azione-delegata>case2-revoked</ns2:azione-delegata>
        <ns2:azione-delegata>case3</ns2:azione-delegata>
        <ns2:azione-delegata>case3-revoked</ns2:azione-delegata>
    </ns2:azione>
    <ns2:proprieta nome="authentication.https.truststore" valore="/etc/govway/keys/xca/trustStore_ca.jks"/>
    <ns2:proprieta nome="authentication.https.truststore.crls" valore="ldap://127.0.0.1:9321/cn=CRL%20Holder,o=example,c=it?certificateRevocationList"/>
    <ns2:proprieta nome="authentication.https.truststore.enabled" valore="true"/>
    <ns2:proprieta nome="authentication.https.truststore.ocspPolicy" valore="alternativeCrlCheck"/>
    <ns2:proprieta nome="authentication.https.truststore.password" valore="123456"/>
    <ns2:proprieta nome="authentication.https.truststore.type" valore="JKS"/>
    <ns2:proprieta nome="authentication.https.validityCheck" valore="false"/>
    <ns2:proprieta-oggetto utente-richiedente="amministratore" data-creazione="2024-11-06T08:34:43.023+01:00" utente-ultima-modifica="amministratore" data-ultima-modifica="2024-11-06T08:36:15.919+01:00"/>
</ns2:porta-delegata>
