<?xml version="1.0" encoding="UTF-8" standalone="yes"?>
<ns2:porta-applicativa xmlns:ns2="http://www.openspcoop2.org/core/config" nome="modipa_DemoSoggettoErogatore/modipa_RestBlockingIDAR03SecurityTokenTrasformazione/v1" descrizione="Service implementation modipa/DemoSoggettoErogatore:modipa/RestBlockingIDAR03SecurityTokenTrasformazione:1" allega-body="disabilitato" scarta-body="disabilitato" gestione-manifest="disabilitato" autenticazione="ssl" autenticazione-opzionale="abilitato" autorizzazione="none" ricerca-porta-azione-delegata="abilitato" stato="abilitato">
    <ns2:servizio tipo="modipa" nome="RestBlockingIDAR03SecurityTokenTrasformazione" versione="1"/>
    <ns2:azione identificazione="interfaceBased"/>
    <ns2:servizio-applicativo nome="modipa_DemoSoggettoErogatore/modipa_RestBlockingIDAR03SecurityTokenTrasformazione/v1"/>
    <ns2:dump realtime="abilitato">
        <ns2:richiesta-ingresso payload="disabilitato" payload-parsing="disabilitato" body="disabilitato" attachments="disabilitato" headers="disabilitato"/>
        <ns2:richiesta-uscita payload="abilitato" payload-parsing="disabilitato" body="disabilitato" attachments="disabilitato" headers="abilitato"/>
        <ns2:risposta-ingresso payload="disabilitato" payload-parsing="disabilitato" body="disabilitato" attachments="disabilitato" headers="disabilitato"/>
        <ns2:risposta-uscita payload="disabilitato" payload-parsing="disabilitato" body="disabilitato" attachments="disabilitato" headers="disabilitato"/>
    </ns2:dump>
    <ns2:trasformazioni>
        <ns2:regola nome="TrasformazioneRichiesta" posizione="1" stato="abilitato">
            <ns2:richiesta conversione="false">
                <ns2:header conversione-tipo="add" nome="X-Verifica-Req-Authorization" valore="${securityToken:authorization.token}" identificazione-fallita="blocca"/>
                <ns2:header conversione-tipo="add" nome="X-Verifica-Req-Authorization-Header" valore="${securityToken:authorization.header}" identificazione-fallita="blocca"/>
                <ns2:header conversione-tipo="add" nome="X-Verifica-Req-Authorization-Payload" valore="${securityToken:authorization.payload}" identificazione-fallita="blocca"/>
            </ns2:richiesta>
        </ns2:regola>
    </ns2:trasformazioni>
</ns2:porta-applicativa>
