<?xml version="1.0" encoding="UTF-8" standalone="yes"?>
<ns2:porta-applicativa xmlns:ns2="http://www.openspcoop2.org/core/config" nome="modipa_DemoSoggettoErogatore/modipa_RestBlockingIDAR04-JWK-PayloadVuoto/v1" descrizione="Service implementation modipa/DemoSoggettoErogatore:modipa/RestBlockingIDAR04-JWK-PayloadVuoto:1" ricevuta-asincrona-simmetrica="abilitato" ricevuta-asincrona-asimmetrica="abilitato" allega-body="disabilitato" scarta-body="disabilitato" autenticazione="ssl" autenticazione-opzionale="abilitato" autorizzazione="none" ricerca-porta-azione-delegata="abilitato" stato="abilitato">
    <ns2:servizio tipo="modipa" nome="RestBlockingIDAR04-JWK-PayloadVuoto" versione="1"/>
    <ns2:azione identificazione="interfaceBased" force-interface-based="abilitato"/>
    <ns2:servizio-applicativo nome="modipa_DemoSoggettoErogatore/modipa_RestBlockingIDAR04-JWK-PayloadVuoto/v1"/>
    <ns2:gestione-token policy="SimulazionePDND-JWK" token-opzionale="disabilitato" validazione="abilitato" introspection="disabilitato" userInfo="disabilitato" forward="disabilitato"/>
    <ns2:configurazione-handler>
        <ns2:request>
            <ns2:in tipo="modiTestsuiteRequestInHandler" posizione="1" stato="abilitato"/>
        </ns2:request>
    </ns2:configurazione-handler>
</ns2:porta-applicativa>
