<?xml version="1.0" encoding="UTF-8" standalone="yes"?>
<ns2:porta-applicativa xmlns:ns2="http://www.openspcoop2.org/core/config" nome="modipa_DemoSoggettoErogatore/modipa_DemoNegoziazioneTokenSicurezzaMessaggio03ViaTokenPolicy/v1" descrizione="Service implementation modipa/DemoSoggettoErogatore:modipa/DemoNegoziazioneTokenSicurezzaMessaggio03ViaTokenPolicy:1" ricevuta-asincrona-simmetrica="abilitato" ricevuta-asincrona-asimmetrica="abilitato" allega-body="disabilitato" scarta-body="disabilitato" autenticazione="ssl" autenticazione-opzionale="abilitato" autorizzazione="token" autorizzazione-contenuto="builtIn" ricerca-porta-azione-delegata="abilitato" stato="abilitato">
    <ns2:servizio tipo="modipa" nome="DemoNegoziazioneTokenSicurezzaMessaggio03ViaTokenPolicy" versione="1"/>
    <ns2:azione identificazione="interfaceBased" force-interface-based="abilitato"/>
    <ns2:servizio-applicativo nome="modipa_DemoSoggettoErogatore/modipa_DemoNegoziazioneTokenSicurezzaMessaggio03ViaTokenPolicy/v1"/>
    <ns2:proprieta-autorizzazione-contenuto nome="${securityToken:accessToken.certificate.subject.info(CN)}" valore="ExampleClient1"/>
    <ns2:proprieta-autorizzazione-contenuto nome="${securityToken:integrity.certificate.subject.info(CN)}" valore="ExampleClient1"/>
    <ns2:gestione-token policy="MODI-Fruitore-ValidazioneTokenAuthorization" token-opzionale="disabilitato" validazione="abilitato" introspection="disabilitato" userInfo="disabilitato" forward="disabilitato" options="aud=AUDIENCE-Fruizione03ViaTokenPolicy"/>
    <ns2:dump realtime="abilitato">
        <ns2:richiesta-ingresso payload="abilitato" payload-parsing="disabilitato" body="disabilitato" attachments="disabilitato" headers="abilitato"/>
        <ns2:richiesta-uscita payload="abilitato" payload-parsing="disabilitato" body="disabilitato" attachments="disabilitato" headers="abilitato"/>
        <ns2:risposta-ingresso payload="disabilitato" payload-parsing="disabilitato" body="disabilitato" attachments="disabilitato" headers="disabilitato"/>
        <ns2:risposta-uscita payload="disabilitato" payload-parsing="disabilitato" body="disabilitato" attachments="disabilitato" headers="disabilitato"/>
    </ns2:dump>
    <ns2:proprieta-oggetto utente-richiedente="amministratore" data-creazione="2023-12-15T13:00:42.505+01:00" utente-ultima-modifica="amministratore" data-ultima-modifica="2023-12-17T08:18:10.384+01:00"/>
</ns2:porta-applicativa>
