<?xml version="1.0" encoding="UTF-8" standalone="yes"?>
<ns2:porta-applicativa xmlns:ns2="http://www.openspcoop2.org/core/config" nome="modipa_DemoSoggettoErogatore/modipa_RestBlockingIDAR03HeaderDuplicatiCheckAuthzOAuth2/v1" descrizione="Service implementation modipa/DemoSoggettoErogatore:modipa/RestBlockingIDAR03HeaderDuplicatiCheckAuthzOAuth2:1" ricevuta-asincrona-simmetrica="abilitato" ricevuta-asincrona-asimmetrica="abilitato" allega-body="disabilitato" scarta-body="disabilitato" autenticazione="ssl" autenticazione-opzionale="abilitato" autorizzazione="token" autorizzazione-contenuto="builtIn" ricerca-porta-azione-delegata="abilitato" stato="abilitato">
    <ns2:servizio tipo="modipa" nome="RestBlockingIDAR03HeaderDuplicatiCheckAuthzOAuth2" versione="1"/>
    <ns2:azione identificazione="interfaceBased" force-interface-based="abilitato"/>
    <ns2:servizio-applicativo nome="modipa_DemoSoggettoErogatore/modipa_RestBlockingIDAR03HeaderDuplicatiCheckAuthzOAuth2/v1"/>
    <ns2:proprieta-autorizzazione-contenuto nome="${property:ProfiloSicurezzaMessaggio}" valore="IDAR0301"/>
    <ns2:proprieta-autorizzazione-contenuto nome="${busta:destinatario}" valore="DemoSoggettoErogatore"/>
    <ns2:proprieta-autorizzazione-contenuto nome="${busta:mittente}" valore="DemoSoggettoFruitore"/>
    <ns2:proprieta-autorizzazione-contenuto nome="${securityToken:authorization.certificate.subject.info(CN)}" valore="ExampleClient1"/>
    <ns2:proprieta-autorizzazione-contenuto nome="${property:ProfiloSicurezzaCanale}" valore="IDAC01"/>
    <ns2:proprieta-autorizzazione-contenuto nome="${securityToken:envelope}" valore="${undefined}"/>
    <ns2:proprieta-autorizzazione-contenuto nome="${securityToken:channel}" valore="${undefined}"/>
    <ns2:proprieta-autorizzazione-contenuto nome="${securityToken:integrity.certificate.subject.info(CN)}" valore="ExampleClient1"/>
    <ns2:proprieta-autorizzazione-contenuto nome="${busta:servizioApplicativoFruitore}" valore="ApplicativoBlockingIDA01"/>
    <ns2:proprieta-autorizzazione-contenuto nome="${securityToken:integrity.token" valore="${anyValue}"/>
    <ns2:proprieta-autorizzazione-contenuto nome="${busta:versioneServizio}" valore="1"/>
    <ns2:proprieta-autorizzazione-contenuto nome="${securityToken:authorization.token" valore="${anyValue}"/>
    <ns2:proprieta-autorizzazione-contenuto nome="${busta:servizio}" valore="RestBlockingIDAR03HeaderDuplicatiCheckAuthzOAuth2"/>
    <ns2:servizi-applicativi-autorizzati>
        <ns2:servizio-applicativo tipo-soggetto-proprietario="modipa" nome-soggetto-proprietario="DemoSoggettoFruitore" nome="ApplicativoBlockingIDA01"/>
    </ns2:servizi-applicativi-autorizzati>
    <ns2:gestione-token policy="MODI-Fruitore-ValidazioneTokenAuthorization" token-opzionale="disabilitato" validazione="abilitato" introspection="disabilitato" userInfo="disabilitato" forward="disabilitato" options="test_cn=${securityToken:authorization.certificate.subject.info(CN)}&#10;test_cn=${securityToken:integrity.certificate.subject.info(CN)}&#10;test_property=${property:ProfiloSicurezzaMessaggio}&#10;iss=${busta:mittente}&#10;sub=${busta:servizioApplicativoFruitore}">
        <ns2:autenticazione issuer="abilitato" client-id="abilitato" subject="abilitato"/>
    </ns2:gestione-token>
</ns2:porta-applicativa>
