<?xml version="1.0" encoding="UTF-8" standalone="yes"?>
<ns2:porta-applicativa xmlns:ns2="http://www.openspcoop2.org/core/config" nome="modipa_DemoSoggettoErogatore/modipa_ApiDemoBlockingRestIDAC02CheckAuthz/v1" descrizione="Service implementation modipa/DemoSoggettoErogatore:modipa/ApiDemoBlockingRestIDAC02CheckAuthz:1" ricevuta-asincrona-simmetrica="abilitato" ricevuta-asincrona-asimmetrica="abilitato" allega-body="disabilitato" scarta-body="disabilitato" autenticazione="ssl" autenticazione-opzionale="disabilitato" autorizzazione="none" autorizzazione-contenuto="builtIn" ricerca-porta-azione-delegata="abilitato" stato="abilitato">
    <ns2:servizio tipo="modipa" nome="ApiDemoBlockingRestIDAC02CheckAuthz" versione="1"/>
    <ns2:azione identificazione="interfaceBased" force-interface-based="abilitato"/>
    <ns2:servizio-applicativo nome="modipa_DemoSoggettoErogatore/modipa_ApiDemoBlockingRestIDAC02CheckAuthz/v1"/>
    <ns2:proprieta-autorizzazione-contenuto nome="${busta:destinatario}" valore="DemoSoggettoErogatore"/>
    <ns2:proprieta-autorizzazione-contenuto nome="${busta:versioneServizio}" valore="1"/>
    <ns2:proprieta-autorizzazione-contenuto nome="${property:ProfiloSicurezzaCanale}" valore="IDAC02"/>
    <ns2:proprieta-autorizzazione-contenuto nome="${securityToken:channel.certificate.subject.info(CN)}" valore="Soggetto1"/>
    <ns2:proprieta-autorizzazione-contenuto nome="${busta:servizio}" valore="ApiDemoBlockingRestIDAC02CheckAuthz"/>
</ns2:porta-applicativa>
