<?xml version="1.0" encoding="UTF-8" standalone="yes"?>
<ns2:porta-applicativa xmlns:ns2="http://www.openspcoop2.org/core/config" nome="modipa_DemoSoggettoErogatore/modipa_SoapBlockingIDAS02ConAggiuntaHeader/v1" descrizione="Service implementation modipa/DemoSoggettoErogatore:modipa/SoapBlockingIDAS02ConAggiuntaHeader:1" ricevuta-asincrona-simmetrica="abilitato" ricevuta-asincrona-asimmetrica="abilitato" allega-body="disabilitato" scarta-body="disabilitato" autenticazione="ssl" autenticazione-opzionale="abilitato" autorizzazione="none" ricerca-porta-azione-delegata="abilitato" stato="abilitato">
    <ns2:servizio tipo="modipa" nome="SoapBlockingIDAS02ConAggiuntaHeader" versione="1"/>
    <ns2:azione identificazione="urlBased" pattern=".*/(?:modipa_)?DemoSoggettoErogatore/(?:modipa_)?SoapBlockingIDAS02ConAggiuntaHeader/v1/([^/|^?]*).*" force-interface-based="abilitato"/>
    <ns2:servizio-applicativo nome="modipa_DemoSoggettoErogatore/modipa_SoapBlockingIDAS02ConAggiuntaHeader/v1"/>
    <ns2:trasformazioni>
        <ns2:regola nome="AddHeader" posizione="1" stato="abilitato">
            <ns2:richiesta conversione="true" conversione-tipo="freemarker-context">
                <ns2:conversione-template>JHtyZXF1ZXN0LmFkZFNvYXBIZWFkZXIoIjx0MjplbGVtZW50b1Rlc3QyIHhtbG5zOnQyPVwiaHR0cDovL3Rlc3RcIj5QUk9WQTI8L3QyOmVsZW1lbnRvVGVzdDI+Iil9Cg==</ns2:conversione-template>
            </ns2:richiesta>
        </ns2:regola>
    </ns2:trasformazioni>
</ns2:porta-applicativa>
