<?xml version="1.0" encoding="UTF-8" standalone="yes"?>
<ns2:porta-applicativa xmlns:ns2="http://www.openspcoop2.org/core/config" nome="__modipa_DemoSoggettoErogatore/modipa_RestBlockingIDAR0302MultipartRequest/v1__Specific1" descrizione="Internal Implementation 'Specific1' for modipa_DemoSoggettoErogatore/modipa_RestBlockingIDAR0302MultipartRequest/v1" ricevuta-asincrona-simmetrica="abilitato" ricevuta-asincrona-asimmetrica="abilitato" allega-body="disabilitato" scarta-body="disabilitato" autenticazione="ssl" autenticazione-opzionale="abilitato" autorizzazione="none" ricerca-porta-azione-delegata="disabilitato" stato="abilitato">
    <ns2:servizio tipo="modipa" nome="RestBlockingIDAR0302MultipartRequest" versione="1"/>
    <ns2:azione identificazione="delegatedBy" nome-porta-delegante="modipa_DemoSoggettoErogatore/modipa_RestBlockingIDAR0302MultipartRequest/v1" force-interface-based="disabilitato">
        <ns2:azione-delegata>POST_multipart.test-dump</ns2:azione-delegata>
    </ns2:azione>
    <ns2:servizio-applicativo nome="modipa_DemoSoggettoErogatore/modipa_RestBlockingIDAR0302MultipartRequest/v1"/>
    <ns2:validazione-contenuti-applicativi stato="disabilitato" tipo="xsd" accept-mtom-message="disabilitato"/>
    <ns2:dump realtime="abilitato">
        <ns2:richiesta-ingresso payload="abilitato" payload-parsing="disabilitato" body="disabilitato" attachments="disabilitato" headers="abilitato"/>
        <ns2:richiesta-uscita payload="abilitato" payload-parsing="disabilitato" body="disabilitato" attachments="disabilitato" headers="abilitato"/>
        <ns2:risposta-ingresso payload="abilitato" payload-parsing="disabilitato" body="disabilitato" attachments="disabilitato" headers="abilitato"/>
        <ns2:risposta-uscita payload="abilitato" payload-parsing="disabilitato" body="disabilitato" attachments="disabilitato" headers="abilitato"/>
    </ns2:dump>
</ns2:porta-applicativa>
