<?xml version="1.0" encoding="UTF-8" standalone="yes"?>
<ns2:porta-applicativa xmlns:ns2="http://www.openspcoop2.org/core/config" nome="__modipa_DemoSoggettoErogatore/modipa_TestRecuperoInformazioniPDNDRateLimitingSenzaPDNDOrganization/v1__Specific1" descrizione="Internal Implementation 'Specific1' for modipa_DemoSoggettoErogatore/modipa_TestRecuperoInformazioniPDNDRateLimitingSenzaPDNDOrganization/v1" ricevuta-asincrona-simmetrica="abilitato" ricevuta-asincrona-asimmetrica="abilitato" allega-body="disabilitato" scarta-body="disabilitato" autenticazione="ssl" autenticazione-opzionale="abilitato" autorizzazione="token" ricerca-porta-azione-delegata="disabilitato" stato="abilitato">
    <ns2:servizio tipo="modipa" nome="TestRecuperoInformazioniPDNDRateLimitingSenzaPDNDOrganization" versione="1"/>
    <ns2:azione identificazione="delegatedBy" nome-porta-delegante="modipa_DemoSoggettoErogatore/modipa_TestRecuperoInformazioniPDNDRateLimitingSenzaPDNDOrganization/v1" force-interface-based="disabilitato">
        <ns2:azione-delegata>accept</ns2:azione-delegata>
    </ns2:azione>
    <ns2:servizio-applicativo nome="modipa_DemoSoggettoErogatore/modipa_TestRecuperoInformazioniPDNDRateLimitingSenzaPDNDOrganization/v1"/>
    <ns2:gestione-token policy="SimulazionePDND-JWK" token-opzionale="disabilitato" validazione="abilitato" introspection="disabilitato" userInfo="disabilitato" forward="disabilitato" options="aud=TestRecuperoInformazioniPDNDRateLimitingSenzaPDNDOrganization/v1"/>
    <ns2:proprieta nome="pdnd.rateLimitingByOrganization.infoNotAvailable.abortTransaction" valore="false"/>
    <ns2:proprieta-oggetto utente-richiedente="amministratore" data-creazione="2024-07-19T15:55:44.502+02:00" utente-ultima-modifica="amministratore" data-ultima-modifica="2024-07-19T15:56:00.322+02:00"/>
</ns2:porta-applicativa>
