<?xml version="1.0" encoding="UTF-8" standalone="yes"?>
<ns2:porta-applicativa xmlns:ns2="http://www.openspcoop2.org/core/config" nome="__modipa_DemoSoggettoErogatore/modipa_DemoAutorizzazioneTokenSoap/v1__Specific2" descrizione="Internal Implementation 'Specific2' for modipa_DemoSoggettoErogatore/modipa_DemoAutorizzazioneTokenSoap/v1" ricevuta-asincrona-simmetrica="abilitato" ricevuta-asincrona-asimmetrica="abilitato" allega-body="disabilitato" scarta-body="disabilitato" autenticazione="ssl" autenticazione-opzionale="abilitato" autorizzazione="token" ricerca-porta-azione-delegata="disabilitato" stato="abilitato">
    <ns2:servizio tipo="modipa" nome="DemoAutorizzazioneTokenSoap" versione="1"/>
    <ns2:azione identificazione="delegatedBy" nome-porta-delegante="modipa_DemoSoggettoErogatore/modipa_DemoAutorizzazioneTokenSoap/v1" force-interface-based="disabilitato">
        <ns2:azione-delegata>puntualeRuoli</ns2:azione-delegata>
    </ns2:azione>
    <ns2:servizio-applicativo nome="modipa_DemoSoggettoErogatore/modipa_DemoAutorizzazioneTokenSoap/v1"/>
    <ns2:servizi-applicativi-autorizzati>
        <ns2:servizio-applicativo tipo-soggetto-proprietario="modipa" nome-soggetto-proprietario="DemoSoggettoFruitore" nome="ApplicativoBlockingIDA01"/>
        <ns2:servizio-applicativo tipo-soggetto-proprietario="modipa" nome-soggetto-proprietario="DemoSoggettoFruitore" nome="ApplicativoBlockingIDA01ExampleClientToken1"/>
        <ns2:servizio-applicativo tipo-soggetto-proprietario="modipa" nome-soggetto-proprietario="DemoSoggettoFruitoreEsterno" nome="ApplicativoBlockingIDA01ExampleExternalClient1"/>
        <ns2:servizio-applicativo tipo-soggetto-proprietario="modipa" nome-soggetto-proprietario="DemoSoggettoFruitoreEsterno" nome="ApplicativoBlockingIDA01ExampleExternalClientToken1"/>
    </ns2:servizi-applicativi-autorizzati>
    <ns2:gestione-token policy="MODI-Fruitore-ValidazioneTokenAuthorization" token-opzionale="disabilitato" validazione="abilitato" introspection="disabilitato" userInfo="disabilitato" forward="abilitato"/>
    <ns2:autorizzazione-token autorizzazione-applicativi="abilitato" autorizzazione-ruoli="abilitato" tipologia-ruoli="qualsiasi">
        <ns2:ruoli match="all">
            <ns2:ruolo nome="ModIRuolo1FonteQualsiasi"/>
            <ns2:ruolo nome="ModIRuolo2FonteRegistro"/>
        </ns2:ruoli>
    </ns2:autorizzazione-token>
</ns2:porta-applicativa>
