<?xml version="1.0" encoding="UTF-8" standalone="yes"?>
<ns2:porta-applicativa xmlns:ns2="http://www.openspcoop2.org/core/config" nome="__modipa_DemoSoggettoErogatore/modipa_DemoAutorizzazioneModIRest/v1__Specific6" descrizione="Internal Implementation 'Specific6' for modipa_DemoSoggettoErogatore/modipa_DemoAutorizzazioneModIRest/v1" ricevuta-asincrona-simmetrica="abilitato" ricevuta-asincrona-asimmetrica="abilitato" allega-body="disabilitato" scarta-body="disabilitato" autenticazione="ssl" autenticazione-opzionale="disabilitato" autorizzazione="authenticated" ricerca-porta-azione-delegata="disabilitato" stato="abilitato">
    <ns2:servizio tipo="modipa" nome="DemoAutorizzazioneModIRest" versione="1"/>
    <ns2:azione identificazione="delegatedBy" nome-porta-delegante="modipa_DemoSoggettoErogatore/modipa_DemoAutorizzazioneModIRest/v1" force-interface-based="disabilitato">
        <ns2:azione-delegata>httpsRequired3</ns2:azione-delegata>
        <ns2:azione-delegata>httpsRequired4</ns2:azione-delegata>
    </ns2:azione>
    <ns2:servizio-applicativo nome="modipa_DemoSoggettoErogatore/modipa_DemoAutorizzazioneModIRest/v1"/>
    <ns2:soggetti>
        <ns2:soggetto tipo="modipa" nome="DemoSoggettoFruitoreEsternoIntermediario"/>
    </ns2:soggetti>
    <ns2:servizi-applicativi-autorizzati>
        <ns2:servizio-applicativo tipo-soggetto-proprietario="modipa" nome-soggetto-proprietario="DemoSoggettoFruitoreEsterno" nome="ApplicativoBlockingIDA01ExampleExternalClient4"/>
        <ns2:servizio-applicativo tipo-soggetto-proprietario="modipa" nome-soggetto-proprietario="DemoSoggettoFruitoreEsterno" nome="ApplicativoBlockingIDA01ExampleExternalClient1SoloCertificato"/>
        <ns2:servizio-applicativo tipo-soggetto-proprietario="modipa" nome-soggetto-proprietario="DemoSoggettoFruitore" nome="ApplicativoBlockingIDA01"/>
        <ns2:servizio-applicativo tipo-soggetto-proprietario="modipa" nome-soggetto-proprietario="DemoSoggettoFruitore" nome="ApplicativoBlockingIDA01ExampleClient4"/>
    </ns2:servizi-applicativi-autorizzati>
    <ns2:autorizzazione-token autorizzazione-applicativi="abilitato" autorizzazione-ruoli="disabilitato" tipologia-ruoli="qualsiasi"/>
    <ns2:proprieta-oggetto utente-richiedente="amministratore" data-creazione="2024-06-12T07:40:38.211+02:00" utente-ultima-modifica="amministratore" data-ultima-modifica="2024-06-12T07:40:52.436+02:00"/>
</ns2:porta-applicativa>
