<?xml version="1.0" encoding="UTF-8" standalone="yes"?>
<ns2:generic-properties xmlns:ns2="http://www.openspcoop2.org/core/config" nome="PKCS11-NegoziazioneDPoP" tipologia="retrievePolicyToken" tipo="retrieveToken">
    <ns2:property nome="policy.retrieveToken.dpop.cache.enabled" valore="false"/>
    <ns2:property nome="policy.retrieveToken.jwt.audience" valore="http://Audience-NegoziazioneSignedJWT"/>
    <ns2:property nome="policy.retrieveToken.dpop.signature.keystorePassword" valore="-"/>
    <ns2:property nome="policy.retrieveToken.jwt.signature.joseType" valore="JWT"/>
    <ns2:property nome="policy.retrieveToken.dpop.signature.keyPassword" valore="-"/>
    <ns2:property nome="policy.retrieveToken.jwt.pdnd" valore="false"/>
    <ns2:property nome="policy.retrieveToken.dpop.signature.keystoreType" valore="pkcs11-client2"/>
    <ns2:property nome="policy.retrieveToken.jwt.issuer" valore="Issuer-NegoziazioneSignedJWT"/>
    <ns2:property nome="policy.retrieveToken.jwt.signature.algorithm" valore="RS256"/>
    <ns2:property nome="policy.retrieveToken.jwt.clientId" valore="ClientID-NegoziazioneSignedJWT"/>
    <ns2:property nome="policy.retrieveToken.jwt.signature.keystorePassword" valore="-"/>
    <ns2:property nome="policy.endpoint.https.stato" valore="false"/>
    <ns2:property nome="policy.retrieveToken.dpop.signature.byok" valore="-"/>
    <ns2:property nome="policy.retrieveToken.dpop" valore="true"/>
    <ns2:property nome="policy.retrieveToken.jwt.jti" valore="${transaction:id}"/>
    <ns2:property nome="endpointConfig_@@@_connectionTimeout" valore="5000"/>
    <ns2:property nome="policy.retrieveToken.jwt.signature.include.key.id" valore="false"/>
    <ns2:property nome="policy.tokenForward.mode" valore="RFC6750_header"/>
    <ns2:property nome="policy.retrieveToken.jwt.signature.keyPassword" valore="-"/>
    <ns2:property nome="endpointConfig_@@@_readConnectionTimeout" valore="10000"/>
    <ns2:property nome="policy.retrieveToken.dpop.signature.algorithm" valore="RS256"/>
    <ns2:property nome="policy.retrieveToken.jwt.signature.keyAlias" valore="server_hsm"/>
    <ns2:property nome="policy.retrieveToken.endpoint.url" valore="http://127.0.0.1:8080/govway/SoggettoInternoTest/AuthorizationServerDummy/v1/tokenJwt/NegoziazioneSignedJWT"/>
    <ns2:property nome="policy.retrieveToken.mode" valore="rfc7523_x509"/>
    <ns2:property nome="policy.retrieveToken.jwt.signature.keystoreFile" valore="HSM-pkcs11-server"/>
    <ns2:property nome="policy.endpoint.proxy.stato" valore="false"/>
    <ns2:property nome="jwtSignatureIncludeCertShaMode" valore="-"/>
    <ns2:property nome="policy.retrieveToken.jwt.signature.keystoreType" valore="pkcs11-server"/>
    <ns2:property nome="policy.retrieveToken.jwt.expired" valore="300"/>
    <ns2:property nome="policy.retrieveToken.claimsParser" valore="OAUTH2_RFC_6749"/>
    <ns2:property nome="policy.retrieveToken.dpop.signature.keystoreFile" valore="HSM-pkcs11-client2"/>
    <ns2:property nome="policy.tokenForward.dpop.mode" valore="RFC9449_header"/>
    <ns2:property nome="policy.retrieveToken.jwt.signature.joseContentType" valore="false"/>
    <ns2:property nome="policy.retrieveToken.jwt.signature.byok" valore="-"/>
    <ns2:property nome="policy.retrieveToken.saveErrorInCache" valore="false"/>
    <ns2:property nome="jwtSignatureIncludeCertMode" valore="-"/>
    <ns2:property nome="policy.retrieveToken.dpop.signature.keyAlias" valore="client2_hsm"/>
    <ns2:proprieta-oggetto utente-richiedente="amministratore" data-creazione="2026-01-26T17:16:48.381+01:00"/>
</ns2:generic-properties>
