<?xml version="1.0" encoding="UTF-8" standalone="yes"?>
<ns2:generic-properties xmlns:ns2="http://www.openspcoop2.org/core/config" nome="PKCS11-TLS-TrustAll-ClientNoAlias" tipologia="retrievePolicyToken" tipo="retrieveToken">
    <ns2:property nome="policy.endpoint.proxy.stato" valore="false"/>
    <ns2:property nome="policy.retrieveToken.audience" valore="aud"/>
    <ns2:property nome="sslClientConfig_@@@_keyStorePassword" valore="-"/>
    <ns2:property nome="sslConfig_@@@_hostnameVerifier" valore="true"/>
    <ns2:property nome="sslConfig_@@@_trustAllCerts" valore="true"/>
    <ns2:property nome="sslClientConfig_@@@_keyStoreType" valore="pkcs11-client1"/>
    <ns2:property nome="policy.endpoint.https.stato" valore="true"/>
    <ns2:property nome="policy.retrieveToken.claimsParser" valore="OAUTH2_RFC_6749"/>
    <ns2:property nome="policy.retrieveToken.scope" valore="s1,s2"/>
    <ns2:property nome="endpointConfig_@@@_connectionTimeout" valore="10000"/>
    <ns2:property nome="policy.retrieveToken.saveErrorInCache" valore="false"/>
    <ns2:property nome="policy.tokenForward.mode" valore="CUSTOM_header"/>
    <ns2:property nome="sslClientConfig_@@@_keyStoreLocation" valore="HSM-pkcs11-client1"/>
    <ns2:property nome="policy.retrieveToken.endpoint.bearer.stato" valore="false"/>
    <ns2:property nome="sslClientConfig_@@@_keyPassword" valore="-"/>
    <ns2:property nome="policy.endpoint.ssl.mode" valore="ridefinito"/>
    <ns2:property nome="endpointConfig_@@@_readConnectionTimeout" valore="120000"/>
    <ns2:property nome="sslConfig_@@@_sslType" valore="TLSv1.2"/>
    <ns2:property nome="policy.tokenForward.mode.header" valore="CustomTOKEN"/>
    <ns2:property nome="policy.retrieveToken.endpoint.basic.stato" valore="false"/>
    <ns2:property nome="sslClientConfig_@@@_keyManagementAlgorithm" valore="SunX509"/>
    <ns2:property nome="policy.retrieveToken.endpoint.https.stato" valore="true"/>
    <ns2:property nome="policy.retrieveToken.endpoint.url" valore="https://Erogatore:8444/govway/SoggettoInternoTest/AuthorizationServerDummy/v1/token/TLS-TrustAll-ClientNoAlias"/>
    <ns2:property nome="policy.retrieveToken.mode" valore="clientCredentials"/>
</ns2:generic-properties>
