<?xml version="1.0" encoding="UTF-8" standalone="yes"?>
<ns2:generic-properties xmlns:ns2="http://www.openspcoop2.org/core/config" nome="TestNegoziazioneSignedJWT3" tipologia="retrievePolicyToken" tipo="retrieveToken">
    <ns2:property nome="policy.retrieveToken.jwt.audience" valore="${undefined}"/>
    <ns2:property nome="policy.retrieveToken.jwt.signature.include.key.id.value" valore="PERS-${header:test-suffix}"/>
    <ns2:property nome="policy.retrieveToken.jwt.signature.joseType" valore="${undefined}"/>
    <ns2:property nome="policy.retrieveToken.jwt.issuer" valore="${undefined}"/>
    <ns2:property nome="policy.retrieveToken.jwt.signature.algorithm" valore="RS256"/>
    <ns2:property nome="policy.retrieveToken.jwt.clientId" valore="${undefined}"/>
    <ns2:property nome="policy.retrieveToken.jwt.jti" valore="identifier${header:test-suffix}"/>
    <ns2:property nome="policy.retrieveToken.jwt.signature.keystorePassword" valore="openspcoop"/>
    <ns2:property nome="policy.endpoint.https.stato" valore="false"/>
    <ns2:property nome="policy.retrieveToken.jwt.signature.include.x509url" valore="http://test/${header:test-suffix}"/>
    <ns2:property nome="endpointConfig_@@@_connectionTimeout" valore="10000"/>
    <ns2:property nome="policy.retrieveToken.jwt.signature.include.key.id" valore="custom"/>
    <ns2:property nome="policy.tokenForward.mode" valore="RFC6750_header"/>
    <ns2:property nome="policy.retrieveToken.jwt.signature.keyPassword" valore="openspcoop"/>
    <ns2:property nome="endpointConfig_@@@_readConnectionTimeout" valore="120000"/>
    <ns2:property nome="policy.retrieveToken.jwt.signature.keyAlias" valore="erogatore"/>
    <ns2:property nome="policy.retrieveToken.endpoint.url" valore="http://localhost:8080/govway/SoggettoInternoTest/AuthorizationServerClientCredentialsDummy/v1/${header:test-azione}"/>
    <ns2:property nome="policy.retrieveToken.mode" valore="rfc7523_x509"/>
    <ns2:property nome="policy.retrieveToken.jwt.signature.keystoreFile" valore="/etc/govway/keys/erogatore.jks"/>
    <ns2:property nome="policy.endpoint.proxy.stato" valore="false"/>
    <ns2:property nome="jwtSignatureIncludeCertShaMode" valore="sha256"/>
    <ns2:property nome="policy.retrieveToken.audience" valore="${header:test-decode-position}"/>
    <ns2:property nome="policy.retrieveToken.jwt.signature.keystoreType" valore="jks"/>
    <ns2:property nome="policy.retrieveToken.jwt.subject" valore="${undefined}"/>
    <ns2:property nome="policy.retrieveToken.jwt.signature.include.cert.sha256" valore="true"/>
    <ns2:property nome="policy.retrieveToken.jwt.expired" valore="300"/>
    <ns2:property nome="policy.retrieveToken.claimsParser" valore="OAUTH2_RFC_6749"/>
    <ns2:property nome="policy.retrieveToken.jwt.signature.joseContentType" valore="false"/>
    <ns2:property nome="policy.retrieveToken.saveErrorInCache" valore="false"/>
    <ns2:property nome="jwtSignatureIncludeCertMode" valore="x5u"/>
</ns2:generic-properties>
