<?xml version="1.0" encoding="UTF-8" standalone="yes"?>
<ns2:generic-properties xmlns:ns2="http://www.openspcoop2.org/core/config" nome="TestNegoziazioneSignedJWTDPoP" tipologia="retrievePolicyToken" tipo="retrieveToken">
    <ns2:property nome="policy.retrieveToken.jwt.pdnd" valore="false"/>
    <ns2:property nome="policy.retrieveToken.dpop.cache.enabled" valore="false"/>
    <ns2:property nome="policy.retrieveToken.jwt.audience" valore="test"/>
    <ns2:property nome="policy.retrieveToken.jwt.signature.joseType" valore="JWT"/>
    <ns2:property nome="policy.retrieveToken.dpop.signature.keyPassword" valore="123456"/>
    <ns2:property nome="policy.retrieveToken.dpop.signature.keystoreType" valore="keys"/>
    <ns2:property nome="policy.retrieveToken.jwt.signature.algorithm" valore="ES256"/>
    <ns2:property nome="policy.retrieveToken.jwt.clientId" valore="test"/>
    <ns2:property nome="policy.endpoint.https.stato" valore="false"/>
    <ns2:property nome="policy.retrieveToken.dpop.signature.keyPairAlgorithm" valore="EC"/>
    <ns2:property nome="policy.retrieveToken.dpop.signature.keystoreFilePublicKey" valore="/etc/govway/keys/keyPair-test-es256_encrypted_public.pem"/>
    <ns2:property nome="policy.retrieveToken.dpop" valore="true"/>
    <ns2:property nome="policy.retrieveToken.jwt.jti" valore="${transaction:id}"/>
    <ns2:property nome="policy.retrieveToken.jwt.signature.keyPairAlgorithm" valore="EC"/>
    <ns2:property nome="endpointConfig_@@@_connectionTimeout" valore="5000"/>
    <ns2:property nome="policy.retrieveToken.jwt.signature.include.key.id" valore="false"/>
    <ns2:property nome="policy.tokenForward.mode" valore="RFC6750_header"/>
    <ns2:property nome="endpointConfig_@@@_readConnectionTimeout" valore="10000"/>
    <ns2:property nome="policy.retrieveToken.dpop.signature.algorithm" valore="ES256"/>
    <ns2:property nome="policy.retrieveToken.endpoint.url" valore="http://localhost:8080/govway/SoggettoInternoTest/AuthorizationServerDPoPDummy/v1/signedJwt3"/>
    <ns2:property nome="policy.retrieveToken.mode" valore="rfc7523_x509"/>
    <ns2:property nome="policy.retrieveToken.jwt.signature.keystoreFile" valore="/etc/govway/keys/keyPair-test-es256_private.pem"/>
    <ns2:property nome="policy.tokenForward.dpop.mode.header" valore="custom_header"/>
    <ns2:property nome="policy.endpoint.proxy.stato" valore="false"/>
    <ns2:property nome="jwtSignatureIncludeCertShaMode" valore="-"/>
    <ns2:property nome="policy.retrieveToken.jwt.signature.keystoreType" valore="keys"/>
    <ns2:property nome="policy.retrieveToken.jwt.expired" valore="300"/>
    <ns2:property nome="policy.retrieveToken.claimsParser" valore="OAUTH2_RFC_6749"/>
    <ns2:property nome="policy.retrieveToken.dpop.signature.keystoreFile" valore="/etc/govway/keys/keyPair-test-es256_encrypted_private.pem"/>
    <ns2:property nome="policy.tokenForward.dpop.mode" valore="CUSTOM_header"/>
    <ns2:property nome="policy.retrieveToken.jwt.signature.joseContentType" valore="false"/>
    <ns2:property nome="policy.retrieveToken.saveErrorInCache" valore="false"/>
    <ns2:property nome="policy.retrieveToken.jwt.signature.keystoreFilePublicKey" valore="/etc/govway/keys/keyPair-test-es256_public.pem"/>
    <ns2:property nome="jwtSignatureIncludeCertMode" valore="-"/>
    <ns2:property nome="policy.retrieveToken.httpHeaders" valore="dpop-test-alg=ES256&#10;dpop-test-jwk-kty=EC&#10;dpop-test-jwk-crv=P-256"/>
    <ns2:proprieta-oggetto utente-richiedente="amministratore" data-creazione="2026-01-19T09:03:52.455+01:00" utente-ultima-modifica="amministratore" data-ultima-modifica="2026-01-19T13:08:13.342+01:00"/>
</ns2:generic-properties>
