<?xml version="1.0" encoding="UTF-8" standalone="yes"?>
<ns2:generic-properties xmlns:ns2="http://www.openspcoop2.org/core/config" nome="TestNegoziazioneClientCredentials" tipologia="retrievePolicyToken" tipo="retrieveToken">
    <ns2:property nome="policy.endpoint.proxy.stato" valore="false"/>
    <ns2:property nome="policy.retrieveToken.endpoint.basic.username" valore="ClientIDVerificaNegoziazioneConSecret"/>
    <ns2:property nome="policy.retrieveToken.endpoint.basic.password" valore="Password123456VerificaNegoziazioneConSecret"/>
    <ns2:property nome="policy.retrieveToken.endpoint.basic.asAuthorizationHeader" valore="false"/>
    <ns2:property nome="policy.endpoint.https.stato" valore="false"/>
    <ns2:property nome="policy.retrieveToken.claimsParser" valore="OAUTH2_RFC_6749"/>
    <ns2:property nome="endpointConfig_@@@_connectionTimeout" valore="10000"/>
    <ns2:property nome="policy.retrieveToken.saveErrorInCache" valore="false"/>
    <ns2:property nome="policy.tokenForward.mode" valore="RFC6750_header"/>
    <ns2:property nome="endpointConfig_@@@_readConnectionTimeout" valore="120000"/>
    <ns2:property nome="policy.retrieveToken.endpoint.basic.stato" valore="true"/>
    <ns2:property nome="policy.retrieveToken.endpoint.https.stato" valore="false"/>
    <ns2:property nome="policy.retrieveToken.endpoint.url" valore="http://localhost:8080/govway/SoggettoInternoTest/AuthorizationServerClientCredentialsDummy/v1/clientid_clientsecret"/>
    <ns2:property nome="policy.retrieveToken.mode" valore="clientCredentials"/>
</ns2:generic-properties>
