<?xml version="1.0" encoding="UTF-8" standalone="yes"?>
<ns2:generic-properties xmlns:ns2="http://www.openspcoop2.org/core/config" nome="TestNegoziazioneCustomRaw" tipologia="retrievePolicyToken" tipo="retrieveToken">
    <ns2:property nome="policy.endpoint.proxy.stato" valore="false"/>
    <ns2:property nome="policy.retrieveToken.httpContentType" valore="application/octect-stream"/>
    <ns2:property nome="policy.retrieveToken.httpMethod" valore="POST"/>
    <ns2:property nome="retrieveTokenParserPropRefId_@@@_token.parser.expires_in_sec" valore="10"/>
    <ns2:property nome="policy.endpoint.https.stato" valore="false"/>
    <ns2:property nome="policy.retrieveToken.claimsParser.custom" valore="RAW"/>
    <ns2:property nome="policy.retrieveToken.httpPayloadTemplateType" valore="template"/>
    <ns2:property nome="policy.retrieveToken.claimsParser" valore="OAUTH2_RFC_6749"/>
    <ns2:property nome="endpointConfig_@@@_connectionTimeout" valore="5000"/>
    <ns2:property nome="policy.retrieveToken.saveErrorInCache" valore="false"/>
    <ns2:property nome="policy.tokenForward.mode" valore="CUSTOM_header"/>
    <ns2:property nome="policy.retrieveToken.endpoint.bearer.stato" valore="false"/>
    <ns2:property nome="endpointConfig_@@@_readConnectionTimeout" valore="10000"/>
    <ns2:property nome="policy.tokenForward.mode.header" valore="test-access-token"/>
    <ns2:property nome="policy.retrieveToken.endpoint.basic.stato" valore="false"/>
    <ns2:property nome="policy.retrieveToken.httpPayload" valore="${header:test_raw_token}"/>
    <ns2:property nome="policy.retrieveToken.endpoint.https.stato" valore="false"/>
    <ns2:property nome="policy.retrieveToken.endpoint.url" valore="http://127.0.0.1:8080/TestService/echo"/>
    <ns2:property nome="policy.retrieveToken.mode" valore="custom"/>
    <ns2:property nome="policy.retrieveToken.httpMethod.payloadDefined" valore="true"/>
    <ns2:proprieta-oggetto utente-richiedente="amministratore" data-creazione="2024-07-23T11:41:18.443+02:00" utente-ultima-modifica="amministratore" data-ultima-modifica="2024-07-23T12:41:19.421+02:00"/>
</ns2:generic-properties>
