<?xml version="1.0" encoding="UTF-8" standalone="yes"?>
<ns2:generic-properties xmlns:ns2="http://www.openspcoop2.org/core/config" nome="TestNegoziazioneSignedJWT-PDND" tipologia="retrievePolicyToken" tipo="retrieveToken">
    <ns2:property nome="policy.retrieveToken.jwt.pdnd" valore="true"/>
    <ns2:property nome="policy.retrieveToken.jwt.audience" valore="audience${header:test-aud}"/>
    <ns2:property nome="policy.retrieveToken.jwt.signature.include.key.id.value" valore="${header:test-kid}"/>
    <ns2:property nome="policy.retrieveToken.jwt.signature.joseType" valore="JWT"/>
    <ns2:property nome="policy.retrieveToken.jwt.issuer" valore="issuer${header:test-issuer}"/>
    <ns2:property nome="policy.retrieveToken.jwt.signature.algorithm" valore="RS256"/>
    <ns2:property nome="policy.retrieveToken.jwt.clientId" valore="clientID${header:test-clientId}"/>
    <ns2:property nome="policy.retrieveToken.jwt.signature.keystorePassword" valore="openspcoop"/>
    <ns2:property nome="policy.endpoint.https.stato" valore="false"/>
    <ns2:property nome="endpointConfig_@@@_connectionTimeout" valore="10000"/>
    <ns2:property nome="policy.retrieveToken.jwt.signature.include.key.id" valore="custom"/>
    <ns2:property nome="policy.tokenForward.mode" valore="RFC6750_header"/>
    <ns2:property nome="policy.retrieveToken.jwt.signature.keyPassword" valore="openspcoop"/>
    <ns2:property nome="policy.retrieveToken.jwt.claims" valore="c1=value${header:test-claim}&#10;c2=value2&#10;c3={&quot;prova&quot;:&quot;valoreProva&quot;, &quot;prova2&quot;:&quot;val-${header:test-suffix}&quot;,&quot;prova3&quot;:3}&#10;c4=[&quot;valoreProva&quot;, &quot;valoreProva2&quot;, &quot;val-${header:test-suffix}&quot;]&#10;c5=[1,2,3]"/>
    <ns2:property nome="endpointConfig_@@@_readConnectionTimeout" valore="120000"/>
    <ns2:property nome="policy.retrieveToken.jwt.signature.keyAlias" valore="erogatore"/>
    <ns2:property nome="policy.retrieveToken.endpoint.url" valore="http://localhost:8080/govway/SoggettoInternoTest/AuthorizationServerClientCredentialsDummy/v1/${header:test-azione}"/>
    <ns2:property nome="policy.retrieveToken.mode" valore="rfc7523_x509"/>
    <ns2:property nome="policy.retrieveToken.jwt.signature.keystoreFile" valore="/etc/govway/keys/erogatore.jks"/>
    <ns2:property nome="policy.endpoint.proxy.stato" valore="false"/>
    <ns2:property nome="jwtSignatureIncludeCertShaMode" valore="-"/>
    <ns2:property nome="policy.retrieveToken.audience" valore="${header:test-decode-position}"/>
    <ns2:property nome="policy.retrieveToken.jwt.signature.keystoreType" valore="jks"/>
    <ns2:property nome="policy.retrieveToken.jwt.subject" valore="subject${header:test-subject}"/>
    <ns2:property nome="policy.retrieveToken.jwt.jti" valore="identifier${header:test-jti}"/>
    <ns2:property nome="policy.retrieveToken.jwt.purposeId" valore="purposeID${header:test-purposeId}"/>
    <ns2:property nome="policy.retrieveToken.jwt.expired" valore="300"/>
    <ns2:property nome="policy.retrieveToken.claimsParser" valore="OAUTH2_RFC_6749"/>
    <ns2:property nome="policy.retrieveToken.scope" valore="s1,s${header:test-scope}"/>
    <ns2:property nome="policy.retrieveToken.formParameters" valore="p1=v1&#10;p2=${header:test-p2}"/>
    <ns2:property nome="policy.retrieveToken.jwt.signature.joseContentType" valore="false"/>
    <ns2:property nome="policy.retrieveToken.saveErrorInCache" valore="false"/>
    <ns2:property nome="jwtSignatureIncludeCertMode" valore="-"/>
    <ns2:property nome="policy.retrieveToken.jwt.sessionInfo" valore="session1=value${header:test-sessionInfo}&#10;session2=value2&#10;session3={&quot;prova&quot;:&quot;valoreProva&quot;, &quot;prova2&quot;:&quot;val-${header:test-suffix}&quot;,&quot;prova3&quot;:3}&#10;session4=[&quot;valoreProva&quot;, &quot;valoreProva2&quot;, &quot;val-${header:test-suffix}&quot;]&#10;session5=[1,2,3]&#10;"/>
    <ns2:property nome="policy.retrieveToken.formClientId" valore="client-form-${header:test-formClientId}"/>
</ns2:generic-properties>
