<?xml version="1.0" encoding="UTF-8" standalone="yes"?>
<ns2:generic-properties xmlns:ns2="http://www.openspcoop2.org/core/config" nome="TestNegoziazioneUserPassword" tipologia="retrievePolicyToken" tipo="retrieveToken">
    <ns2:property nome="policy.endpoint.proxy.stato" valore="false"/>
    <ns2:property nome="policy.retrieveToken.audience" valore="ResourceOwnerPassword"/>
    <ns2:property nome="policy.tokenForward.mode.queryParameter" valore="custom_parameter"/>
    <ns2:property nome="policy.endpoint.https.stato" valore="false"/>
    <ns2:property nome="policy.retrieveToken.claimsParser" valore="OAUTH2_RFC_6749"/>
    <ns2:property nome="policy.retrieveToken.scope" valore="scope1"/>
    <ns2:property nome="policy.retrieveToken.username" valore="${header:test-username}"/>
    <ns2:property nome="endpointConfig_@@@_connectionTimeout" valore="10000"/>
    <ns2:property nome="policy.retrieveToken.saveErrorInCache" valore="false"/>
    <ns2:property nome="policy.tokenForward.mode" valore="CUSTOM_url"/>
    <ns2:property nome="policy.retrieveToken.endpoint.bearer.stato" valore="false"/>
    <ns2:property nome="endpointConfig_@@@_readConnectionTimeout" valore="120000"/>
    <ns2:property nome="policy.retrieveToken.endpoint.basic.stato" valore="false"/>
    <ns2:property nome="policy.retrieveToken.endpoint.https.stato" valore="false"/>
    <ns2:property nome="policy.retrieveToken.endpoint.url" valore="http://localhost:8080/govway/SoggettoInternoTest/AuthorizationServerClientCredentialsDummy/v1/${header:test-azione}"/>
    <ns2:property nome="policy.retrieveToken.mode" valore="usernamePassword"/>
    <ns2:property nome="policy.retrieveToken.password" valore="ResourceOwnerPasswordTest"/>
</ns2:generic-properties>
