<?xml version="1.0" encoding="UTF-8" standalone="yes"?>
<ns2:generic-properties xmlns:ns2="http://www.openspcoop2.org/core/config" nome="TestNegoziazioneSignedJWT-keystoreJksNoPassword-KeyNoPassword" tipologia="retrievePolicyToken" tipo="retrieveToken">
    <ns2:property nome="policy.retrieveToken.jwt.pdnd" valore="false"/>
    <ns2:property nome="policy.retrieveToken.jwt.signature.keystoreFile" valore="/etc/govway/keys/xca/ExampleClient1_noPassStore_noPassKey.jks"/>
    <ns2:property nome="policy.endpoint.proxy.stato" valore="false"/>
    <ns2:property nome="policy.retrieveToken.jwt.audience" valore="audience${header:test-suffix}"/>
    <ns2:property nome="jwtSignatureIncludeCertShaMode" valore="-"/>
    <ns2:property nome="policy.retrieveToken.jwt.signature.joseType" valore="JWT"/>
    <ns2:property nome="policy.retrieveToken.audience" valore="${header:test-decode-position}"/>
    <ns2:property nome="policy.retrieveToken.jwt.signature.keystoreType" valore="jks"/>
    <ns2:property nome="policy.retrieveToken.jwt.signature.algorithm" valore="RS256"/>
    <ns2:property nome="policy.retrieveToken.jwt.clientId" valore="clientID${header:test-suffix}"/>
    <ns2:property nome="policy.endpoint.https.stato" valore="false"/>
    <ns2:property nome="policy.retrieveToken.jwt.expired" valore="300"/>
    <ns2:property nome="policy.retrieveToken.claimsParser" valore="OAUTH2_RFC_6749"/>
    <ns2:property nome="policy.retrieveToken.jwt.jti" valore="${transaction:id}"/>
    <ns2:property nome="policy.retrieveToken.jwt.signature.joseContentType" valore="false"/>
    <ns2:property nome="endpointConfig_@@@_connectionTimeout" valore="5000"/>
    <ns2:property nome="policy.retrieveToken.saveErrorInCache" valore="false"/>
    <ns2:property nome="policy.retrieveToken.jwt.signature.include.key.id" valore="false"/>
    <ns2:property nome="policy.tokenForward.mode" valore="RFC6750_header"/>
    <ns2:property nome="endpointConfig_@@@_readConnectionTimeout" valore="10000"/>
    <ns2:property nome="policy.retrieveToken.jwt.signature.keyAlias" valore="ExampleClient1"/>
    <ns2:property nome="jwtSignatureIncludeCertMode" valore="-"/>
    <ns2:property nome="policy.retrieveToken.endpoint.url" valore="http://localhost:8080/govway/SoggettoInternoTest/AuthorizationServerClientCredentialsDummy/v1/${header:test-azione}"/>
    <ns2:property nome="policy.retrieveToken.mode" valore="rfc7523_x509"/>
    <ns2:proprieta-oggetto utente-richiedente="amministratore" data-creazione="2025-03-31T09:54:01.785+02:00"/>
</ns2:generic-properties>
