<?xml version="1.0" encoding="UTF-8" standalone="yes"?>
<ns2:generic-properties xmlns:ns2="http://www.openspcoop2.org/core/config" nome="TestNegoziazioneTramiteKeyPair-pkcs1-encrypted-pem" tipologia="retrievePolicyToken" tipo="retrieveToken">
    <ns2:property nome="policy.retrieveToken.jwt.pdnd" valore="false"/>
    <ns2:property nome="policy.retrieveToken.jwt.audience" valore="audTest-pkcs1-encrypted-pem"/>
    <ns2:property nome="policy.retrieveToken.jwt.signature.joseType" valore="JWT"/>
    <ns2:property nome="policy.retrieveToken.jwt.signature.algorithm" valore="RS256"/>
    <ns2:property nome="policy.retrieveToken.jwt.clientId" valore="clientIdTest-pkcs1-encrypted-pem"/>
    <ns2:property nome="policy.endpoint.https.stato" valore="false"/>
    <ns2:property nome="policy.retrieveToken.jwt.jti" valore="${transaction:id}"/>
    <ns2:property nome="policy.retrieveToken.jwt.signature.keyPairAlgorithm" valore="RSA"/>
    <ns2:property nome="endpointConfig_@@@_connectionTimeout" valore="5000"/>
    <ns2:property nome="policy.retrieveToken.jwt.signature.include.key.id" valore="false"/>
    <ns2:property nome="policy.tokenForward.mode" valore="RFC6750_header"/>
    <ns2:property nome="policy.retrieveToken.jwt.signature.keyPassword" valore="123456"/>
    <ns2:property nome="endpointConfig_@@@_readConnectionTimeout" valore="10000"/>
    <ns2:property nome="policy.retrieveToken.endpoint.url" valore="http://127.0.0.1:8080/TestService/echo?replyFormUrlEncoded=true&amp;replyFormUrlEncoded_ignoreParam_grant_type=true&amp;replyFormUrlEncoded_ignoreParam_client_assertion_type=true&amp;replyFormUrlEncoded_renameParam_client_assertion=access_token&amp;replyFormUrlEncodedWrapKey=&quot;&amp;replyFormUrlEncodedWrapValue=&quot;&amp;replyFormUrlEncodedSeparator=,&amp;replyFormUrlEncodedSeparatorKeyValue=:&amp;replyFormUrlEncodedPrefix={&amp;replyFormUrlEncodedSuffix=}&amp;replyFormUrlEncodedContentType=application/json"/>
    <ns2:property nome="policy.retrieveToken.mode" valore="rfc7523_x509"/>
    <ns2:property nome="policy.retrieveToken.jwt.signature.keystoreFile" valore="/etc/govway/keys/keyPair-test.rsa.pkcs1_encrypted.privateKey.pem"/>
    <ns2:property nome="policy.endpoint.proxy.stato" valore="false"/>
    <ns2:property nome="jwtSignatureIncludeCertShaMode" valore="-"/>
    <ns2:property nome="policy.retrieveToken.jwt.signature.keystoreType" valore="keys"/>
    <ns2:property nome="policy.retrieveToken.jwt.expired" valore="300"/>
    <ns2:property nome="policy.retrieveToken.claimsParser" valore="OAUTH2_RFC_6749"/>
    <ns2:property nome="policy.retrieveToken.jwt.signature.joseContentType" valore="false"/>
    <ns2:property nome="policy.retrieveToken.saveErrorInCache" valore="false"/>
    <ns2:property nome="policy.retrieveToken.jwt.signature.keystoreFilePublicKey" valore="/etc/govway/keys/keyPair-test.rsa.pkcs1_encrypted.publicKey.pem"/>
    <ns2:property nome="jwtSignatureIncludeCertMode" valore="-"/>
</ns2:generic-properties>
