<?xml version="1.0" encoding="UTF-8" standalone="yes"?>
<ns2:generic-properties xmlns:ns2="http://www.openspcoop2.org/core/config" nome="TestNegoziazioneClientCredentialsDPoP" tipologia="retrievePolicyToken" tipo="retrieveToken">
    <ns2:property nome="policy.retrieveToken.dpop.cache.enabled" valore="false"/>
    <ns2:property nome="policy.endpoint.proxy.stato" valore="false"/>
    <ns2:property nome="policy.retrieveToken.dpop.signature.keystorePassword" valore="123456"/>
    <ns2:property nome="policy.retrieveToken.endpoint.basic.username" valore="ClientIDVerificaNegoziazioneConSecret"/>
    <ns2:property nome="policy.retrieveToken.dpop.signature.keyPassword" valore="123456"/>
    <ns2:property nome="policy.retrieveToken.endpoint.basic.password" valore="Password123456VerificaNegoziazioneConSecret"/>
    <ns2:property nome="policy.retrieveToken.dpop.signature.keystoreType" valore="pkcs12"/>
    <ns2:property nome="policy.retrieveToken.endpoint.basic.asAuthorizationHeader" valore="false"/>
    <ns2:property nome="policy.endpoint.https.stato" valore="false"/>
    <ns2:property nome="policy.retrieveToken.dpop" valore="true"/>
    <ns2:property nome="policy.retrieveToken.claimsParser" valore="OAUTH2_RFC_6749"/>
    <ns2:property nome="policy.retrieveToken.dpop.signature.keystoreFile" valore="/etc/govway/keys/xca/ExampleServer.p12"/>
    <ns2:property nome="policy.tokenForward.dpop.mode" valore="RFC9449_header"/>
    <ns2:property nome="endpointConfig_@@@_connectionTimeout" valore="5000"/>
    <ns2:property nome="policy.retrieveToken.saveErrorInCache" valore="false"/>
    <ns2:property nome="policy.tokenForward.mode" valore="RFC6750_header"/>
    <ns2:property nome="endpointConfig_@@@_readConnectionTimeout" valore="10000"/>
    <ns2:property nome="policy.retrieveToken.dpop.signature.algorithm" valore="RS256"/>
    <ns2:property nome="policy.retrieveToken.endpoint.basic.stato" valore="true"/>
    <ns2:property nome="policy.retrieveToken.endpoint.https.stato" valore="false"/>
    <ns2:property nome="policy.retrieveToken.httpHeaders" valore="dpop-test-alg=RS256&#10;dpop-test-jwk-kty=RSA&#10;dpop-test-jwk-e=AQAB"/>
    <ns2:property nome="policy.retrieveToken.dpop.signature.keyAlias" valore="ExampleServer"/>
    <ns2:property nome="policy.retrieveToken.endpoint.url" valore="http://localhost:8080/govway/SoggettoInternoTest/AuthorizationServerDPoPDummy/v1/signedJwt"/>
    <ns2:property nome="policy.retrieveToken.mode" valore="clientCredentials"/>
    <ns2:proprieta-oggetto utente-richiedente="amministratore" data-creazione="2026-01-17T15:41:08.817+01:00" utente-ultima-modifica="amministratore" data-ultima-modifica="2026-01-17T18:31:31.555+01:00"/>
</ns2:generic-properties>
