<?xml version="1.0" encoding="UTF-8" standalone="yes"?>
<ns2:generic-properties xmlns:ns2="http://www.openspcoop2.org/core/config" nome="TestNegoziazioneCustomMappingResponse" tipologia="retrievePolicyToken" tipo="retrieveToken">
    <ns2:property nome="retrieveTokenParserPropRefId_@@@_token.parser.expires_in" valore="TESTexpires_in"/>
    <ns2:property nome="policy.endpoint.proxy.stato" valore="false"/>
    <ns2:property nome="policy.retrieveToken.httpContentType" valore="application/test+json"/>
    <ns2:property nome="policy.retrieveToken.httpMethod" valore="PUT"/>
    <ns2:property nome="retrieveTokenParserPropRefId_@@@_token.parser.expires_on" valore="NONPRESENTEexpires_on"/>
    <ns2:property nome="policy.endpoint.https.stato" valore="false"/>
    <ns2:property nome="policy.retrieveToken.claimsParser.custom" valore="MAPPING"/>
    <ns2:property nome="policy.retrieveToken.httpPayloadTemplateType" valore="template"/>
    <ns2:property nome="retrieveTokenParserPropRefId_@@@_token.parser.token_type" valore="TESTtoken_type"/>
    <ns2:property nome="retrieveTokenParserPropRefId_@@@_token.parser.scope" valore="TESTscope"/>
    <ns2:property nome="retrieveTokenParserPropRefId_@@@_token.parser.refresh_expires_on" valore="NONPRESENTErefresh_expires_on"/>
    <ns2:property nome="policy.retrieveToken.claimsParser" valore="OAUTH2_RFC_6749"/>
    <ns2:property nome="endpointConfig_@@@_connectionTimeout" valore="5000"/>
    <ns2:property nome="policy.retrieveToken.saveErrorInCache" valore="false"/>
    <ns2:property nome="policy.tokenForward.mode" valore="RFC6750_header"/>
    <ns2:property nome="retrieveTokenParserPropRefId_@@@_token.parser.refresh_expires_in" valore="TESTrefresh_expires_in"/>
    <ns2:property nome="endpointConfig_@@@_readConnectionTimeout" valore="10000"/>
    <ns2:property nome="policy.retrieveToken.httpPayload" valore="{&#10;  &quot;${config:elem1}&quot;:&quot;${config:elem1_value}&quot;,&#10;  &quot;altro&quot;: 12,&#10;  &quot;esempio&quot;: &quot;test&quot;,&#10;  &quot;elem2&quot;: &quot;${header:test_elem}&quot;&#10;}"/>
    <ns2:property nome="retrieveTokenParserPropRefId_@@@_token.parser.refresh_token" valore="TESTrefresh_token"/>
    <ns2:property nome="policy.retrieveToken.httpHeaders" valore="put_header=${header:test_put_header}"/>
    <ns2:property nome="policy.retrieveToken.endpoint.url" valore="http://localhost:8080/govway/SoggettoInternoTest/AuthorizationServerCustomCredentialsDummy/v1/mapping?put_param=${header:test_put_param}"/>
    <ns2:property nome="policy.retrieveToken.mode" valore="custom"/>
    <ns2:property nome="retrieveTokenParserPropRefId_@@@_token.parser.access_token" valore="TESTaccess_token"/>
</ns2:generic-properties>
