<?xml version="1.0" encoding="UTF-8" standalone="yes"?>
<ns2:generic-properties xmlns:ns2="http://www.openspcoop2.org/core/config" nome="TestNegoziazioneCustomGET" tipologia="retrievePolicyToken" tipo="retrieveToken">
    <ns2:property nome="policy.retrieveToken.claimsParser" valore="OAUTH2_RFC_6749"/>
    <ns2:property nome="policy.endpoint.proxy.stato" valore="false"/>
    <ns2:property nome="policy.retrieveToken.httpMethod" valore="GET"/>
    <ns2:property nome="endpointConfig_@@@_connectionTimeout" valore="5000"/>
    <ns2:property nome="policy.retrieveToken.saveErrorInCache" valore="false"/>
    <ns2:property nome="policy.tokenForward.mode" valore="RFC6750_header"/>
    <ns2:property nome="endpointConfig_@@@_readConnectionTimeout" valore="10000"/>
    <ns2:property nome="policy.retrieveToken.httpHeaders" valore="get_header=${header:test_get_header}"/>
    <ns2:property nome="policy.retrieveToken.mode" valore="custom"/>
    <ns2:property nome="policy.retrieveToken.endpoint.url" valore="http://localhost:8080/govway/SoggettoInternoTest/AuthorizationServerCustomCredentialsDummy/v1/get?get_param=${header:test_get_param}"/>
    <ns2:property nome="policy.endpoint.https.stato" valore="false"/>
</ns2:generic-properties>
