<?xml version="1.0" encoding="UTF-8" standalone="yes"?>
<ns2:generic-properties xmlns:ns2="http://www.openspcoop2.org/core/config" nome="TestNegoziazioneOCSPcase3" tipologia="retrievePolicyToken" tipo="retrieveToken">
    <ns2:property nome="sslConfig_@@@_trustStorePassword" valore="123456"/>
    <ns2:property nome="policy.retrieveToken.httpContentType" valore="application/octect-stream"/>
    <ns2:property nome="sslConfig_@@@_trustStoreOCSPPolicy" valore="signedByResponderCertificate_case3"/>
    <ns2:property nome="sslConfig_@@@_trustAllCerts" valore="false"/>
    <ns2:property nome="sslConfig_@@@_trustManagementAlgorithm" valore="PKIX"/>
    <ns2:property nome="policy.endpoint.https.stato" valore="true"/>
    <ns2:property nome="endpointConfig_@@@_connectionTimeout" valore="5000"/>
    <ns2:property nome="policy.tokenForward.mode" valore="RFC6750_header"/>
    <ns2:property nome="endpointConfig_@@@_readConnectionTimeout" valore="10000"/>
    <ns2:property nome="sslConfig_@@@_sslType" valore="TLSv1.3"/>
    <ns2:property nome="policy.retrieveToken.endpoint.basic.stato" valore="false"/>
    <ns2:property nome="policy.retrieveToken.endpoint.url" valore="https://Erogatore:8450/TestService/echo"/>
    <ns2:property nome="policy.retrieveToken.mode" valore="custom"/>
    <ns2:property nome="policy.retrieveToken.httpMethod.payloadDefined" valore="true"/>
    <ns2:property nome="policy.endpoint.proxy.stato" valore="false"/>
    <ns2:property nome="policy.retrieveToken.httpMethod" valore="POST"/>
    <ns2:property nome="sslConfig_@@@_hostnameVerifier" valore="false"/>
    <ns2:property nome="retrieveTokenParserPropRefId_@@@_token.parser.expires_in_sec" valore="300"/>
    <ns2:property nome="policy.retrieveToken.claimsParser.custom" valore="RAW"/>
    <ns2:property nome="policy.retrieveToken.httpPayloadTemplateType" valore="template"/>
    <ns2:property nome="policy.retrieveToken.claimsParser" valore="OAUTH2_RFC_6749"/>
    <ns2:property nome="sslConfig_@@@_trustStoreLocation" valore="/etc/govway/keys/ocsp/ca_TEST.jks"/>
    <ns2:property nome="policy.retrieveToken.saveErrorInCache" valore="false"/>
    <ns2:property nome="policy.retrieveToken.endpoint.bearer.stato" valore="false"/>
    <ns2:property nome="sslConfig_@@@_trustStoreType" valore="jks"/>
    <ns2:property nome="policy.retrieveToken.httpPayload" valore="XXX-TOKEN-YYYY"/>
    <ns2:property nome="policy.retrieveToken.endpoint.https.stato" valore="false"/>
    <ns2:proprieta-oggetto utente-richiedente="amministratore" data-creazione="2024-07-23T15:05:01.681+02:00" utente-ultima-modifica="amministratore" data-ultima-modifica="2024-07-23T15:08:49.921+02:00"/>
</ns2:generic-properties>
