<?xml version="1.0" encoding="UTF-8" standalone="yes"?>
<ns2:generic-properties xmlns:ns2="http://www.openspcoop2.org/core/config" nome="TestNegoziazioneCustomDELETEFreemarker" tipologia="retrievePolicyToken" tipo="retrieveToken">
    <ns2:property nome="policy.endpoint.proxy.stato" valore="false"/>
    <ns2:property nome="policy.retrieveToken.endpoint.basic.username" valore="${header:delete_username}"/>
    <ns2:property nome="policy.retrieveToken.httpContentType" valore="application/test_freemarker+json"/>
    <ns2:property nome="policy.retrieveToken.httpMethod" valore="DELETE"/>
    <ns2:property nome="policy.retrieveToken.endpoint.basic.password" valore="${header:delete_password}"/>
    <ns2:property nome="policy.retrieveToken.endpoint.basic.asAuthorizationHeader" valore="true"/>
    <ns2:property nome="policy.endpoint.https.stato" valore="false"/>
    <ns2:property nome="policy.retrieveToken.claimsParser.custom" valore="OAUTH2_RFC_6749"/>
    <ns2:property nome="policy.retrieveToken.httpPayloadTemplateType" valore="freemarker-template"/>
    <ns2:property nome="policy.retrieveToken.claimsParser" valore="OAUTH2_RFC_6749"/>
    <ns2:property nome="endpointConfig_@@@_connectionTimeout" valore="5000"/>
    <ns2:property nome="policy.retrieveToken.saveErrorInCache" valore="false"/>
    <ns2:property nome="policy.tokenForward.mode" valore="RFC6750_header"/>
    <ns2:property nome="endpointConfig_@@@_readConnectionTimeout" valore="10000"/>
    <ns2:property nome="policy.retrieveToken.endpoint.basic.stato" valore="true"/>
    <ns2:property nome="policy.retrieveToken.httpPayload" valore="{&#10;  &quot;${config[&quot;elem1&quot;]}&quot;:&quot;${config[&quot;elem1_value&quot;]}&quot;,&#10;  &quot;altro&quot;: 12,&#10;  &quot;esempio&quot;: &quot;test&quot;,&#10;  &quot;elem2&quot;: &quot;${header[&quot;test_elem&quot;]}&quot;&#10;}"/>
    <ns2:property nome="policy.retrieveToken.endpoint.https.stato" valore="false"/>
    <ns2:property nome="policy.retrieveToken.httpHeaders" valore="delete_header=${header:test_delete_header}"/>
    <ns2:property nome="policy.retrieveToken.endpoint.url" valore="http://localhost:8080/govway/SoggettoInternoTest/AuthorizationServerCustomCredentialsDummyPayloadInvertito/v1/post_freemarker?delete_param=${header:test_delete_param}&amp;delete_freemarker=true"/>
    <ns2:property nome="policy.retrieveToken.mode" valore="custom"/>
    <ns2:property nome="policy.retrieveToken.httpMethod.payloadDefined" valore="true"/>
</ns2:generic-properties>
