<?xml version="1.0" encoding="UTF-8" standalone="yes"?>
<ns2:generic-properties xmlns:ns2="http://www.openspcoop2.org/core/config" nome="TestNegoziazioneOwnerPasswordDPoP" descrizione="Firmo PS256, ma uso RSA standard, poichè RSA-PSS non viene supportato da CXF" tipologia="retrievePolicyToken" tipo="retrieveToken">
    <ns2:property nome="policy.retrieveToken.dpop.cache.enabled" valore="true"/>
    <ns2:property nome="policy.retrieveToken.dpop.signature.keyPassword" valore="123456"/>
    <ns2:property nome="policy.retrieveToken.dpop.signature.keystoreType" valore="keys"/>
    <ns2:property nome="policy.endpoint.https.stato" valore="false"/>
    <ns2:property nome="policy.retrieveToken.dpop.cache.ttl" valore="5"/>
    <ns2:property nome="policy.retrieveToken.dpop.signature.keyPairAlgorithm" valore="RSA"/>
    <ns2:property nome="policy.retrieveToken.dpop.signature.keystoreFilePublicKey" valore="/etc/govway/keys/keyPair-test.rsa.pkcs1_encrypted.publicKey.pem"/>
    <ns2:property nome="policy.retrieveToken.dpop" valore="true"/>
    <ns2:property nome="policy.retrieveToken.username" valore="${header:test-username}"/>
    <ns2:property nome="endpointConfig_@@@_connectionTimeout" valore="5000"/>
    <ns2:property nome="policy.tokenForward.mode" valore="RFC6750_header"/>
    <ns2:property nome="endpointConfig_@@@_readConnectionTimeout" valore="10000"/>
    <ns2:property nome="policy.retrieveToken.dpop.signature.algorithm" valore="PS256"/>
    <ns2:property nome="policy.retrieveToken.endpoint.basic.stato" valore="false"/>
    <ns2:property nome="policy.retrieveToken.mode" valore="usernamePassword"/>
    <ns2:property nome="policy.retrieveToken.endpoint.url" valore="http://localhost:8080/govway/SoggettoInternoTest/AuthorizationServerDPoPDummy/v1/signedJwt2"/>
    <ns2:property nome="policy.endpoint.proxy.stato" valore="false"/>
    <ns2:property nome="policy.retrieveToken.claimsParser" valore="OAUTH2_RFC_6749"/>
    <ns2:property nome="policy.retrieveToken.dpop.signature.keystoreFile" valore="/etc/govway/keys/keyPair-test.rsa.pkcs1_encrypted.privateKey.pem"/>
    <ns2:property nome="policy.tokenForward.dpop.mode" valore="CUSTOM_url"/>
    <ns2:property nome="policy.retrieveToken.saveErrorInCache" valore="false"/>
    <ns2:property nome="policy.retrieveToken.endpoint.bearer.stato" valore="false"/>
    <ns2:property nome="policy.tokenForward.dpop.mode.queryParameter" valore="custom_parameter"/>
    <ns2:property nome="policy.retrieveToken.endpoint.https.stato" valore="false"/>
    <ns2:property nome="policy.retrieveToken.httpHeaders" valore="dpop-test-alg=PS256&#10;dpop-test-jwk-kty=RSA&#10;dpop-test-jwk-e=AQAB"/>
    <ns2:property nome="policy.retrieveToken.password" valore="ResourceOwnerPasswordTest"/>
    <ns2:proprieta-oggetto utente-richiedente="amministratore" data-creazione="2026-01-17T18:28:17.570+01:00" utente-ultima-modifica="amministratore" data-ultima-modifica="2026-01-19T13:54:50.848+01:00"/>
</ns2:generic-properties>
