<?xml version="1.0" encoding="UTF-8" standalone="yes"?>
<ns2:generic-properties xmlns:ns2="http://www.openspcoop2.org/core/config" nome="TestNegoziazioneClientCredentials2" tipologia="retrievePolicyToken" tipo="retrieveToken">
    <ns2:property nome="policy.endpoint.proxy.stato" valore="false"/>
    <ns2:property nome="policy.retrieveToken.endpoint.basic.username" valore="${header:test-user}"/>
    <ns2:property nome="policy.retrieveToken.audience" valore="${header:test-audience}"/>
    <ns2:property nome="policy.retrieveToken.endpoint.basic.password" valore="Password123456VerificaNegoziazioneConSecret2"/>
    <ns2:property nome="policy.retrieveToken.endpoint.basic.asAuthorizationHeader" valore="true"/>
    <ns2:property nome="policy.endpoint.https.stato" valore="false"/>
    <ns2:property nome="policy.retrieveToken.claimsParser" valore="OAUTH2_RFC_6749"/>
    <ns2:property nome="policy.retrieveToken.scope" valore="testNegoziazioneScope1,${header:test-scope}"/>
    <ns2:property nome="policy.retrieveToken.formParameters" valore="p1=v1&#10;p2=${header:test-p2}"/>
    <ns2:property nome="endpointConfig_@@@_connectionTimeout" valore="10000"/>
    <ns2:property nome="policy.retrieveToken.saveErrorInCache" valore="false"/>
    <ns2:property nome="policy.tokenForward.mode" valore="RFC6750_url"/>
    <ns2:property nome="endpointConfig_@@@_readConnectionTimeout" valore="120000"/>
    <ns2:property nome="policy.retrieveToken.endpoint.basic.stato" valore="true"/>
    <ns2:property nome="policy.retrieveToken.endpoint.https.stato" valore="false"/>
    <ns2:property nome="policy.retrieveToken.httpHeaders" valore="test_client_credentials_1=vTest1&#10;test_client_credentials_2=${header:test_client_credentials}"/>
    <ns2:property nome="policy.retrieveToken.endpoint.url" valore="http://localhost:8080/govway/SoggettoInternoTest/AuthorizationServerClientCredentialsDummy/v1/${header:test-azione}"/>
    <ns2:property nome="policy.retrieveToken.mode" valore="clientCredentials"/>
</ns2:generic-properties>
