<?xml version="1.0" encoding="UTF-8" standalone="yes"?>
<ns2:generic-properties xmlns:ns2="http://www.openspcoop2.org/core/config" nome="TestNegoziazioneCustomAzure" tipologia="retrievePolicyToken" tipo="retrieveToken">
    <ns2:property nome="policy.retrieveToken.claimsParser" valore="OAUTH2_RFC_6749"/>
    <ns2:property nome="policy.endpoint.proxy.stato" valore="false"/>
    <ns2:property nome="policy.retrieveToken.httpMethod" valore="GET"/>
    <ns2:property nome="endpointConfig_@@@_connectionTimeout" valore="5000"/>
    <ns2:property nome="policy.retrieveToken.saveErrorInCache" valore="false"/>
    <ns2:property nome="policy.tokenForward.mode" valore="RFC6750_header"/>
    <ns2:property nome="endpointConfig_@@@_readConnectionTimeout" valore="10000"/>
    <ns2:property nome="policy.retrieveToken.httpHeaders" valore="${config:azure_header_1}=${config:azure_header_1_value}&#10;azure_header_2=${header:test_azure_header}&#10;test_expires_on=${header:test_expires_on}"/>
    <ns2:property nome="policy.retrieveToken.mode" valore="custom"/>
    <ns2:property nome="policy.retrieveToken.endpoint.url" valore="http://${header:test_hostname}:8080/govway/SoggettoInternoTest/AuthorizationServerCustomCredentialsDummy/v1/azure?resource=https://vault.azure.net&amp;api-version=2019-08-01&amp;${config:azure_param_1}=${config:azure_param_1_value}&amp;azure_param_2=${header:test_azure_param_2}"/>
    <ns2:property nome="policy.endpoint.https.stato" valore="false"/>
</ns2:generic-properties>
