<?xml version="1.0" encoding="UTF-8" standalone="yes"?>
<ns2:generic-properties xmlns:ns2="http://www.openspcoop2.org/core/config" nome="TestNegoziazioneSignedJWT2" tipologia="retrievePolicyToken" tipo="retrieveToken">
    <ns2:property nome="policy.retrieveToken.jwt.signature.include.cert" valore="true"/>
    <ns2:property nome="policy.retrieveToken.jwt.audience" valore="audience${header:test-suffix}"/>
    <ns2:property nome="policy.retrieveToken.jwt.signature.joseType" valore="JWT"/>
    <ns2:property nome="policy.retrieveToken.jwt.issuer" valore="issuer${header:test-suffix}"/>
    <ns2:property nome="policy.retrieveToken.jwt.signature.algorithm" valore="RS256"/>
    <ns2:property nome="policy.retrieveToken.jwt.clientId" valore="clientID${header:test-suffix}"/>
    <ns2:property nome="policy.retrieveToken.jwt.signature.keystorePassword" valore="openspcoop"/>
    <ns2:property nome="policy.endpoint.https.stato" valore="false"/>
    <ns2:property nome="endpointConfig_@@@_connectionTimeout" valore="10000"/>
    <ns2:property nome="policy.retrieveToken.jwt.signature.include.key.id" valore="true"/>
    <ns2:property nome="policy.tokenForward.mode" valore="RFC6750_header"/>
    <ns2:property nome="policy.retrieveToken.jwt.claims" valore="c1=v1&#10;c2=v${header:test-suffix}"/>
    <ns2:property nome="policy.retrieveToken.jwt.signature.keyPassword" valore="openspcoop"/>
    <ns2:property nome="endpointConfig_@@@_readConnectionTimeout" valore="120000"/>
    <ns2:property nome="policy.retrieveToken.jwt.signature.keyAlias" valore="erogatore"/>
    <ns2:property nome="policy.retrieveToken.endpoint.url" valore="http://localhost:8080/govway/SoggettoInternoTest/AuthorizationServerClientCredentialsDummy/v1/${header:test-azione}"/>
    <ns2:property nome="policy.retrieveToken.mode" valore="rfc7523_x509"/>
    <ns2:property nome="policy.retrieveToken.jwt.signature.keystoreFile" valore="/etc/govway/keys/erogatore.jks"/>
    <ns2:property nome="policy.endpoint.proxy.stato" valore="false"/>
    <ns2:property nome="jwtSignatureIncludeCertShaMode" valore="sha1"/>
    <ns2:property nome="policy.retrieveToken.jwt.signature.include.cert.sha1" valore="true"/>
    <ns2:property nome="policy.retrieveToken.audience" valore="${header:test-decode-position}"/>
    <ns2:property nome="policy.retrieveToken.jwt.signature.keystoreType" valore="jks"/>
    <ns2:property nome="policy.retrieveToken.jwt.subject" valore="subject${header:test-suffix}"/>
    <ns2:property nome="policy.retrieveToken.jwt.expired" valore="300"/>
    <ns2:property nome="policy.retrieveToken.claimsParser" valore="OAUTH2_RFC_6749"/>
    <ns2:property nome="policy.retrieveToken.scope" valore="s1,s${header:test-suffix}"/>
    <ns2:property nome="policy.retrieveToken.formParameters" valore="p1=v1&#10;p2=${header:test-p2}"/>
    <ns2:property nome="policy.retrieveToken.jwt.signature.joseContentType" valore="true"/>
    <ns2:property nome="policy.retrieveToken.saveErrorInCache" valore="false"/>
    <ns2:property nome="jwtSignatureIncludeCertMode" valore="x5c"/>
</ns2:generic-properties>
