<?xml version="1.0" encoding="UTF-8" standalone="yes"?>
<fruitore xmlns="http://www.openspcoop2.org/core/registry" tipo="modipa" nome="DemoSoggettoFruitore" ora-registrazione="2023-10-11T14:13:40.357+02:00">
    <connettore tipo="http" nome="CNT_SF_modipa/DemoSoggettoFruitore_modipa/DemoSoggettoErogatore_modipa/RestBlockingAuditRest01-X509-TestCache/1">
        <property nome="tokenPolicy" valore="SimulazionePDNDProduzioneTokenKid"/>
        <property nome="location" valore="http://localhost:8090"/>
    </connettore>
    <configurazione-azione>
        <connettore tipo="http" nome="CNT_SF_AZIONE_modipa/DemoSoggettoFruitore_modipa/DemoSoggettoErogatore_modipa/RestBlockingAuditRest01-X509-TestCache/1_idar01.locale">
            <property nome="location" valore="http://localhost:8090"/>
        </connettore>
        <azione>idar01.locale</azione>
        <azione>idar01.locale-con-filtro-duplicati</azione>
        <azione>idar03.locale</azione>
    </configurazione-azione>
    <protocol-property name="modipaKeyAlias"/>
    <protocol-property name="modipaKeyPassword"/>
    <protocol-property name="modipaKeystoreCertMode" value="default"/>
    <protocol-property name="modipaKeystoreFruizioneMode" value="applicativo"/>
    <protocol-property name="modipaKeystoreKeyPairAlgo" value="RSA"/>
    <protocol-property name="modipaKeystoreMode" value="path"/>
    <protocol-property name="modipaKeystorePassword"/>
    <protocol-property name="modipaKeystorePath"/>
    <protocol-property name="modipaKeystorePathPublicKey"/>
    <protocol-property name="modipaKeystoreType" value="jks"/>
    <protocol-property name="modipaSecurityMessageCorniceSicurezzaSchemaModeLoA" value="default"/>
    <protocol-property name="modipaSecurityMessageCorniceSicurezzaSchemaModeuserID" value="default"/>
    <protocol-property name="modipaSecurityMessageCorniceSicurezzaSchemaModeuserLocation" value="default"/>
    <protocol-property name="modipaSecurityMessageCorniceSicurezzaSchemaValueLoA"/>
    <protocol-property name="modipaSecurityMessageCorniceSicurezzaSchemaValueuserID"/>
    <protocol-property name="modipaSecurityMessageCorniceSicurezzaSchemaValueuserLocation"/>
    <protocol-property name="modipaSecurityMessageHttpHeaders" value="Digest,Content-Type,Content-Encoding"/>
    <protocol-property name="modipaSecurityMessageRequestAud" value="RestBlockingAuditRest01-X509/v1"/>
    <protocol-property name="modipaSecurityMessageRequestAuditAud" value="RestBlockingAuditRest01-X509-AUDIT/v1"/>
    <protocol-property name="modipaSecurityMessageRequestAuditAudMode" value="different"/>
    <protocol-property name="modipaSecurityMessageRequestClaims"/>
    <protocol-property name="modipaSecurityMessageRequestClaimsAuth"/>
    <protocol-property name="modipaSecurityMessageRequestClaimsModi"/>
    <protocol-property name="modipaSecurityMessageRequestExp" number-value="300"/>
    <protocol-property name="modipaSecurityMessageRequestIntegrityAud"/>
    <protocol-property name="modipaSecurityMessageRequestIntegrityAudMode" value="same"/>
    <protocol-property name="modipaSecurityMessageRequestJti" value="same"/>
    <protocol-property name="modipaSecurityMessageRequestJtiIdMsg" value="modi"/>
    <protocol-property name="modipaSecurityMessageRestRequestAlg" value="RS256"/>
    <protocol-property name="modipaSecurityMessageRestRequestDigestEncoding" value="BASE64"/>
    <protocol-property name="modipaSecurityMessageRestRequestX509Cert" value="x5c,x5t"/>
    <protocol-property name="modipaSecurityMessageRestRequestX509CertUseCertificateChain" boolean-value="false"/>
    <protocol-property name="modipaSecurityMessageRestRequestX509Url"/>
</fruitore>
