<?xml version="1.0" encoding="UTF-8" standalone="yes"?>
<ns2:porta-applicativa xmlns:ns2="http://www.openspcoop2.org/core/config" nome="gw_SoggettoInternoTest/gw_TestConsegnaConNotificheRispedizioneSoap/v1" descrizione="Service implementation gw/SoggettoInternoTest:gw/TestConsegnaConNotificheRispedizioneSoap:1" ricevuta-asincrona-simmetrica="abilitato" ricevuta-asincrona-asimmetrica="abilitato" allega-body="disabilitato" scarta-body="disabilitato" autenticazione="basic" autenticazione-opzionale="disabilitato" autorizzazione="none" ricerca-porta-azione-delegata="abilitato" stato="abilitato">
    <ns2:servizio tipo="gw" nome="TestConsegnaConNotificheRispedizioneSoap" versione="1"/>
    <ns2:azione identificazione="urlBased" pattern=".*/(?:gw_)?SoggettoInternoTest/(?:gw_)?TestConsegnaConNotificheRispedizioneSoap/v1/([^/|^?]*).*" force-interface-based="abilitato"/>
    <ns2:servizio-applicativo nome="gw_SoggettoInternoTest/gw_TestConsegnaConNotificheRispedizioneSoap/v1">
        <ns2:dati-connettore nome="Connettore0" notifica="true" stato="abilitato" scheduling="abilitato" coda="DEFAULT" priorita="DEFAULT" priorita-max="false">
            <ns2:proprieta nome="md_notifiche_err_cadenza" valore="1"/>
            <ns2:proprieta nome="md_notifiche_err_trasporto_2xx" valore="ok"/>
            <ns2:proprieta nome="md_notifiche_err_trasporto_3xx" valore="ko"/>
            <ns2:proprieta nome="md_notifiche_err_trasporto_4xx" valore="ko"/>
            <ns2:proprieta nome="md_notifiche_err_trasporto_5xx" valore="ko"/>
            <ns2:proprieta nome="md_notifiche_err_fault" valore="ok"/>
        </ns2:dati-connettore>
    </ns2:servizio-applicativo>
    <ns2:servizio-applicativo nome="gw_SoggettoInternoTest/gw_TestConsegnaConNotificheRispedizioneSoap/v1__SA1">
        <ns2:dati-connettore nome="Connettore1" descrizione="" notifica="true" stato="abilitato" scheduling="abilitato" coda="DEFAULT" priorita="DEFAULT" priorita-max="false"/>
    </ns2:servizio-applicativo>
    <ns2:servizio-applicativo nome="gw_SoggettoInternoTest/gw_TestConsegnaConNotificheRispedizioneSoap/v1__SA2">
        <ns2:dati-connettore nome="Connettore2" descrizione="" notifica="true" stato="abilitato" scheduling="abilitato" coda="DEFAULT" priorita="DEFAULT" priorita-max="false"/>
    </ns2:servizio-applicativo>
    <ns2:servizio-applicativo nome="gw_SoggettoInternoTest/gw_TestConsegnaConNotificheRispedizioneSoap/v1__SA3">
        <ns2:dati-connettore nome="Connettore3" descrizione="" notifica="true" stato="abilitato" scheduling="abilitato" coda="DEFAULT" priorita="DEFAULT" priorita-max="false"/>
    </ns2:servizio-applicativo>
    <ns2:servizio-applicativo nome="gw_SoggettoInternoTest/gw_TestConsegnaConNotificheRispedizioneSoap/v1__SA4">
        <ns2:dati-connettore nome="ConnettoreDisabilitato" descrizione="" notifica="true" stato="disabilitato" scheduling="abilitato" coda="DEFAULT" priorita="DEFAULT" priorita-max="false"/>
    </ns2:servizio-applicativo>
    <ns2:servizio-applicativo nome="gw_SoggettoInternoTest/gw_TestConsegnaConNotificheRispedizioneSoap/v1__SA5">
        <ns2:dati-connettore nome="ConnettorePrincipale" descrizione="" notifica="false" stato="abilitato" scheduling="abilitato" coda="DEFAULT" priorita="DEFAULT" priorita-max="false"/>
    </ns2:servizio-applicativo>
    <ns2:dump realtime="abilitato">
        <ns2:richiesta-ingresso payload="abilitato" payload-parsing="disabilitato" body="disabilitato" attachments="disabilitato" headers="abilitato"/>
        <ns2:richiesta-uscita payload="abilitato" payload-parsing="disabilitato" body="disabilitato" attachments="disabilitato" headers="abilitato"/>
        <ns2:risposta-ingresso payload="abilitato" payload-parsing="disabilitato" body="disabilitato" attachments="disabilitato" headers="abilitato"/>
        <ns2:risposta-uscita payload="abilitato" payload-parsing="disabilitato" body="disabilitato" attachments="disabilitato" headers="abilitato"/>
    </ns2:dump>
    <ns2:behaviour nome="__notify">
        <ns2:proprieta nome="md_api_connector" valore="ConnettorePrincipale"/>
        <ns2:proprieta nome="md_notifiche_by_esito" valore="true"/>
        <ns2:proprieta nome="md_notifiche_by_esito_ok" valore="true"/>
        <ns2:proprieta nome="md_notifiche_by_esito_fault" valore="true"/>
        <ns2:proprieta nome="md_notifiche_by_esito_errori_consegna" valore="false"/>
        <ns2:proprieta nome="md_notifiche_by_esito_scartate" valore="false"/>
        <ns2:proprieta nome="md_notifiche_by_esito_processamento" valore="false"/>
    </ns2:behaviour>
</ns2:porta-applicativa>
