<?xml version="1.0" encoding="UTF-8" standalone="yes"?>
<ns2:porta-applicativa xmlns:ns2="http://www.openspcoop2.org/core/config" nome="gw_SoggettoInternoTest/gw_TestConsegnaConNotificheProblemCompletatoRest/v1" descrizione="Service implementation gw/SoggettoInternoTest:gw/TestConsegnaConNotificheProblemCompletatoRest:1" ricevuta-asincrona-simmetrica="abilitato" ricevuta-asincrona-asimmetrica="abilitato" allega-body="disabilitato" scarta-body="disabilitato" autenticazione="none" autorizzazione="none" ricerca-porta-azione-delegata="abilitato" stato="abilitato">
    <ns2:servizio tipo="gw" nome="TestConsegnaConNotificheProblemCompletatoRest" versione="1"/>
    <ns2:azione identificazione="interfaceBased" force-interface-based="abilitato"/>
    <ns2:servizio-applicativo nome="gw_SoggettoInternoTest/gw_TestConsegnaConNotificheProblemCompletatoRest/v1">
        <ns2:dati-connettore nome="Default" notifica="false" stato="abilitato" scheduling="abilitato" coda="DEFAULT" priorita="DEFAULT" priorita-max="false"/>
    </ns2:servizio-applicativo>
    <ns2:behaviour nome="__notify">
        <ns2:proprieta nome="md_api_connector" valore="Default"/>
        <ns2:proprieta nome="md_notifiche_by_esito" valore="true"/>
        <ns2:proprieta nome="md_notifiche_by_esito_ok" valore="true"/>
        <ns2:proprieta nome="md_notifiche_by_esito_fault" valore="true"/>
        <ns2:proprieta nome="md_notifiche_by_esito_errori_consegna" valore="false"/>
        <ns2:proprieta nome="md_notifiche_by_esito_processamento" valore="false"/>
    </ns2:behaviour>
</ns2:porta-applicativa>
