<?xml version="1.0" encoding="UTF-8" standalone="yes"?>
<ns2:porta-applicativa xmlns:ns2="http://www.openspcoop2.org/core/config" nome="gw_SoggettoInternoTest/gw_TestConsegnaMultiplaCondizionaleByNomeUrlInvocazione/v1" descrizione="Service implementation gw/SoggettoInternoTest:gw/TestConsegnaMultiplaCondizionaleByNomeUrlInvocazione:1" ricevuta-asincrona-simmetrica="abilitato" ricevuta-asincrona-asimmetrica="abilitato" allega-body="disabilitato" scarta-body="disabilitato" autenticazione="none" autorizzazione="none" ricerca-porta-azione-delegata="abilitato" stato="abilitato">
    <ns2:servizio tipo="gw" nome="TestConsegnaMultiplaCondizionaleByNomeUrlInvocazione" versione="1"/>
    <ns2:azione identificazione="urlBased" pattern=".*/(?:gw_)?SoggettoInternoTest/(?:gw_)?TestConsegnaMultiplaCondizionaleByNomeUrlInvocazione/v1/([^/|^?]*).*" force-interface-based="abilitato"/>
    <ns2:servizio-applicativo nome="gw_SoggettoInternoTest/gw_TestConsegnaMultiplaCondizionaleByNomeUrlInvocazione/v1">
        <ns2:dati-connettore nome="Connettore0" notifica="false" stato="abilitato" scheduling="abilitato" coda="DEFAULT" priorita="DEFAULT" priorita-max="false">
            <ns2:proprieta nome="md_notifiche_err_trasporto_2xx" valore="ko"/>
            <ns2:proprieta nome="md_notifiche_err_trasporto_3xx" valore="ko"/>
            <ns2:proprieta nome="md_notifiche_err_trasporto_4xx" valore="ko"/>
            <ns2:proprieta nome="md_notifiche_err_trasporto_5xx" valore="ko"/>
            <ns2:proprieta nome="md_notifiche_err_fault" valore="ok"/>
        </ns2:dati-connettore>
    </ns2:servizio-applicativo>
    <ns2:servizio-applicativo nome="gw_SoggettoInternoTest/gw_TestConsegnaMultiplaCondizionaleByNomeUrlInvocazione/v1__SA1">
        <ns2:dati-connettore nome="Connettore1" descrizione="" notifica="true" stato="abilitato" scheduling="abilitato" coda="DEFAULT" priorita="DEFAULT" priorita-max="false">
            <ns2:proprieta nome="md_notifiche_err_trasporto_2xx" valore="ok"/>
            <ns2:proprieta nome="md_notifiche_err_trasporto_3xx" valore="ko"/>
            <ns2:proprieta nome="md_notifiche_err_trasporto_4xx" valore="ok"/>
            <ns2:proprieta nome="md_notifiche_err_trasporto_5xx" valore="ok"/>
            <ns2:proprieta nome="md_notifiche_err_fault" valore="ko"/>
        </ns2:dati-connettore>
    </ns2:servizio-applicativo>
    <ns2:servizio-applicativo nome="gw_SoggettoInternoTest/gw_TestConsegnaMultiplaCondizionaleByNomeUrlInvocazione/v1__SA2">
        <ns2:dati-connettore nome="Connettore2" descrizione="" notifica="true" stato="abilitato" scheduling="abilitato" coda="DEFAULT" priorita="DEFAULT" priorita-max="false">
            <ns2:proprieta nome="md_notifiche_err_trasporto_2xx" valore="ok_codeList"/>
            <ns2:proprieta nome="md_notifiche_err_trasporto_2xx_codes" valore="200,202"/>
            <ns2:proprieta nome="md_notifiche_err_trasporto_3xx" valore="ko"/>
            <ns2:proprieta nome="md_notifiche_err_trasporto_4xx" valore="ok_codeList"/>
            <ns2:proprieta nome="md_notifiche_err_trasporto_4xx_codes" valore="400,402"/>
            <ns2:proprieta nome="md_notifiche_err_trasporto_5xx" valore="ok_codeList"/>
            <ns2:proprieta nome="md_notifiche_err_trasporto_5xx_codes" valore="500,502"/>
            <ns2:proprieta nome="md_notifiche_err_fault" valore="ok"/>
        </ns2:dati-connettore>
    </ns2:servizio-applicativo>
    <ns2:servizio-applicativo nome="gw_SoggettoInternoTest/gw_TestConsegnaMultiplaCondizionaleByNomeUrlInvocazione/v1__SA3">
        <ns2:dati-connettore nome="Connettore3" descrizione="" notifica="true" stato="abilitato" scheduling="abilitato" coda="DEFAULT" priorita="DEFAULT" priorita-max="false">
            <ns2:proprieta nome="md_notifiche_err_trasporto_2xx" valore="ok_codeInterval"/>
            <ns2:proprieta nome="md_notifiche_err_trasporto_2xx_left" valore="201"/>
            <ns2:proprieta nome="md_notifiche_err_trasporto_2xx_right" valore="205"/>
            <ns2:proprieta nome="md_notifiche_err_trasporto_3xx" valore="ko"/>
            <ns2:proprieta nome="md_notifiche_err_trasporto_4xx" valore="ok_codeInterval"/>
            <ns2:proprieta nome="md_notifiche_err_trasporto_4xx_left" valore="401"/>
            <ns2:proprieta nome="md_notifiche_err_trasporto_4xx_right" valore="405"/>
            <ns2:proprieta nome="md_notifiche_err_trasporto_5xx" valore="ok_codeInterval"/>
            <ns2:proprieta nome="md_notifiche_err_trasporto_5xx_left" valore="501"/>
            <ns2:proprieta nome="md_notifiche_err_trasporto_5xx_right" valore="505"/>
            <ns2:proprieta nome="md_notifiche_err_fault" valore="ok"/>
        </ns2:dati-connettore>
    </ns2:servizio-applicativo>
    <ns2:servizio-applicativo nome="gw_SoggettoInternoTest/gw_TestConsegnaMultiplaCondizionaleByNomeUrlInvocazione/v1__SA4">
        <ns2:dati-connettore nome="ConnettoreDisabilitato" descrizione="" notifica="true" stato="disabilitato" scheduling="abilitato" coda="DEFAULT" priorita="DEFAULT" priorita-max="false"/>
    </ns2:servizio-applicativo>
    <ns2:behaviour nome="__multi">
        <ns2:proprieta nome="md_notifiche_by_esito" valore="false"/>
        <ns2:proprieta nome="md_notifiche_by_esito_ok" valore="false"/>
        <ns2:proprieta nome="md_notifiche_by_esito_fault" valore="false"/>
        <ns2:proprieta nome="md_notifiche_by_esito_errori_consegna" valore="false"/>
        <ns2:proprieta nome="md_notifiche_by_esito_scartate" valore="false"/>
        <ns2:proprieta nome="md_notifiche_by_esito_processamento" valore="false"/>
        <ns2:proprieta nome="c_enabled" valore="true"/>
        <ns2:proprieta nome="c_by_filter" valore="false"/>
        <ns2:proprieta nome="c_selettore" valore="URLBased"/>
        <ns2:proprieta nome="c_pattern" valore=".+govway-testsuite-id_connettore_request=([^&amp;]*).*"/>
        <ns2:proprieta nome="c_selector_not_found_c_abort" valore="true"/>
        <ns2:proprieta nome="c_selector_not_found_c_diag_info" valore="false"/>
        <ns2:proprieta nome="c_selector_not_found_c_diag_error" valore="false"/>
        <ns2:proprieta nome="c_connector_not_found_c_abort" valore="true"/>
        <ns2:proprieta nome="c_connector_not_found_c_diag_info" valore="false"/>
        <ns2:proprieta nome="c_connector_not_found_c_diag_error" valore="false"/>
    </ns2:behaviour>
</ns2:porta-applicativa>
