<?xml version="1.0" encoding="UTF-8" standalone="yes"?>
<ns2:porta-applicativa xmlns:ns2="http://www.openspcoop2.org/core/config" nome="gw_SoggettoInternoTest/gw_TestConsegnaConNotificheCondizionaleByRegoleRest/v1" descrizione="Service implementation gw/SoggettoInternoTest:gw/TestConsegnaConNotificheCondizionaleByRegoleRest:1" ricevuta-asincrona-simmetrica="abilitato" ricevuta-asincrona-asimmetrica="abilitato" allega-body="disabilitato" scarta-body="disabilitato" autenticazione="none" autorizzazione="none" ricerca-porta-azione-delegata="abilitato" stato="abilitato">
    <ns2:servizio tipo="gw" nome="TestConsegnaConNotificheCondizionaleByRegoleRest" versione="1"/>
    <ns2:azione identificazione="interfaceBased" force-interface-based="abilitato"/>
    <ns2:servizio-applicativo nome="gw_SoggettoInternoTest/gw_TestConsegnaConNotificheCondizionaleByRegoleRest/v1">
        <ns2:dati-connettore nome="Connettore0" notifica="true" stato="abilitato" scheduling="abilitato" coda="DEFAULT" priorita="DEFAULT" priorita-max="false">
            <ns2:filtro>Pool0-Filtro0</ns2:filtro>
            <ns2:filtro>Pool2-Filtro0</ns2:filtro>
            <ns2:filtro>127.0.0.1</ns2:filtro>
            <ns2:proprieta nome="md_notifiche_err_trasporto_2xx" valore="ko"/>
            <ns2:proprieta nome="md_notifiche_err_trasporto_3xx" valore="ko"/>
            <ns2:proprieta nome="md_notifiche_err_trasporto_4xx" valore="ko"/>
            <ns2:proprieta nome="md_notifiche_err_trasporto_5xx" valore="ko"/>
            <ns2:proprieta nome="md_notifiche_err_fault" valore="ok"/>
        </ns2:dati-connettore>
    </ns2:servizio-applicativo>
    <ns2:servizio-applicativo nome="gw_SoggettoInternoTest/gw_TestConsegnaConNotificheCondizionaleByRegoleRest/v1__SA1">
        <ns2:dati-connettore nome="Connettore1" descrizione="" notifica="true" stato="abilitato" scheduling="abilitato" coda="DEFAULT" priorita="DEFAULT" priorita-max="false">
            <ns2:filtro>Pool0-Filtro0</ns2:filtro>
            <ns2:filtro>Pool1-Filtro0</ns2:filtro>
            <ns2:proprieta nome="md_notifiche_err_trasporto_2xx" valore="ok"/>
            <ns2:proprieta nome="md_notifiche_err_trasporto_3xx" valore="ok"/>
            <ns2:proprieta nome="md_notifiche_err_trasporto_4xx" valore="ok"/>
            <ns2:proprieta nome="md_notifiche_err_trasporto_5xx" valore="ok"/>
            <ns2:proprieta nome="md_notifiche_err_fault" valore="ko"/>
        </ns2:dati-connettore>
    </ns2:servizio-applicativo>
    <ns2:servizio-applicativo nome="gw_SoggettoInternoTest/gw_TestConsegnaConNotificheCondizionaleByRegoleRest/v1__SA2">
        <ns2:dati-connettore nome="Connettore2" descrizione="" notifica="true" stato="abilitato" scheduling="abilitato" coda="DEFAULT" priorita="DEFAULT" priorita-max="false">
            <ns2:filtro>Pool0-Filtro0</ns2:filtro>
            <ns2:filtro>Pool1-Filtro0</ns2:filtro>
            <ns2:filtro>Pool2-Filtro0</ns2:filtro>
            <ns2:proprieta nome="md_notifiche_err_trasporto_2xx" valore="ok_codeList"/>
            <ns2:proprieta nome="md_notifiche_err_trasporto_2xx_codes" valore="200,202"/>
            <ns2:proprieta nome="md_notifiche_err_trasporto_3xx" valore="ok_codeList"/>
            <ns2:proprieta nome="md_notifiche_err_trasporto_3xx_codes" valore="300,302"/>
            <ns2:proprieta nome="md_notifiche_err_trasporto_4xx" valore="ok_codeList"/>
            <ns2:proprieta nome="md_notifiche_err_trasporto_4xx_codes" valore="400,402"/>
            <ns2:proprieta nome="md_notifiche_err_trasporto_5xx" valore="ok_codeList"/>
            <ns2:proprieta nome="md_notifiche_err_trasporto_5xx_codes" valore="500,502"/>
            <ns2:proprieta nome="md_notifiche_err_fault" valore="ok"/>
        </ns2:dati-connettore>
    </ns2:servizio-applicativo>
    <ns2:servizio-applicativo nome="gw_SoggettoInternoTest/gw_TestConsegnaConNotificheCondizionaleByRegoleRest/v1__SA3">
        <ns2:dati-connettore nome="Connettore3" descrizione="" notifica="true" stato="abilitato" scheduling="abilitato" coda="DEFAULT" priorita="DEFAULT" priorita-max="false">
            <ns2:filtro>Pool1-Filtro0</ns2:filtro>
            <ns2:filtro>Pool2-Filtro0</ns2:filtro>
            <ns2:proprieta nome="md_notifiche_err_trasporto_5xx_left" valore="501"/>
            <ns2:proprieta nome="md_notifiche_err_trasporto_5xx_right" valore="505"/>
            <ns2:proprieta nome="md_notifiche_err_fault" valore="ok"/>
            <ns2:proprieta nome="md_notifiche_err_trasporto_2xx" valore="ok_codeInterval"/>
            <ns2:proprieta nome="md_notifiche_err_trasporto_2xx_left" valore="201"/>
            <ns2:proprieta nome="md_notifiche_err_trasporto_2xx_right" valore="205"/>
            <ns2:proprieta nome="md_notifiche_err_trasporto_3xx" valore="ok_codeInterval"/>
            <ns2:proprieta nome="md_notifiche_err_trasporto_3xx_left" valore="301"/>
            <ns2:proprieta nome="md_notifiche_err_trasporto_3xx_right" valore="305"/>
            <ns2:proprieta nome="md_notifiche_err_trasporto_4xx" valore="ok_codeInterval"/>
            <ns2:proprieta nome="md_notifiche_err_trasporto_4xx_left" valore="401"/>
            <ns2:proprieta nome="md_notifiche_err_trasporto_4xx_right" valore="405"/>
            <ns2:proprieta nome="md_notifiche_err_trasporto_5xx" valore="ok_codeInterval"/>
        </ns2:dati-connettore>
    </ns2:servizio-applicativo>
    <ns2:servizio-applicativo nome="gw_SoggettoInternoTest/gw_TestConsegnaConNotificheCondizionaleByRegoleRest/v1__SA4">
        <ns2:dati-connettore nome="ConnettoreDisabilitato" descrizione="" notifica="true" stato="disabilitato" scheduling="abilitato" coda="DEFAULT" priorita="DEFAULT" priorita-max="false">
            <ns2:filtro>Pool0-Filtro0</ns2:filtro>
            <ns2:filtro>Pool1-Filtro0</ns2:filtro>
            <ns2:filtro>Pool2-Filtro0</ns2:filtro>
        </ns2:dati-connettore>
    </ns2:servizio-applicativo>
    <ns2:servizio-applicativo nome="gw_SoggettoInternoTest/gw_TestConsegnaConNotificheCondizionaleByRegoleRest/v1__SA5">
        <ns2:dati-connettore nome="ConnettorePrincipale" descrizione="" notifica="false" stato="abilitato" scheduling="abilitato" coda="DEFAULT" priorita="DEFAULT" priorita-max="false"/>
    </ns2:servizio-applicativo>
    <ns2:dump realtime="abilitato">
        <ns2:richiesta-ingresso payload="abilitato" payload-parsing="disabilitato" body="disabilitato" attachments="disabilitato" headers="abilitato"/>
        <ns2:richiesta-uscita payload="disabilitato" payload-parsing="disabilitato" body="disabilitato" attachments="disabilitato" headers="disabilitato"/>
        <ns2:risposta-ingresso payload="disabilitato" payload-parsing="disabilitato" body="disabilitato" attachments="disabilitato" headers="disabilitato"/>
        <ns2:risposta-uscita payload="abilitato" payload-parsing="disabilitato" body="disabilitato" attachments="disabilitato" headers="abilitato"/>
    </ns2:dump>
    <ns2:behaviour nome="__notify">
        <ns2:proprieta nome="md_api_connector" valore="ConnettorePrincipale"/>
        <ns2:proprieta nome="md_notifiche_by_esito" valore="true"/>
        <ns2:proprieta nome="md_notifiche_by_esito_ok" valore="true"/>
        <ns2:proprieta nome="md_notifiche_by_esito_fault" valore="true"/>
        <ns2:proprieta nome="md_notifiche_by_esito_errori_consegna" valore="false"/>
        <ns2:proprieta nome="md_notifiche_by_esito_processamento" valore="false"/>
        <ns2:proprieta nome="c_enabled" valore="true"/>
        <ns2:proprieta nome="c_by_filter" valore="true"/>
        <ns2:proprieta nome="c_selettore" valore="HeaderBased"/>
        <ns2:proprieta nome="c_pattern" valore="GovWay-TestSuite-Connettore"/>
        <ns2:proprieta nome="c_rule_1_name" valore="RegolaClientIp"/>
        <ns2:proprieta nome="c_rule_1_pattern_operazione" valore="test-regola-client-ip"/>
        <ns2:proprieta nome="c_rule_1_c_selettore" valore="ClientIP"/>
        <ns2:proprieta nome="c_rule_2_name" valore="RegolaContenuto"/>
        <ns2:proprieta nome="c_rule_2_pattern_operazione" valore="test-regola-contenuto"/>
        <ns2:proprieta nome="c_rule_2_c_selettore" valore="ContentBased"/>
        <ns2:proprieta nome="c_rule_2_c_pattern" valore="$.id_connettore_request"/>
        <ns2:proprieta nome="c_rule_3_name" valore="RegolaFreemarkerTemplate"/>
        <ns2:proprieta nome="c_rule_3_pattern_operazione" valore="test-regola-freemarker-template"/>
        <ns2:proprieta nome="c_rule_3_c_selettore" valore="FreemarkerTemplate"/>
        <ns2:proprieta nome="c_rule_3_c_pattern" valore="${query[&quot;govway-testsuite-id_connettore_request&quot;]}"/>
        <ns2:proprieta nome="c_rule_4_name" valore="RegolaHeaderHttp"/>
        <ns2:proprieta nome="c_rule_4_pattern_operazione" valore="test-regola-header-http"/>
        <ns2:proprieta nome="c_rule_4_c_selettore" valore="HeaderBased"/>
        <ns2:proprieta nome="c_rule_4_c_pattern" valore="GovWay-TestSuite-Connettore"/>
        <ns2:proprieta nome="c_rule_5_name" valore="RegolaParametroUrl"/>
        <ns2:proprieta nome="c_rule_5_pattern_operazione" valore="test-regola-parametro-url"/>
        <ns2:proprieta nome="c_rule_5_c_selettore" valore="FormBased"/>
        <ns2:proprieta nome="c_rule_5_c_pattern" valore="govway-testsuite-id_connettore_request"/>
        <ns2:proprieta nome="c_rule_6_name" valore="RegolaStatica"/>
        <ns2:proprieta nome="c_rule_6_pattern_operazione" valore="test-regola-statica"/>
        <ns2:proprieta nome="c_rule_6_static_info" valore="Pool2-Filtro0"/>
        <ns2:proprieta nome="c_rule_7_name" valore="RegolaTemplate"/>
        <ns2:proprieta nome="c_rule_7_pattern_operazione" valore="test-regola-template"/>
        <ns2:proprieta nome="c_rule_7_c_selettore" valore="Template"/>
        <ns2:proprieta nome="c_rule_7_c_pattern" valore="${query:govway-testsuite-id_connettore_request}"/>
        <ns2:proprieta nome="c_rule_8_name" valore="RegolaUrlInvocazione"/>
        <ns2:proprieta nome="c_rule_8_pattern_operazione" valore="test-regola-url-invocazione"/>
        <ns2:proprieta nome="c_rule_8_c_selettore" valore="URLBased"/>
        <ns2:proprieta nome="c_rule_8_c_pattern" valore=".+govway-testsuite-id_connettore_request=([^&amp;]*).*"/>
        <ns2:proprieta nome="c_rule_9_name" valore="RegolaVelocityTemplate"/>
        <ns2:proprieta nome="c_rule_9_pattern_operazione" valore="test-regola-velocity-template"/>
        <ns2:proprieta nome="c_rule_9_c_selettore" valore="VelocityTemplate"/>
        <ns2:proprieta nome="c_rule_9_c_pattern" valore="#if($query.containsKey(&quot;govway-testsuite-id_connettore_request&quot;))&#10;$query[&quot;govway-testsuite-id_connettore_request&quot;]&#10;#end"/>
        <ns2:proprieta nome="c_rule_10_name" valore="RegolaXForwardedFor"/>
        <ns2:proprieta nome="c_rule_10_pattern_operazione" valore="test-regola-xforwarded-for"/>
        <ns2:proprieta nome="c_rule_10_c_selettore" valore="XForwardedFor"/>
        <ns2:proprieta nome="c_selector_not_found_c_abort" valore="true"/>
        <ns2:proprieta nome="c_selector_not_found_c_diag_info" valore="false"/>
        <ns2:proprieta nome="c_selector_not_found_c_diag_error" valore="false"/>
        <ns2:proprieta nome="c_connector_not_found_c_abort" valore="true"/>
        <ns2:proprieta nome="c_connector_not_found_c_diag_info" valore="false"/>
        <ns2:proprieta nome="c_connector_not_found_c_diag_error" valore="false"/>
    </ns2:behaviour>
</ns2:porta-applicativa>
