<?xml version="1.0" encoding="UTF-8" standalone="yes"?>
<ns2:porta-applicativa xmlns:ns2="http://www.openspcoop2.org/core/config" nome="gw_SoggettoInternoTest/gw_TestConsegnaMultiplaRegoleSoapFault/v1" descrizione="Service implementation gw/SoggettoInternoTest:gw/TestConsegnaMultiplaRegoleSoapFault:1" ricevuta-asincrona-simmetrica="abilitato" ricevuta-asincrona-asimmetrica="abilitato" allega-body="disabilitato" scarta-body="disabilitato" autenticazione="none" autenticazione-opzionale="disabilitato" autorizzazione="none" ricerca-porta-azione-delegata="abilitato" stato="abilitato">
    <ns2:servizio tipo="gw" nome="TestConsegnaMultiplaRegoleSoapFault" versione="1"/>
    <ns2:azione identificazione="urlBased" pattern=".*/(?:gw_)?SoggettoInternoTest/(?:gw_)?TestConsegnaMultiplaRegoleSoapFault/v1/([^/|^?]*).*" force-interface-based="abilitato"/>
    <ns2:servizio-applicativo nome="gw_SoggettoInternoTest/gw_TestConsegnaMultiplaRegoleSoapFault/v1">
        <ns2:dati-connettore nome="Connettore0" descrizione="Tutti i campi valorizzati" notifica="false" stato="abilitato" scheduling="abilitato" coda="DEFAULT" priorita="DEFAULT" priorita-max="false">
            <ns2:proprieta nome="md_notifiche_err_trasporto_2xx" valore="ok"/>
            <ns2:proprieta nome="md_notifiche_err_trasporto_3xx" valore="ko"/>
            <ns2:proprieta nome="md_notifiche_err_trasporto_4xx" valore="ko"/>
            <ns2:proprieta nome="md_notifiche_err_trasporto_5xx" valore="ok"/>
            <ns2:proprieta nome="md_notifiche_err_fault" valore="custom"/>
            <ns2:proprieta nome="md_notifiche_err_fault_code" valore="CodeRispedita"/>
            <ns2:proprieta nome="md_notifiche_err_fault_actor" valore="ActorRispedita"/>
            <ns2:proprieta nome="md_notifiche_err_fault_message" valore="MessageRispedita"/>
        </ns2:dati-connettore>
    </ns2:servizio-applicativo>
    <ns2:servizio-applicativo nome="gw_SoggettoInternoTest/gw_TestConsegnaMultiplaRegoleSoapFault/v1__SA1">
        <ns2:dati-connettore nome="Connettore1" descrizione="Tutti i campi regex" notifica="true" stato="abilitato" scheduling="abilitato" coda="DEFAULT" priorita="DEFAULT" priorita-max="false">
            <ns2:proprieta nome="md_notifiche_err_trasporto_2xx" valore="ok"/>
            <ns2:proprieta nome="md_notifiche_err_trasporto_3xx" valore="ko"/>
            <ns2:proprieta nome="md_notifiche_err_trasporto_4xx" valore="ko"/>
            <ns2:proprieta nome="md_notifiche_err_trasporto_5xx" valore="ok"/>
            <ns2:proprieta nome="md_notifiche_err_fault" valore="custom"/>
            <ns2:proprieta nome="md_notifiche_err_fault_code" valore="^CodeRispedita\d+$"/>
            <ns2:proprieta nome="md_notifiche_err_fault_actor" valore="^ActorRispedita\d+$"/>
            <ns2:proprieta nome="md_notifiche_err_fault_message" valore="^MessageRispedita\d+$"/>
        </ns2:dati-connettore>
    </ns2:servizio-applicativo>
    <ns2:servizio-applicativo nome="gw_SoggettoInternoTest/gw_TestConsegnaMultiplaRegoleSoapFault/v1__SA2">
        <ns2:dati-connettore nome="Connettore2" descrizione="Solo Fault Message" notifica="true" stato="abilitato" scheduling="abilitato" coda="DEFAULT" priorita="DEFAULT" priorita-max="false">
            <ns2:proprieta nome="md_notifiche_err_trasporto_2xx" valore="ok"/>
            <ns2:proprieta nome="md_notifiche_err_trasporto_3xx" valore="ko"/>
            <ns2:proprieta nome="md_notifiche_err_trasporto_4xx" valore="ko"/>
            <ns2:proprieta nome="md_notifiche_err_trasporto_5xx" valore="ok"/>
            <ns2:proprieta nome="md_notifiche_err_fault" valore="custom"/>
            <ns2:proprieta nome="md_notifiche_err_fault_message" valore="MessageRispeditaContains"/>
        </ns2:dati-connettore>
    </ns2:servizio-applicativo>
    <ns2:servizio-applicativo nome="gw_SoggettoInternoTest/gw_TestConsegnaMultiplaRegoleSoapFault/v1__SA3">
        <ns2:dati-connettore nome="Connettore3" descrizione="Solo Fault Actor" notifica="true" stato="abilitato" scheduling="abilitato" coda="DEFAULT" priorita="DEFAULT" priorita-max="false">
            <ns2:proprieta nome="md_notifiche_err_trasporto_2xx" valore="ok"/>
            <ns2:proprieta nome="md_notifiche_err_trasporto_3xx" valore="ko"/>
            <ns2:proprieta nome="md_notifiche_err_trasporto_4xx" valore="ko"/>
            <ns2:proprieta nome="md_notifiche_err_trasporto_5xx" valore="ok"/>
            <ns2:proprieta nome="md_notifiche_err_fault" valore="custom"/>
            <ns2:proprieta nome="md_notifiche_err_fault_actor" valore="ActorRispedita"/>
        </ns2:dati-connettore>
    </ns2:servizio-applicativo>
    <ns2:behaviour nome="__multi">
        <ns2:proprieta nome="md_notifiche_by_esito" valore="false"/>
        <ns2:proprieta nome="md_notifiche_by_esito_ok" valore="false"/>
        <ns2:proprieta nome="md_notifiche_by_esito_fault" valore="false"/>
        <ns2:proprieta nome="md_notifiche_by_esito_errori_consegna" valore="false"/>
        <ns2:proprieta nome="md_notifiche_by_esito_scartate" valore="false"/>
        <ns2:proprieta nome="md_notifiche_by_esito_processamento" valore="false"/>
    </ns2:behaviour>
</ns2:porta-applicativa>
