<?xml version="1.0" encoding="UTF-8" standalone="yes"?>
<ns2:porta-delegata xmlns:ns2="http://www.openspcoop2.org/core/config" nome="modipa_DemoSoggettoFruitore/modipa_DemoSoggettoErogatore/modipa_DemoAutorizzazioneGenerazioneTokenSoap/v1" descrizione="Subscription from modipa/DemoSoggettoFruitore for service modipa/DemoSoggettoErogatore:modipa/DemoAutorizzazioneGenerazioneTokenSoap:1" autenticazione="basic" autorizzazione="authenticated" ricevuta-asincrona-simmetrica="abilitato" ricevuta-asincrona-asimmetrica="abilitato" allega-body="disabilitato" scarta-body="disabilitato" ricerca-porta-azione-delegata="abilitato" stato="abilitato">
    <ns2:soggetto-erogatore tipo="modipa" nome="DemoSoggettoErogatore"/>
    <ns2:servizio tipo="modipa" nome="DemoAutorizzazioneGenerazioneTokenSoap" versione="1"/>
    <ns2:azione identificazione="interfaceBased" force-interface-based="abilitato"/>
    <ns2:servizio-applicativo nome="ApplicativoBlockingIDA01"/>
    <ns2:servizio-applicativo nome="ApplicativoBlockingIDA01ExampleClient2"/>
    <ns2:servizio-applicativo nome="ApplicativoBlockingIDA01ExampleClient3"/>
    <ns2:servizio-applicativo nome="ApplicativoBlockingIDA01ExampleClientToken1"/>
    <ns2:servizio-applicativo nome="ApplicativoBlockingIDA01ExampleClientToken1-InternalGenerator"/>
    <ns2:servizio-applicativo nome="ApplicativoBlockingIDA01ExampleClientToken2"/>
    <ns2:servizio-applicativo nome="ApplicativoBlockingIDA01ExampleClientToken2-InternalGenerator"/>
    <ns2:servizio-applicativo nome="ApplicativoBlockingIDA01ExampleClientToken3"/>
    <ns2:servizio-applicativo nome="ApplicativoBlockingIDA01ExampleClientToken3-InternalGenerator"/>
    <ns2:servizio-applicativo nome="ApplicativoBlockingIDA01ExampleClientNonCorrispondeANessunApplicativoToken"/>
</ns2:porta-delegata>
