<?xml version="1.0" encoding="UTF-8" standalone="yes"?>
<ns2:porta-delegata xmlns:ns2="http://www.openspcoop2.org/core/config" nome="modipa_DemoSoggettoFruitore/modipa_DemoSoggettoErogatore/modipa_DemoAutorizzazioneTokenOAuth-PDND/v1" descrizione="Subscription from modipa/DemoSoggettoFruitore for service modipa/DemoSoggettoErogatore:modipa/DemoAutorizzazioneTokenOAuth-PDND:1" autenticazione="basic" autorizzazione="authenticated" ricevuta-asincrona-simmetrica="abilitato" ricevuta-asincrona-asimmetrica="abilitato" allega-body="disabilitato" scarta-body="disabilitato" ricerca-porta-azione-delegata="abilitato" stato="abilitato">
    <ns2:soggetto-erogatore tipo="modipa" nome="DemoSoggettoErogatore"/>
    <ns2:servizio tipo="modipa" nome="DemoAutorizzazioneTokenOAuth-PDND" versione="1"/>
    <ns2:azione identificazione="interfaceBased" force-interface-based="abilitato"/>
    <ns2:servizio-applicativo nome="ApplicativoBlockingIDA01"/>
    <ns2:servizio-applicativo nome="ApplicativoBlockingJWK"/>
    <ns2:servizio-applicativo nome="ExampleExternalClient1-SimulazionePDND-JWK"/>
    <ns2:servizio-applicativo nome="ExampleExternalClient2-SimulazionePDND-JWK-Interno"/>
    <ns2:servizio-applicativo nome="ApplicativoBlockingKeyPair"/>
    <ns2:servizio-applicativo nome="ExampleExternalClient3-SimulazionePDND-JWK-Interno"/>
    <ns2:servizio-applicativo nome="ApplicativoBlockingIDA01ExampleClient3"/>
    <ns2:servizio-applicativo nome="ExampleExternalClient4-SimulazionePDND-JWK"/>
</ns2:porta-delegata>
