<?xml version="1.0" encoding="UTF-8" standalone="yes"?>
<ns2:porta-delegata xmlns:ns2="http://www.openspcoop2.org/core/config" nome="modipa_DemoSoggettoFruitore/modipa_DemoSoggettoErogatore/modipa_ApiDemoNonBlockingRestPullNoValidazione/v1" descrizione="Subscription from modipa/DemoSoggettoFruitore for service modipa/DemoSoggettoErogatore:modipa/ApiDemoNonBlockingRestPullNoValidazione:1" autenticazione="none" autenticazione-opzionale="disabilitato" autorizzazione="none" ricevuta-asincrona-simmetrica="abilitato" ricevuta-asincrona-asimmetrica="abilitato" allega-body="disabilitato" scarta-body="disabilitato" ricerca-porta-azione-delegata="abilitato" stato="abilitato">
    <ns2:soggetto-erogatore tipo="modipa" nome="DemoSoggettoErogatore"/>
    <ns2:servizio tipo="modipa" nome="ApiDemoNonBlockingRestPullNoValidazione" versione="1"/>
    <ns2:azione identificazione="interfaceBased" force-interface-based="abilitato"/>
    <ns2:trasformazioni>
        <ns2:regola nome="GenerazioneHeaderErogazione" posizione="1" stato="abilitato">
            <ns2:richiesta conversione="false"/>
            <ns2:risposta nome="GenerazioneHeaderErogazione" posizione="1" conversione="false">
                <ns2:applicabilita>
                    <ns2:return-code-min>400</ns2:return-code-min>
                    <ns2:return-code-max>599</ns2:return-code-max>
                </ns2:applicabilita>
                <ns2:header conversione-tipo="updateOrAdd" nome="GovWay-TestSuite-GovWay-Transaction-ID" valore="${headerResponse:GovWay-Transaction-ID}"/>
            </ns2:risposta>
        </ns2:regola>
    </ns2:trasformazioni>
</ns2:porta-delegata>
