<?xml version="1.0" encoding="UTF-8" standalone="yes"?>
<ns2:porta-delegata xmlns:ns2="http://www.openspcoop2.org/core/config" nome="modipa_DemoSoggettoFruitore/modipa_DemoSoggettoErogatore/modipa_RestBlockingIDAR03-AudienceAsArray/v1" descrizione="Subscription from modipa/DemoSoggettoFruitore for service modipa/DemoSoggettoErogatore:modipa/RestBlockingIDAR03-AudienceAsArray:1" autenticazione="basic" autorizzazione="none" ricevuta-asincrona-simmetrica="abilitato" ricevuta-asincrona-asimmetrica="abilitato" allega-body="disabilitato" scarta-body="disabilitato" ricerca-porta-azione-delegata="abilitato" stato="abilitato">
    <ns2:soggetto-erogatore tipo="modipa" nome="DemoSoggettoErogatore"/>
    <ns2:servizio tipo="modipa" nome="RestBlockingIDAR03-AudienceAsArray" versione="1"/>
    <ns2:azione identificazione="interfaceBased" force-interface-based="abilitato"/>
    <ns2:dump realtime="abilitato">
        <ns2:richiesta-ingresso payload="abilitato" payload-parsing="disabilitato" body="disabilitato" attachments="disabilitato" headers="abilitato"/>
        <ns2:richiesta-uscita payload="abilitato" payload-parsing="disabilitato" body="disabilitato" attachments="disabilitato" headers="abilitato"/>
        <ns2:risposta-ingresso payload="abilitato" payload-parsing="disabilitato" body="disabilitato" attachments="disabilitato" headers="abilitato"/>
        <ns2:risposta-uscita payload="abilitato" payload-parsing="disabilitato" body="disabilitato" attachments="disabilitato" headers="abilitato"/>
    </ns2:dump>
    <ns2:proprieta-oggetto utente-richiedente="amministratore" data-creazione="2024-01-22T16:20:01.737+01:00" utente-ultima-modifica="amministratore" data-ultima-modifica="2024-01-22T16:33:24.536+01:00"/>
</ns2:porta-delegata>
