<?xml version="1.0" encoding="UTF-8" standalone="yes"?>
<ns2:porta-delegata xmlns:ns2="http://www.openspcoop2.org/core/config" nome="modipa_DemoSoggettoFruitore/modipa_DemoSoggettoErogatore/modipa_DemoNegoziazioneTokenFruizioneKeystoreRidefinitoSicurezzaMessaggioJWK/v1" descrizione="Subscription from modipa/DemoSoggettoFruitore for service modipa/DemoSoggettoErogatore:modipa/DemoNegoziazioneTokenFruizioneKeystoreRidefinitoSicurezzaMessaggioJWK:1" autenticazione="none" autorizzazione="none" ricevuta-asincrona-simmetrica="abilitato" ricevuta-asincrona-asimmetrica="abilitato" allega-body="disabilitato" scarta-body="disabilitato" ricerca-porta-azione-delegata="abilitato" stato="abilitato">
    <ns2:soggetto-erogatore tipo="modipa" nome="DemoSoggettoErogatore"/>
    <ns2:servizio tipo="modipa" nome="DemoNegoziazioneTokenFruizioneKeystoreRidefinitoSicurezzaMessaggioJWK" versione="1"/>
    <ns2:azione identificazione="interfaceBased" force-interface-based="abilitato"/>
    <ns2:dump realtime="abilitato">
        <ns2:richiesta-ingresso payload="abilitato" payload-parsing="disabilitato" body="disabilitato" attachments="disabilitato" headers="abilitato"/>
        <ns2:richiesta-uscita payload="abilitato" payload-parsing="disabilitato" body="disabilitato" attachments="disabilitato" headers="abilitato"/>
        <ns2:risposta-ingresso payload="disabilitato" payload-parsing="disabilitato" body="disabilitato" attachments="disabilitato" headers="disabilitato"/>
        <ns2:risposta-uscita payload="disabilitato" payload-parsing="disabilitato" body="disabilitato" attachments="disabilitato" headers="disabilitato"/>
    </ns2:dump>
</ns2:porta-delegata>
