<?xml version="1.0" encoding="UTF-8" standalone="yes"?>
<ns2:porta-delegata xmlns:ns2="http://www.openspcoop2.org/core/config" nome="__modipa_DemoSoggettoFruitore/modipa_DemoSoggettoErogatore/modipa_RestBlockingAuditRest01-X509-TestCache/v1__Specific1" descrizione="Internal Subscription 'Specific1' for modipa_DemoSoggettoFruitore/modipa_DemoSoggettoErogatore/modipa_RestBlockingAuditRest01-X509-TestCache/v1" autenticazione="basic" autorizzazione="none" ricevuta-asincrona-simmetrica="abilitato" ricevuta-asincrona-asimmetrica="abilitato" allega-body="disabilitato" scarta-body="disabilitato" ricerca-porta-azione-delegata="disabilitato" stato="abilitato">
    <ns2:soggetto-erogatore tipo="modipa" nome="DemoSoggettoErogatore"/>
    <ns2:servizio tipo="modipa" nome="RestBlockingAuditRest01-X509-TestCache" versione="1"/>
    <ns2:azione identificazione="delegatedBy" nome-porta-delegante="modipa_DemoSoggettoFruitore/modipa_DemoSoggettoErogatore/modipa_RestBlockingAuditRest01-X509-TestCache/v1" force-interface-based="disabilitato">
        <ns2:azione-delegata>idar01.locale</ns2:azione-delegata>
        <ns2:azione-delegata>idar01.locale-con-filtro-duplicati</ns2:azione-delegata>
        <ns2:azione-delegata>idar03.locale</ns2:azione-delegata>
    </ns2:azione>
</ns2:porta-delegata>
