<?xml version="1.0" encoding="UTF-8" standalone="yes"?>
<ns2:porta-delegata xmlns:ns2="http://www.openspcoop2.org/core/config" nome="__modipa_DemoSoggettoFruitore/modipa_DemoSoggettoErogatore/modipa_SimulazionePDNDProduzioneTokenKid/v1__Specific1" descrizione="Internal Subscription 'Specific1' for modipa_DemoSoggettoFruitore/modipa_DemoSoggettoErogatore/modipa_SimulazionePDNDProduzioneTokenKid/v1" autenticazione="none" autenticazione-opzionale="disabilitato" autorizzazione="none" ricevuta-asincrona-simmetrica="abilitato" ricevuta-asincrona-asimmetrica="abilitato" allega-body="disabilitato" scarta-body="disabilitato" ricerca-porta-azione-delegata="disabilitato" stato="abilitato">
    <ns2:soggetto-erogatore tipo="modipa" nome="DemoSoggettoErogatore"/>
    <ns2:servizio tipo="modipa" nome="SimulazionePDNDProduzioneTokenKid" versione="1"/>
    <ns2:azione identificazione="delegatedBy" nome-porta-delegante="modipa_DemoSoggettoFruitore/modipa_DemoSoggettoErogatore/modipa_SimulazionePDNDProduzioneTokenKid/v1" force-interface-based="disabilitato">
        <ns2:azione-delegata>authToken</ns2:azione-delegata>
    </ns2:azione>
    <ns2:dump realtime="abilitato">
        <ns2:richiesta-ingresso payload="abilitato" payload-parsing="disabilitato" body="disabilitato" attachments="disabilitato" headers="abilitato"/>
        <ns2:richiesta-uscita payload="abilitato" payload-parsing="disabilitato" body="disabilitato" attachments="disabilitato" headers="abilitato"/>
        <ns2:risposta-ingresso payload="abilitato" payload-parsing="disabilitato" body="disabilitato" attachments="disabilitato" headers="abilitato"/>
        <ns2:risposta-uscita payload="abilitato" payload-parsing="disabilitato" body="disabilitato" attachments="disabilitato" headers="abilitato"/>
    </ns2:dump>
    <ns2:trasformazioni>
        <ns2:regola nome="GenerazioneAccessToken" posizione="1" stato="abilitato">
            <ns2:richiesta conversione="false"/>
            <ns2:risposta nome="GenerazioneAccessToken" posizione="1" conversione="true" conversione-tipo="template" content-type="application/json">
                <ns2:conversione-template>ewogICJhY2Nlc3NfdG9rZW4iOiAiU2xBVjMyaGtLRyIsCiAgInRva2VuX3R5cGUiOiAiQmVhcmVyIiwKICAicmVmcmVzaF90b2tlbiI6ICI4eExPeEJ0WnA4IiwKICAiZXhwaXJlc19pbiI6IDM2MDAsCiAgImlkX3Rva2VuIjogImV5SiIKIH0K</ns2:conversione-template>
            </ns2:risposta>
        </ns2:regola>
    </ns2:trasformazioni>
</ns2:porta-delegata>
