<?xml version="1.0" encoding="UTF-8" standalone="yes"?>
<ns2:porta-delegata xmlns:ns2="http://www.openspcoop2.org/core/config" nome="__modipa_DemoSoggettoFruitore/modipa_DemoSoggettoErogatore/modipa_RestBlockingIDAR03SecurityTokenTrasformazione/v1__Specific1" descrizione="Internal Subscription 'Specific1' for modipa_DemoSoggettoFruitore/modipa_DemoSoggettoErogatore/modipa_RestBlockingIDAR03SecurityTokenTrasformazione/v1" autenticazione="basic" autorizzazione="none" ricevuta-asincrona-simmetrica="abilitato" ricevuta-asincrona-asimmetrica="abilitato" allega-body="disabilitato" scarta-body="disabilitato" ricerca-porta-azione-delegata="disabilitato" stato="abilitato">
    <ns2:soggetto-erogatore tipo="modipa" nome="DemoSoggettoErogatore"/>
    <ns2:servizio tipo="modipa" nome="RestBlockingIDAR03SecurityTokenTrasformazione" versione="1"/>
    <ns2:azione identificazione="delegatedBy" nome-porta-delegante="modipa_DemoSoggettoFruitore/modipa_DemoSoggettoErogatore/modipa_RestBlockingIDAR03SecurityTokenTrasformazione/v1" force-interface-based="disabilitato">
        <ns2:azione-delegata>POST_authorization.custom</ns2:azione-delegata>
    </ns2:azione>
    <ns2:dump realtime="abilitato">
        <ns2:richiesta-ingresso payload="abilitato" payload-parsing="disabilitato" body="disabilitato" attachments="disabilitato" headers="abilitato"/>
        <ns2:richiesta-uscita payload="abilitato" payload-parsing="disabilitato" body="disabilitato" attachments="disabilitato" headers="abilitato"/>
        <ns2:risposta-ingresso payload="disabilitato" payload-parsing="disabilitato" body="disabilitato" attachments="disabilitato" headers="disabilitato"/>
        <ns2:risposta-uscita payload="disabilitato" payload-parsing="disabilitato" body="disabilitato" attachments="disabilitato" headers="disabilitato"/>
    </ns2:dump>
    <ns2:trasformazioni>
        <ns2:regola nome="ForwardXSecToken" posizione="1" stato="abilitato">
            <ns2:richiesta conversione="false">
                <ns2:header conversione-tipo="updateOrAdd" nome="X-Security-Token" valore="${header:X-Security-Token}" identificazione-fallita="blocca"/>
            </ns2:richiesta>
        </ns2:regola>
    </ns2:trasformazioni>
</ns2:porta-delegata>
