<?xml version="1.0" encoding="UTF-8" standalone="yes"?>
<ns2:generic-properties xmlns:ns2="http://www.openspcoop2.org/core/config" nome="Vault-TLS" tipologia="retrievePolicyToken" tipo="retrieveToken">
    <ns2:property nome="sslConfig_@@@_trustStorePassword" valore="openspcoop"/>
    <ns2:property nome="sslClientConfig_@@@_keyStorePassword" valore="openspcoopjks"/>
    <ns2:property nome="sslConfig_@@@_trustAllCerts" valore="false"/>
    <ns2:property nome="sslConfig_@@@_trustManagementAlgorithm" valore="PKIX"/>
    <ns2:property nome="policy.endpoint.https.stato" valore="true"/>
    <ns2:property nome="endpointConfig_@@@_connectionTimeout" valore="10000"/>
    <ns2:property nome="policy.tokenForward.mode" valore="RFC6750_header"/>
    <ns2:property nome="sslClientConfig_@@@_keyStoreLocation" valore="/etc/govway/keys/soggetto1.jks"/>
    <ns2:property nome="sslClientConfig_@@@_keyPassword" valore="openspcoop"/>
    <ns2:property nome="endpointConfig_@@@_readConnectionTimeout" valore="120000"/>
    <ns2:property nome="sslConfig_@@@_sslType" valore="TLSv1.3"/>
    <ns2:property nome="policy.retrieveToken.endpoint.basic.stato" valore="false"/>
    <ns2:property nome="policy.retrieveToken.mode" valore="clientCredentials"/>
    <ns2:property nome="policy.retrieveToken.endpoint.url" valore="https://Erogatore:8444/govway/SoggettoInternoVaultTest/AuthorizationServerDummy/v1/token/TLS-Trust-ServerAlias"/>
    <ns2:property nome="policy.endpoint.proxy.stato" valore="false"/>
    <ns2:property nome="sslConfig_@@@_hostnameVerifier" valore="true"/>
    <ns2:property nome="sslClientConfig_@@@_keyStoreType" valore="jks"/>
    <ns2:property nome="policy.retrieveToken.claimsParser" valore="OAUTH2_RFC_6749"/>
    <ns2:property nome="sslConfig_@@@_trustStoreLocation" valore="/etc/govway/keys/erogatore.jks"/>
    <ns2:property nome="policy.retrieveToken.saveErrorInCache" valore="false"/>
    <ns2:property nome="policy.retrieveToken.endpoint.bearer.stato" valore="false"/>
    <ns2:property nome="sslClientConfig_@@@_keyAlias" valore="soggetto1"/>
    <ns2:property nome="policy.endpoint.ssl.mode" valore="ridefinito"/>
    <ns2:property nome="sslConfig_@@@_trustStoreType" valore="jks"/>
    <ns2:property nome="sslClientConfig_@@@_keyManagementAlgorithm" valore="SunX509"/>
    <ns2:property nome="policy.retrieveToken.endpoint.https.stato" valore="true"/>
    <ns2:proprieta-oggetto utente-richiedente="amministratore" data-creazione="2024-07-04T11:27:59.858+02:00" utente-ultima-modifica="amministratore" data-ultima-modifica="2024-07-04T12:05:40.367+02:00"/>
</ns2:generic-properties>
