<?xml version="1.0" encoding="UTF-8" standalone="yes"?>
<ns2:generic-properties xmlns:ns2="http://www.openspcoop2.org/core/config" nome="Vault-OtherProperties3" tipologia="retrievePolicyToken" tipo="retrieveToken">
    <ns2:property nome="policy.endpoint.proxy.stato" valore="false"/>
    <ns2:property nome="policy.retrieveToken.endpoint.bearer.token" valore="TOKEN-BEARER"/>
    <ns2:property nome="policy.endpoint.https.stato" valore="false"/>
    <ns2:property nome="policy.retrieveToken.claimsParser" valore="OAUTH2_RFC_6749"/>
    <ns2:property nome="endpointConfig_@@@_connectionTimeout" valore="5000"/>
    <ns2:property nome="policy.retrieveToken.saveErrorInCache" valore="false"/>
    <ns2:property nome="policy.tokenForward.mode" valore="RFC6750_header"/>
    <ns2:property nome="policy.retrieveToken.endpoint.bearer.stato" valore="true"/>
    <ns2:property nome="endpointConfig_@@@_readConnectionTimeout" valore="10000"/>
    <ns2:property nome="policy.retrieveToken.endpoint.basic.stato" valore="false"/>
    <ns2:property nome="policy.retrieveToken.endpoint.https.stato" valore="false"/>
    <ns2:property nome="policy.retrieveToken.mode" valore="clientCredentials"/>
    <ns2:property nome="policy.retrieveToken.endpoint.url" valore="http://test"/>
    <ns2:proprieta-oggetto utente-richiedente="amministratore" data-creazione="2024-07-04T11:42:28.193+02:00" utente-ultima-modifica="amministratore" data-ultima-modifica="2024-07-05T20:22:25.860+02:00"/>
</ns2:generic-properties>
