<?xml version="1.0" encoding="UTF-8" standalone="yes"?>
<ns2:generic-properties xmlns:ns2="http://www.openspcoop2.org/core/config" nome="Vault-OtherProperties2" tipologia="retrievePolicyToken" tipo="retrieveToken">
    <ns2:property nome="policy.endpoint.proxy.stato" valore="false"/>
    <ns2:property nome="policy.retrieveToken.jwt.audience" valore="test"/>
    <ns2:property nome="policy.retrieveToken.jwt.signature.joseType" valore="JWT"/>
    <ns2:property nome="policy.retrieveToken.jwt.clientSecret" valore="secretSimmetrico"/>
    <ns2:property nome="policy.retrieveToken.jwt.signature.algorithm" valore="HS256"/>
    <ns2:property nome="policy.retrieveToken.jwt.clientId" valore="test"/>
    <ns2:property nome="policy.endpoint.https.stato" valore="false"/>
    <ns2:property nome="policy.retrieveToken.jwt.expired" valore="300"/>
    <ns2:property nome="policy.retrieveToken.claimsParser" valore="OAUTH2_RFC_6749"/>
    <ns2:property nome="policy.retrieveToken.jwt.jti" valore="${transaction:id}"/>
    <ns2:property nome="policy.retrieveToken.jwt.signature.joseContentType" valore="false"/>
    <ns2:property nome="endpointConfig_@@@_connectionTimeout" valore="5000"/>
    <ns2:property nome="policy.retrieveToken.saveErrorInCache" valore="false"/>
    <ns2:property nome="policy.retrieveToken.jwt.signature.include.key.id" valore="false"/>
    <ns2:property nome="policy.tokenForward.mode" valore="RFC6750_header"/>
    <ns2:property nome="endpointConfig_@@@_readConnectionTimeout" valore="10000"/>
    <ns2:property nome="policy.retrieveToken.endpoint.url" valore="http://test"/>
    <ns2:property nome="policy.retrieveToken.mode" valore="rfc7523_clientSecret"/>
    <ns2:proprieta-oggetto utente-richiedente="amministratore" data-creazione="2024-07-04T11:41:44.671+02:00" utente-ultima-modifica="amministratore" data-ultima-modifica="2024-07-04T12:05:40.317+02:00"/>
</ns2:generic-properties>
