<?xml version="1.0" encoding="UTF-8" standalone="yes"?>
<ns2:generic-properties xmlns:ns2="http://www.openspcoop2.org/core/config" nome="Vault-OtherProperties" tipologia="retrievePolicyToken" tipo="retrieveToken">
    <ns2:property nome="policy.endpoint.proxy.stato" valore="true"/>
    <ns2:property nome="policy.retrieveToken.endpoint.basic.username" valore="test"/>
    <ns2:property nome="endpointConfig_@@@_proxyUsername" valore="proxyuser"/>
    <ns2:property nome="policy.retrieveToken.endpoint.basic.password" valore="123456basic"/>
    <ns2:property nome="policy.retrieveToken.endpoint.basic.asAuthorizationHeader" valore="true"/>
    <ns2:property nome="endpointConfig_@@@_proxyHostname" valore="testProxy"/>
    <ns2:property nome="policy.endpoint.https.stato" valore="false"/>
    <ns2:property nome="policy.retrieveToken.claimsParser" valore="OAUTH2_RFC_6749"/>
    <ns2:property nome="policy.retrieveToken.username" valore="user"/>
    <ns2:property nome="endpointConfig_@@@_connectionTimeout" valore="5000"/>
    <ns2:property nome="policy.retrieveToken.saveErrorInCache" valore="false"/>
    <ns2:property nome="policy.tokenForward.mode" valore="RFC6750_header"/>
    <ns2:property nome="endpointConfig_@@@_proxyType" valore="http"/>
    <ns2:property nome="endpointConfig_@@@_readConnectionTimeout" valore="10000"/>
    <ns2:property nome="endpointConfig_@@@_proxyPassword" valore="123proxy"/>
    <ns2:property nome="policy.retrieveToken.endpoint.basic.stato" valore="true"/>
    <ns2:property nome="policy.retrieveToken.endpoint.https.stato" valore="false"/>
    <ns2:property nome="endpointConfig_@@@_proxyPort" valore="23"/>
    <ns2:property nome="policy.retrieveToken.endpoint.url" valore="http://test"/>
    <ns2:property nome="policy.retrieveToken.mode" valore="usernamePassword"/>
    <ns2:property nome="policy.retrieveToken.password" valore="passwordOwnerCredentials"/>
    <ns2:proprieta-oggetto utente-richiedente="amministratore" data-creazione="2024-07-04T11:37:40.423+02:00" utente-ultima-modifica="amministratore" data-ultima-modifica="2024-07-04T12:05:40.351+02:00"/>
</ns2:generic-properties>
