<?xml version="1.0" encoding="UTF-8" standalone="yes"?>
<accordo-servizio-parte-specifica xmlns="http://www.openspcoop2.org/core/registry" tipo="modipa" nome="VaultTestConnettoriArchivio" versione="1" accordo-servizio-parte-comune="modipa/ENTE:VaultTestConnettori:1" tipologia-servizio="normale" ora-registrazione="2024-07-04T14:26:56.496+02:00" descrizione="">
    <configurazione-servizio>
        <connettore tipo="disabilitato" nome="CNT_modipa/SoggettoInternoVaultTest_modipa/VaultTestConnettoriArchivio/1"/>
    </configurazione-servizio>
    <protocol-property name="modipaKeyAlias" value="ExampleServer"/>
    <protocol-property name="modipaKeyPassword" value="123456"/>
    <protocol-property name="modipaKeystoreArchive" file="ExampleServer.p12"/>
    <protocol-property name="modipaKeystoreByokPolicy"/>
    <protocol-property name="modipaKeystoreCertMode" value="ridefinisci"/>
    <protocol-property name="modipaKeystoreKeyPairAlgo" value="RSA"/>
    <protocol-property name="modipaKeystoreMode" value="archive"/>
    <protocol-property name="modipaKeystorePassword" value="123456"/>
    <protocol-property name="modipaKeystorePath"/>
    <protocol-property name="modipaKeystorePathPublicKey"/>
    <protocol-property name="modipaKeystoreType" value="pkcs12"/>
    <protocol-property name="modipaSecurityMessageHttpHeaders" value="Digest,Content-Type,Content-Encoding"/>
    <protocol-property name="modipaSecurityMessageRequestAud" value="VaultTestConnettoriArchivio"/>
    <protocol-property name="modipaSecurityMessageRequestDuplicateJti" value="modi"/>
    <protocol-property name="modipaSecurityMessageRequestIatMode" value="default"/>
    <protocol-property name="modipaSecurityMessageRequestIatTtl"/>
    <protocol-property name="modipaSecurityMessageRequestIntegrityAud"/>
    <protocol-property name="modipaSecurityMessageRequestIntegrityAudMode" value="same"/>
    <protocol-property name="modipaSecurityMessageResponseClaims"/>
    <protocol-property name="modipaSecurityMessageResponseClaimsAuth"/>
    <protocol-property name="modipaSecurityMessageResponseClaimsModi"/>
    <protocol-property name="modipaSecurityMessageResponseExp" number-value="300"/>
    <protocol-property name="modipaSecurityMessageResponseJti" value="same"/>
    <protocol-property name="modipaSecurityMessageResponseJtiIdMsg" value="modi"/>
    <protocol-property name="modipaSecurityMessageRestRequestX509Cert" value="x5c,x5t"/>
    <protocol-property name="modipaSecurityMessageRestResponseAlg" value="RS256"/>
    <protocol-property name="modipaSecurityMessageRestResponseDigestEncoding" value="BASE64"/>
    <protocol-property name="modipaSecurityMessageRestResponseX509Cert" value="x5c,x5t"/>
    <protocol-property name="modipaSecurityMessageRestResponseX509CertAsReq" value="true"/>
    <protocol-property name="modipaSecurityMessageRestResponseX509CertUseCertificateChain" boolean-value="false"/>
    <protocol-property name="modipaSecurityMessageRestResponseX509Url"/>
    <protocol-property name="modipaSslTruststoreCRLs"/>
    <protocol-property name="modipaSslTruststoreMode" value="default"/>
    <protocol-property name="modipaSslTruststoreOCSP"/>
    <protocol-property name="modipaSslTruststorePassword"/>
    <protocol-property name="modipaSslTruststorePath"/>
    <protocol-property name="modipaSslTruststoreType" value="jks"/>
    <protocol-property name="modipaTruststoreCRLs"/>
    <protocol-property name="modipaTruststoreMode" value="ridefinisci"/>
    <protocol-property name="modipaTruststoreOCSP"/>
    <protocol-property name="modipaTruststorePassword" value="123456"/>
    <protocol-property name="modipaTruststorePath" value="/etc/govway/keys/xca/trustStore_ca.jks"/>
    <protocol-property name="modipaTruststoreType" value="jks"/>
    <proprieta-oggetto utente-richiedente="amministratore" data-creazione="2024-07-04T14:13:37.828+02:00" utente-ultima-modifica="amministratore" data-ultima-modifica="2024-07-04T14:26:56.497+02:00"/>
</accordo-servizio-parte-specifica>
