<?xml version="1.0" encoding="UTF-8" standalone="yes"?>
<accordo-servizio-parte-comune xmlns="http://www.openspcoop2.org/core/registry" service-binding="rest" nome="TestValidazioneTokenKeystore" profilo-collaborazione="sincrono" formato-specifica="openApi3" utilizzo-senza-azione="true" filtro-duplicati="disabilitato" conferma-ricezione="disabilitato" id-collaborazione="disabilitato" id-riferimento-richiesta="disabilitato" consegna-in-ordine="disabilitato" ora-registrazione="2024-03-19T08:29:46.188+01:00" versione="1">
    <soggetto-referente tipo="gw" nome="ENTE"/>
    <resource nome="jks-file" path="/jks-file" filtro-duplicati="disabilitato" conferma-ricezione="disabilitato" id-collaborazione="disabilitato" id-riferimento-richiesta="disabilitato" consegna-in-ordine="disabilitato">
        <request/>
    </resource>
    <resource nome="jks-url" path="/jks-url" filtro-duplicati="disabilitato" conferma-ricezione="disabilitato" id-collaborazione="disabilitato" id-riferimento-richiesta="disabilitato" consegna-in-ordine="disabilitato">
        <request/>
    </resource>
    <resource nome="jwk-file" path="/jwk-file" filtro-duplicati="disabilitato" conferma-ricezione="disabilitato" id-collaborazione="disabilitato" id-riferimento-richiesta="disabilitato" consegna-in-ordine="disabilitato">
        <request/>
    </resource>
    <resource nome="jwk-url" path="/jwk-url" filtro-duplicati="disabilitato" conferma-ricezione="disabilitato" id-collaborazione="disabilitato" id-riferimento-richiesta="disabilitato" consegna-in-ordine="disabilitato">
        <request/>
    </resource>
    <resource nome="public-file" path="/public-file" filtro-duplicati="disabilitato" conferma-ricezione="disabilitato" id-collaborazione="disabilitato" id-riferimento-richiesta="disabilitato" consegna-in-ordine="disabilitato">
        <request/>
    </resource>
    <resource nome="public-url" path="/public-url" filtro-duplicati="disabilitato" conferma-ricezione="disabilitato" id-collaborazione="disabilitato" id-riferimento-richiesta="disabilitato" consegna-in-ordine="disabilitato">
        <request/>
    </resource>
    <gruppi>
        <gruppo nome="TestValidazioneToken"/>
    </gruppi>
    <proprieta-oggetto utente-richiedente="amministratore" data-creazione="2024-03-19T08:29:46.121+01:00" utente-ultima-modifica="amministratore" data-ultima-modifica="2024-03-19T11:05:11.259+01:00"/>
</accordo-servizio-parte-comune>
