<?xml version="1.0" encoding="UTF-8" standalone="yes"?>
<accordo-servizio-parte-specifica xmlns="http://www.openspcoop2.org/core/registry" tipo="modipa" nome="DemoNegoziazioneTokenSicurezzaMessaggio03ViaTokenPolicy" versione="1" accordo-servizio-parte-comune="modipa/ENTE:DemoNegoziazioneTokenSicurezzaMessaggio03ViaTokenPolicy:1" tipologia-servizio="normale" ora-registrazione="2023-12-15T12:42:18.499+01:00">
    <configurazione-servizio>
        <connettore tipo="disabilitato" nome="CNT_modipa/DemoSoggettoErogatore_modipa/DemoNegoziazioneTokenSicurezzaMessaggio03ViaTokenPolicy/1"/>
    </configurazione-servizio>
    <protocol-property name="modipaSecurityMessageRequestAud"/>
    <protocol-property name="modipaSecurityMessageRequestDuplicateJti" value="modi"/>
    <protocol-property name="modipaSecurityMessageRequestIatMode" value="default"/>
    <protocol-property name="modipaSecurityMessageRequestIatTtl"/>
    <protocol-property name="modipaSecurityMessageRestRequestX509Cert" value="x5c"/>
    <protocol-property name="modipaSslTruststoreCRLs"/>
    <protocol-property name="modipaSslTruststoreMode" value="default"/>
    <protocol-property name="modipaSslTruststoreOCSP"/>
    <protocol-property name="modipaSslTruststorePassword"/>
    <protocol-property name="modipaSslTruststorePath"/>
    <protocol-property name="modipaSslTruststoreType" value="jks"/>
    <protocol-property name="modipaTruststoreCRLs"/>
    <protocol-property name="modipaTruststoreMode" value="ridefinisci"/>
    <protocol-property name="modipaTruststoreOCSP"/>
    <protocol-property name="modipaTruststorePassword" value="123456"/>
    <protocol-property name="modipaTruststorePath" value="/etc/govway/keys/xca/trustStore_certificati.jks"/>
    <protocol-property name="modipaTruststoreType" value="jks"/>
    <proprieta-oggetto utente-richiedente="amministratore" data-creazione="2023-12-15T12:42:18.193+01:00" utente-ultima-modifica="amministratore" data-ultima-modifica="2023-12-15T13:00:41.833+01:00"/>
</accordo-servizio-parte-specifica>
