<?xml version="1.0" encoding="UTF-8" standalone="yes"?>
<fruitore xmlns="http://www.openspcoop2.org/core/registry" tipo="modipa" nome="DemoSoggettoFruitore" ora-registrazione="2023-05-22T09:31:42.072+02:00">
    <connettore tipo="http" nome="CNT_SF_modipa/DemoSoggettoFruitore_modipa/DemoSoggettoErogatore_modipa/RestBlockingIDAR0402-PDND/1">
        <property nome="tokenPolicy" valore="SimulazionePDNDProduzioneTokenKid-Fruizione"/>
        <property nome="location" valore="http://localhost:8090"/>
    </connettore>
    <protocol-property name="modipaKeyAlias" value="de606068-01cb-49a5-824d-fb171b5d5ae4"/>
    <protocol-property name="modipaKeyPassword"/>
    <protocol-property name="modipaKeystoreCertMode" value="ridefinisci"/>
    <protocol-property name="modipaKeystoreFruizioneMode" value="fruizione"/>
    <protocol-property name="modipaKeystoreKeyPairAlgo" value="RSA"/>
    <protocol-property name="modipaKeystoreMode" value="path"/>
    <protocol-property name="modipaKeystorePassword"/>
    <protocol-property name="modipaKeystorePath" value="/etc/govway/keys/testJWKprivate.jwk"/>
    <protocol-property name="modipaKeystorePathPublicKey"/>
    <protocol-property name="modipaKeystoreType" value="jwk"/>
    <protocol-property name="modipaSecurityMessageHttpHeaders" value="Digest,Content-Type,Content-Encoding"/>
    <protocol-property name="modipaSecurityMessageRequestAud" value="RestBlockingIDAR0402-PDND/v1"/>
    <protocol-property name="modipaSecurityMessageRequestClaims"/>
    <protocol-property name="modipaSecurityMessageRequestExp" number-value="300"/>
    <protocol-property name="modipaSecurityMessageResponseAud" boolean-value="true"/>
    <protocol-property name="modipaSecurityMessageResponseAudExpected" value="DemoSoggettoFruitore/ApplicativoBlockingIDA01"/>
    <protocol-property name="modipaSecurityMessageResponseIatMode" value="default"/>
    <protocol-property name="modipaSecurityMessageResponseIatTtl"/>
    <protocol-property name="modipaSecurityMessageRestRequestAlg" value="RS256"/>
    <protocol-property name="modipaSecurityMessageRestRequestDigestEncoding" value="BASE64"/>
    <protocol-property name="modipaSecurityMessageRestRequestX509Url"/>
    <protocol-property name="modipaSslTruststoreCRLs"/>
    <protocol-property name="modipaSslTruststoreMode" value="default"/>
    <protocol-property name="modipaSslTruststoreOCSP"/>
    <protocol-property name="modipaSslTruststorePassword"/>
    <protocol-property name="modipaSslTruststorePath"/>
    <protocol-property name="modipaSslTruststoreType" value="jks"/>
    <protocol-property name="modipaTruststoreCRLs"/>
    <protocol-property name="modipaTruststoreMode" value="ridefinisci"/>
    <protocol-property name="modipaTruststoreOCSP"/>
    <protocol-property name="modipaTruststorePassword"/>
    <protocol-property name="modipaTruststorePath"/>
    <protocol-property name="modipaTruststoreType" value="PDNDSimulato"/>
</fruitore>
