<?xml version="1.0" encoding="UTF-8" standalone="yes"?>
<accordo-servizio-parte-comune xmlns="http://www.openspcoop2.org/core/registry" service-binding="soap" nome="Estrazione4000" profilo-collaborazione="sincrono" formato-specifica="wsdl11" utilizzo-senza-azione="true" filtro-duplicati="disabilitato" conferma-ricezione="disabilitato" id-collaborazione="disabilitato" id-riferimento-richiesta="disabilitato" consegna-in-ordine="disabilitato" ora-registrazione="2020-03-10T10:49:37.127+01:00" versione="1">
    <soggetto-referente tipo="gw" nome="@OPENSPCOOP2_NOME_SOGGETTO_DEFAULT@"/>
    <port-type nome="AnprPortType4000" style="document" profilo-collaborazione="sincrono" filtro-duplicati="abilitato">
        <azione nome="elenchi_supporto" profilo-collaborazione="sincrono" filtro-duplicati="abilitato">
            <message-input use="literal">
                <part name="request" element-name="Richiesta4004" element-namespace="http://sogei.it/ANPR/4000estrazione"/>
            </message-input>
            <message-output use="literal">
                <part name="response" element-name="Risposta4004" element-namespace="http://sogei.it/ANPR/4000estrazione"/>
            </message-output>
        </azione>
        <azione nome="estrazione_dati_cittadini" profilo-collaborazione="sincrono" filtro-duplicati="abilitato">
            <message-input use="literal">
                <part name="request" element-name="Richiesta4001" element-namespace="http://sogei.it/ANPR/4000estrazione"/>
            </message-input>
            <message-output use="literal">
                <part name="response" element-name="Risposta4001" element-namespace="http://sogei.it/ANPR/4000estrazione"/>
            </message-output>
        </azione>
        <azione nome="richieste_asincrone" profilo-collaborazione="sincrono" filtro-duplicati="abilitato">
            <message-input use="literal">
                <part name="request" element-name="Richiesta4005" element-namespace="http://sogei.it/ANPR/4000estrazione"/>
            </message-input>
            <message-output use="literal">
                <part name="response" element-name="Risposta4005" element-namespace="http://sogei.it/ANPR/4000estrazione"/>
            </message-output>
        </azione>
        <azione nome="rivestimento_cf" profilo-collaborazione="sincrono" filtro-duplicati="abilitato">
            <message-input use="literal">
                <part name="request" element-name="Richiesta4002" element-namespace="http://sogei.it/ANPR/4000estrazione"/>
            </message-input>
            <message-output use="literal">
                <part name="response" element-name="Risposta4002" element-namespace="http://sogei.it/ANPR/4000estrazione"/>
            </message-output>
        </azione>
        <azione nome="supporto_rilevazioni_statistiche" profilo-collaborazione="sincrono" filtro-duplicati="abilitato">
            <message-input use="literal">
                <part name="request" element-name="Richiesta4003" element-namespace="http://sogei.it/ANPR/4000estrazione"/>
            </message-input>
            <message-output use="literal">
                <part name="response" element-name="Risposta4003" element-namespace="http://sogei.it/ANPR/4000estrazione"/>
            </message-output>
        </azione>
    </port-type>
    <allegato tipo="xsd" file="4000estrazione.xsd" ora-registrazione="2020-03-10T10:52:10.430+01:00"/>
    <allegato tipo="xsd" file="tipoDato.xsd" ora-registrazione="2020-03-10T10:53:39.946+01:00"/>
    <allegato tipo="xsd" file="vocabolario4000estrazione.xsd" ora-registrazione="2020-03-10T10:53:39.946+01:00"/>
    <allegato tipo="xsd" file="rispostaComune.xsd" ora-registrazione="2020-03-10T10:53:39.946+01:00"/>
    <allegato tipo="xsd" file="vocabolarioRispostaComune.xsd" ora-registrazione="2020-03-10T10:53:39.946+01:00"/>
    <gruppi>
	<gruppo nome="ANPR"/>
    </gruppi>
</accordo-servizio-parte-comune>
