<?xml version="1.0" encoding="UTF-8" standalone="yes"?>
<ns2:porta-applicativa xmlns:ns2="http://www.openspcoop2.org/core/config" nome="gw_ENTE/gw_ConsegnaCondizionaleByNomeSoap/v1" descrizione="Service implementation gw/ENTE:gw/ConsegnaCondizionaleByNomeSoap:1" ricevuta-asincrona-simmetrica="abilitato" ricevuta-asincrona-asimmetrica="abilitato" allega-body="disabilitato" scarta-body="disabilitato" autenticazione="none" autorizzazione="none" ricerca-porta-azione-delegata="abilitato" stato="abilitato">
    <ns2:servizio tipo="gw" nome="ConsegnaCondizionaleByNomeSoap" versione="1"/>
    <ns2:azione identificazione="urlBased" pattern=".*/(?:gw_)?ENTE/(?:gw_)?ConsegnaCondizionaleByNomeSoap/v1/([^/|^?]*).*" force-interface-based="abilitato"/>
    <ns2:servizio-applicativo nome="gw_ENTE/gw_ConsegnaCondizionaleByNomeSoap/v1"/>
    <ns2:behaviour nome="__conditional">
        <ns2:proprieta nome="md_notifiche_by_esito" valore="false"/>
        <ns2:proprieta nome="md_notifiche_by_esito_ok" valore="false"/>
        <ns2:proprieta nome="md_notifiche_by_esito_fault" valore="false"/>
        <ns2:proprieta nome="md_notifiche_by_esito_errori_consegna" valore="false"/>
        <ns2:proprieta nome="md_notifiche_by_esito_scartate" valore="false"/>
        <ns2:proprieta nome="md_notifiche_by_esito_processamento" valore="false"/>
        <ns2:proprieta nome="c_enabled" valore="true"/>
        <ns2:proprieta nome="c_by_filter" valore="false"/>
        <ns2:proprieta nome="c_selettore" valore="SOAPActionBased"/>
        <ns2:proprieta nome="c_selector_not_found_c_abort" valore="true"/>
        <ns2:proprieta nome="c_selector_not_found_c_diag_info" valore="false"/>
        <ns2:proprieta nome="c_selector_not_found_c_diag_error" valore="false"/>
        <ns2:proprieta nome="c_connector_not_found_c_abort" valore="true"/>
        <ns2:proprieta nome="c_connector_not_found_c_diag_info" valore="false"/>
        <ns2:proprieta nome="c_connector_not_found_c_diag_error" valore="false"/>
    </ns2:behaviour>
</ns2:porta-applicativa>
