<?xml version="1.0" encoding="UTF-8" standalone="yes"?>
<ns2:servizio-applicativo xmlns:ns2="http://www.openspcoop2.org/core/config" nome="gw_SoggettoInternoTest/gw_TestSSE/v1" use-as-client="false">
    <ns2:invocazione-servizio sbustamento-soap="disabilitato" sbustamento-informazioni-protocollo="abilitato" get-message="disabilitato" autenticazione="none" invio-per-riferimento="disabilitato" risposta-per-riferimento="disabilitato">
        <ns2:connettore tipo="http" nome="ConnettoreINV_gw_SoggettoInternoTest/gw_TestSSE/v1_gwSoggettoInternoTest">
            <ns2:property nome="location" valore="http://undefined"/>
        </ns2:connettore>
    </ns2:invocazione-servizio>
    <ns2:risposta-asincrona sbustamento-soap="disabilitato" sbustamento-informazioni-protocollo="abilitato" get-message="disabilitato" autenticazione="none" invio-per-riferimento="disabilitato" risposta-per-riferimento="disabilitato">
        <ns2:connettore tipo="disabilitato" nome="ConnettoreRISP_gw_SoggettoInternoTest/gw_TestSSE/v1_gwSoggettoInternoTest"/>
    </ns2:risposta-asincrona>
    <ns2:proprieta-oggetto utente-richiedente="amministratore" data-creazione="2025-07-23T10:32:46.434+02:00" utente-ultima-modifica="amministratore" data-ultima-modifica="2025-07-23T10:33:03.129+02:00"/>
</ns2:servizio-applicativo>
