<?xml version="1.0" encoding="UTF-8" standalone="yes"?>
<ns2:servizio-applicativo xmlns:ns2="http://www.openspcoop2.org/core/config" nome="__gw_SoggettoInternoTest/gw_TestHttpLibrary/v1__Specific1" use-as-client="false">
    <ns2:invocazione-servizio sbustamento-soap="disabilitato" sbustamento-informazioni-protocollo="abilitato" get-message="disabilitato" autenticazione="none" invio-per-riferimento="disabilitato" risposta-per-riferimento="disabilitato">
        <ns2:connettore tipo="http" nome="ConnettoreINV___gw_SoggettoInternoTest/gw_TestHttpLibrary/v1__Specific1_gwSoggettoInternoTest">
            <ns2:property nome="httpImpl" valore="java.net.HttpURLConnection"/>
            <ns2:property nome="location" valore="http://Erogatore:8080/TestService/echo"/>
        </ns2:connettore>
    </ns2:invocazione-servizio>
    <ns2:risposta-asincrona sbustamento-soap="disabilitato" sbustamento-informazioni-protocollo="abilitato" get-message="disabilitato" autenticazione="none" invio-per-riferimento="disabilitato" risposta-per-riferimento="disabilitato">
        <ns2:connettore tipo="disabilitato" nome="ConnettoreRISP___gw_SoggettoInternoTest/gw_TestHttpLibrary/v1__Specific1_gwSoggettoInternoTest"/>
    </ns2:risposta-asincrona>
    <ns2:proprieta-oggetto utente-richiedente="amministratore" data-creazione="2025-03-05T09:58:28.193+01:00" utente-ultima-modifica="amministratore" data-ultima-modifica="2025-03-05T10:01:33.539+01:00"/>
</ns2:servizio-applicativo>
