<?xml version="1.0" encoding="UTF-8" standalone="yes"?>
<ns2:servizio-applicativo xmlns:ns2="http://www.openspcoop2.org/core/config" nome="__gw_SoggettoInternoTest/gw_TestSSE/v1__Specific1" use-as-client="false">
    <ns2:invocazione-servizio sbustamento-soap="disabilitato" sbustamento-informazioni-protocollo="abilitato" get-message="disabilitato" autenticazione="none" invio-per-riferimento="disabilitato" risposta-per-riferimento="disabilitato">
        <ns2:connettore tipo="https" nome="ConnettoreINV___gw_SoggettoInternoTest/gw_TestSSE/v1__Specific1_gwSoggettoInternoTest">
            <ns2:property nome="connectionTimeout" valore="9000"/>
            <ns2:property nome="readConnectionTimeout" valore="30000"/>
            <ns2:property nome="avgResponseTime" valore="3000"/>
            <ns2:property nome="debug" valore="false"/>
            <ns2:property nome="location" valore="https://sse.dev/test"/>
            <ns2:property nome="sslType" valore="TLSv1.3"/>
            <ns2:property nome="hostnameVerifier" valore="false"/>
            <ns2:property nome="trustAllCerts" valore="true"/>
        </ns2:connettore>
    </ns2:invocazione-servizio>
    <ns2:risposta-asincrona sbustamento-soap="disabilitato" sbustamento-informazioni-protocollo="abilitato" get-message="disabilitato" autenticazione="none" invio-per-riferimento="disabilitato" risposta-per-riferimento="disabilitato">
        <ns2:connettore tipo="disabilitato" nome="ConnettoreRISP___gw_SoggettoInternoTest/gw_TestSSE/v1__Specific1_gwSoggettoInternoTest"/>
    </ns2:risposta-asincrona>
    <ns2:proprieta-oggetto utente-richiedente="amministratore" data-creazione="2025-07-23T10:33:39.669+02:00" utente-ultima-modifica="amministratore" data-ultima-modifica="2025-07-23T10:39:46.221+02:00"/>
</ns2:servizio-applicativo>
