<openspcoop2 xmlns="http://www.openspcoop2.org/core/config">

	<soggetto xmlns="http://www.openspcoop2.org/core/config" tipo="modipa" nome="SOGGETTO_LOCALE">

		<ns2:porta-delegata xmlns:ns2="http://www.openspcoop2.org/core/config" nome="modipa_SOGGETTO_LOCALE/modipa_PDND/modipa_api-pdnd-tracing/v1" descrizione="Subscription from modipa/SOGGETTO_LOCALE for service modipa/PDND:modipa/api-pdnd-tracing:1" autenticazione="ssl" autorizzazione="authenticated" ricevuta-asincrona-simmetrica="abilitato" ricevuta-asincrona-asimmetrica="abilitato" allega-body="disabilitato" scarta-body="disabilitato" ricerca-porta-azione-delegata="abilitato" stato="abilitato">
		    <ns2:soggetto-erogatore tipo="modipa" nome="PDND"/>
		    <ns2:servizio tipo="modipa" nome="api-pdnd-tracing" versione="1"/>
		    <ns2:azione identificazione="interfaceBased" force-interface-based="abilitato"/>
		    <ns2:proprieta-oggetto utente-richiedente="amministratore" data-creazione="2025-03-21T17:15:21.019+01:00" utente-ultima-modifica="amministratore" data-ultima-modifica="2025-05-13T11:13:33.544+02:00"/>
		</ns2:porta-delegata>

	</soggetto>

</openspcoop2>
