<registro-servizi xmlns="http://www.openspcoop2.org/core/registry">

	<accordo-servizio-parte-comune xmlns="http://www.openspcoop2.org/core/registry" service-binding="rest" nome="api-pdnd-tracing" descrizione="Exposes the API for tracing PDND service" profilo-collaborazione="sincrono" formato-specifica="openApi3" utilizzo-senza-azione="true" filtro-duplicati="disabilitato" conferma-ricezione="disabilitato" id-collaborazione="disabilitato" id-riferimento-richiesta="disabilitato" consegna-in-ordine="disabilitato" ora-registrazione="2019-04-11T16:04:27.252+02:00" versione="1">
	    <soggetto-referente tipo="modipa" nome="SOGGETTO_LOCALE"/>
    <resource nome="GET_status" descrizione="Return ok" path="/status" method="GET" filtro-duplicati="disabilitato" conferma-ricezione="disabilitato" consegna-in-ordine="disabilitato">
        <request/>
        <response descrizione="successful operation" status="200"/>
    </resource>
    <resource nome="GET_tracings" path="/tracings" method="GET" filtro-duplicati="disabilitato" conferma-ricezione="disabilitato" consegna-in-ordine="disabilitato">
        <request>
            <parameter nome="limit" parameter-type="query" required="true" tipo="int32" restrizioni="type=integer; format=int32; minimum=1; maximum=50; style=form; explode=true"/>
            <parameter nome="offset" parameter-type="query" required="true" tipo="int32" restrizioni="type=integer; format=int32; minimum=0; style=form; explode=true"/>
            <parameter nome="states" parameter-type="query" required="false" tipo="string" restrizioni="type=string; enumValues=PENDING,COMPLETED,MISSING,ERROR; arrayParameter=true; style=form; explode=false"/>
        </request>
        <response descrizione="Successful response" status="200">
            <representation media-type="application/json" nome="response_GET__tracings_200_application_json" representation-type="json">
                <json tipo="GetTracingsResponse"/>
            </representation>
        </response>
        <response descrizione="A managed error has occurred during the request elaboration" status="500">
            <representation media-type="application/json" nome="response_GET__tracings_500_application_json" representation-type="json">
                <json tipo="Problem"/>
            </representation>
        </response>
    </resource>
    <resource nome="POST_tracings.submit" path="/tracings/submit" method="POST" filtro-duplicati="disabilitato" conferma-ricezione="disabilitato" consegna-in-ordine="disabilitato">
        <request>
            <representation media-type="multipart/form-data" nome="SubmitTracingRequest" representation-type="json">
                <json tipo="SubmitTracingRequest"/>
            </representation>
        </request>
        <response descrizione="Successful response" status="200">
            <representation media-type="application/json" nome="response_POST__tracings_submit_200_application_json" representation-type="json">
                <json tipo="SubmitTracingResponse"/>
            </representation>
        </response>
        <response descrizione="The provided input data is invalid" status="400">
            <representation media-type="application/json" nome="response_POST__tracings_submit_400_application_json" representation-type="json">
                <json tipo="Problem"/>
            </representation>
        </response>
        <response descrizione="The requested resource could not be found on the server" status="404">
            <representation media-type="application/json" nome="response_POST__tracings_submit_404_application_json" representation-type="json">
                <json tipo="Problem"/>
            </representation>
        </response>
        <response descrizione="A managed error has occurred during the request elaboration" status="500">
            <representation media-type="application/json" nome="response_POST__tracings_submit_500_application_json" representation-type="json">
                <json tipo="Problem"/>
            </representation>
        </response>
    </resource>
    <resource nome="GET_tracings.tracingId.errors" path="/tracings/{tracingId}/errors" method="GET" filtro-duplicati="disabilitato" conferma-ricezione="disabilitato" consegna-in-ordine="disabilitato">
        <request>
            <parameter nome="limit" parameter-type="query" required="true" tipo="int32" restrizioni="type=integer; format=int32; minimum=1; maximum=50; style=form; explode=true"/>
            <parameter nome="offset" parameter-type="query" required="true" tipo="int32" restrizioni="type=integer; format=int32; minimum=0; style=form; explode=true"/>
            <parameter nome="tracingId" descrizione="The ID of the tracing" parameter-type="dynamicPath" required="true" tipo="uuid" restrizioni="type=string; format=uuid; style=simple; explode=false"/>
        </request>
        <response descrizione="Successful response" status="200">
            <representation media-type="application/json" nome="response_GET__tracings_{tracingId}_errors_200_application_json" representation-type="json">
                <json tipo="GetTracingErrorsResponse"/>
            </representation>
        </response>
        <response descrizione="The provided input data is invalid" status="400">
            <representation media-type="application/json" nome="response_GET__tracings_{tracingId}_errors_400_application_json" representation-type="json">
                <json tipo="Problem"/>
            </representation>
        </response>
        <response descrizione="The requested resource could not be found on the server" status="404">
            <representation media-type="application/json" nome="response_GET__tracings_{tracingId}_errors_404_application_json" representation-type="json">
                <json tipo="Problem"/>
            </representation>
        </response>
        <response descrizione="A managed error has occurred during the request elaboration" status="500">
            <representation media-type="application/json" nome="response_GET__tracings_{tracingId}_errors_500_application_json" representation-type="json">
                <json tipo="Problem"/>
            </representation>
        </response>
    </resource>
    <resource nome="POST_tracings.tracingId.recover" path="/tracings/{tracingId}/recover" method="POST" filtro-duplicati="disabilitato" conferma-ricezione="disabilitato" consegna-in-ordine="disabilitato">
        <request>
            <parameter nome="tracingId" descrizione="The ID of the tracing" parameter-type="dynamicPath" required="true" tipo="uuid" restrizioni="type=string; format=uuid; style=simple; explode=false"/>
            <representation media-type="multipart/form-data" nome="RecoverTracingRequest" representation-type="json">
                <json tipo="RecoverTracingRequest"/>
            </representation>
        </request>
        <response descrizione="Successful response" status="200">
            <representation media-type="application/json" nome="response_POST__tracings_{tracingId}_recover_200_application_json" representation-type="json">
                <json tipo="RecoverTracingResponse"/>
            </representation>
        </response>
        <response descrizione="The provided input data is invalid" status="400">
            <representation media-type="application/json" nome="response_POST__tracings_{tracingId}_recover_400_application_json" representation-type="json">
                <json tipo="Problem"/>
            </representation>
        </response>
        <response descrizione="The requested resource could not be found on the server" status="404">
            <representation media-type="application/json" nome="response_POST__tracings_{tracingId}_recover_404_application_json" representation-type="json">
                <json tipo="Problem"/>
            </representation>
        </response>
        <response descrizione="A managed error has occurred during the request elaboration" status="500">
            <representation media-type="application/json" nome="response_POST__tracings_{tracingId}_recover_500_application_json" representation-type="json">
                <json tipo="Problem"/>
            </representation>
        </response>
    </resource>
    <resource nome="POST_tracings.tracingId.replace" path="/tracings/{tracingId}/replace" method="POST" filtro-duplicati="disabilitato" conferma-ricezione="disabilitato" consegna-in-ordine="disabilitato">
        <request>
            <parameter nome="tracingId" descrizione="The ID of the tracing" parameter-type="dynamicPath" required="true" tipo="uuid" restrizioni="type=string; format=uuid; style=simple; explode=false"/>
            <representation media-type="multipart/form-data" nome="ReplaceTracingRequest" representation-type="json">
                <json tipo="ReplaceTracingRequest"/>
            </representation>
        </request>
        <response descrizione="Successful response" status="200">
            <representation media-type="application/json" nome="response_POST__tracings_{tracingId}_replace_200_application_json" representation-type="json">
                <json tipo="ReplaceTracingResponse"/>
            </representation>
        </response>
        <response descrizione="The provided input data is invalid" status="400">
            <representation media-type="application/json" nome="response_POST__tracings_{tracingId}_replace_400_application_json" representation-type="json">
                <json tipo="Problem"/>
            </representation>
        </response>
        <response descrizione="The requested resource could not be found on the server" status="404">
            <representation media-type="application/json" nome="response_POST__tracings_{tracingId}_replace_404_application_json" representation-type="json">
                <json tipo="Problem"/>
            </representation>
        </response>
        <response descrizione="A managed error has occurred during the request elaboration" status="500">
            <representation media-type="application/json" nome="response_POST__tracings_{tracingId}_replace_500_application_json" representation-type="json">
                <json tipo="Problem"/>
            </representation>
        </response>
    </resource>
    <protocol-property name="modipaSecurityChannelProfile"/>
    <protocol-property name="modipaSecurityMessageConfig"/>
    <protocol-property name="modipaSecurityMessageCorniceSicurezza" boolean-value="false"/>
    <protocol-property name="modipaSecurityMessageCorniceSicurezzaOpzionale" boolean-value="false"/>
    <protocol-property name="modipaSecurityMessageCorniceSicurezzaPattern"/>
    <protocol-property name="modipaSecurityMessageCorniceSicurezzaSchema"/>
    <protocol-property name="modipaSecurityMessageHeaderCustomMode"/>
    <protocol-property name="modipaSecurityMessageHeaderCustomName"/>
    <protocol-property name="modipaSecurityMessageHeaderName"/>
    <protocol-property name="modipaSecurityMessageProfile"/>
    <protocol-property name="modipaSecurityMessageRequestDigest" boolean-value="false"/>
    <protocol-property name="modipaSecurityMessageSorgenteToken"/>
    <protocol-property name="modipaSecurityRequest"/>
    <protocol-property name="modipaSecurityRequestContentType"/>
    <protocol-property name="modipaSecurityResponse"/>
    <protocol-property name="modipaSecurityResponseContentType"/>
    <protocol-property name="modipaSecurityResponseReturnCode"/>
    <gruppi>
        <gruppo nome="API-PDND"/>
    </gruppi>
	</accordo-servizio-parte-comune>

	<gruppo xmlns="http://www.openspcoop2.org/core/registry" nome="API-PDND" />

<soggetto xmlns="http://www.openspcoop2.org/core/registry" tipo="modipa" nome="PDND" identificativo-porta="domain/modipa/PDND" ora-registrazione="2023-05-02T15:20:40.949+02:00" versione-protocollo="1.0" codice-ipa="o=modipa/PDND,c=it">

		<accordo-servizio-parte-specifica xmlns="http://www.openspcoop2.org/core/registry" tipo="modipa" nome="api-pdnd-tracing" versione="1" accordo-servizio-parte-comune="modipa/SOGGETTO_LOCALE:api-pdnd-tracing:1" tipologia-servizio="normale" ora-registrazione="2019-04-11T16:05:44.698+02:00" descrizione="">
		    <configurazione-servizio>
			<connettore tipo="disabilitato" nome="CNT_modipa/PDND_modipa/api-pdnd-tracing/1"/>
		    </configurazione-servizio>
		    
<fruitore xmlns="http://www.openspcoop2.org/core/registry" tipo="modipa" nome="SOGGETTO_LOCALE" ora-registrazione="2025-03-21T17:15:21.089+01:00">
    <connettore tipo="http" nome="CNT_SF_modipa/SOGGETTO_LOCALE_modipa/PDND_modipa/api-pdnd-tracing/1">
        <property nome="tokenPolicy" valore="api-pdnd"/>
        <property nome="location" valore="https://api.uat.tracing.interop.pagopa.it/"/>
    </connettore>
    <protocol-property name="modipaKeyAlias"/>
    <protocol-property name="modipaKeyPassword" value="OPTIONAL_PASSWORD_PRIVATE_KEY"/>
    <protocol-property name="modipaKeystoreCertMode" value="ridefinisci"/>
    <protocol-property name="modipaKeystoreKeyPairAlgo" value="RSA"/>
    <protocol-property name="modipaKeystoreMode" value="path"/>
    <protocol-property name="modipaKeystorePassword"/>
    <protocol-property name="modipaKeystorePath" value="PATH_PRIVATE_KEY"/>
    <protocol-property name="modipaKeystorePathPublicKey" value="PATH_PUBLIC_KEY"/>
    <protocol-property name="modipaKeystoreType" value="keys"/>
    <protocol-property name="modipaSecurityOauthId" value="CLIENT_ID_FORNITO_PDND"/>
    <protocol-property name="modipaSecurityOauthKid" value="KID_FORNITO_PDND"/>
    <proprieta-oggetto utente-richiedente="amministratore" data-creazione="2025-03-21T17:15:21.088+01:00" utente-ultima-modifica="amministratore" data-ultima-modifica="2025-05-13T13:05:44.722+02:00"/>
</fruitore>		    
		    
		</accordo-servizio-parte-specifica>

	</soggetto>

</registro-servizi>
