<?xml version="1.0" encoding="UTF-8" standalone="yes"?>
<ns2:servizio-applicativo xmlns:ns2="http://www.openspcoop2.org/core/config" nome="TestServerAsincronoAsimmetrico" tipo="server" use-as-client="false" descrizione="">
    <ns2:invocazione-porta invio-per-riferimento="disabilitato" sbustamento-informazioni-protocollo="abilitato">
        <ns2:gestione-errore fault="soap"/>
    </ns2:invocazione-porta>
    <ns2:invocazione-servizio sbustamento-soap="disabilitato" sbustamento-informazioni-protocollo="abilitato" get-message="disabilitato" autenticazione="basic" invio-per-riferimento="disabilitato" risposta-per-riferimento="disabilitato">
        <ns2:credenziali user="UsernameVaultTestConnettoreAsincronoRichiesta" password="PasswordVaultTestConnettoreAsincronoRichiesta"/>
        <ns2:connettore tipo="http" nome="ConnettoreINV_TestServerAsincronoAsimmetrico_spcSoggettoInternoVaultTest">
            <ns2:property nome="location" valore="http://127.0.0.1:8080/TestService/echo?checkEqualsHttpHeader=GovWay-TestSuite-IDOP:asincronoRichiesta"/>
        </ns2:connettore>
    </ns2:invocazione-servizio>
    <ns2:risposta-asincrona sbustamento-soap="disabilitato" sbustamento-informazioni-protocollo="abilitato" get-message="disabilitato" autenticazione="basic" invio-per-riferimento="disabilitato" risposta-per-riferimento="disabilitato">
        <ns2:credenziali user="UtenteVaultTestConnettoreAsincronoRisposta" password="PasswordVaultTestConnettoreAsincronoRisposta"/>
        <ns2:connettore tipo="http" nome="ConnettoreRISP_TestServerAsincronoAsimmetrico_spcSoggettoInternoVaultTest">
            <ns2:property nome="location" valore="http://127.0.0.1:8080/TestService/echo?checkEqualsHttpHeader=GovWay-TestSuite-IDOP:asincronoRisposta"/>
        </ns2:connettore>
    </ns2:risposta-asincrona>
    <ns2:proprieta-oggetto utente-richiedente="amministratore" data-creazione="2024-06-27T18:04:25.992+02:00" utente-ultima-modifica="amministratore" data-ultima-modifica="2024-06-28T11:38:44.472+02:00"/>
</ns2:servizio-applicativo>
