<?xml version="1.0" encoding="UTF-8" standalone="yes"?>
<ns2:porta-applicativa xmlns:ns2="http://www.openspcoop2.org/core/config" nome="__gw_SoggettoInternoVaultTest/gw_VaultTestProprieta/v1__Specific4" descrizione="Internal Implementation 'Specific4' for gw_SoggettoInternoVaultTest/gw_VaultTestProprieta/v1" ricevuta-asincrona-simmetrica="abilitato" ricevuta-asincrona-asimmetrica="abilitato" allega-body="disabilitato" scarta-body="disabilitato" autenticazione="vaultapa" autenticazione-opzionale="disabilitato" autorizzazione="vaultauthzpa" autorizzazione-contenuto="vaultauthcpa" ricerca-porta-azione-delegata="disabilitato" stato="abilitato">
    <ns2:servizio tipo="gw" nome="VaultTestProprieta" versione="1"/>
    <ns2:azione identificazione="delegatedBy" nome-porta-delegante="gw_SoggettoInternoVaultTest/gw_VaultTestProprieta/v1" force-interface-based="disabilitato">
        <ns2:azione-delegata>plugin-authn-authz-authc</ns2:azione-delegata>
    </ns2:azione>
    <ns2:servizio-applicativo nome="__gw_SoggettoInternoVaultTest/gw_VaultTestProprieta/v1__Specific4"/>
    <ns2:proprieta-autenticazione nome="vaultTestNomeCifratoAutenticazione" valore="==gw-pbkdf2==.U2FsdGVkX19ShkAHnTOJaurKcGQ9Jb3gVwFgqfx4vYHB7+iv9IplcHUCWM3j2cOMNu15DvVhU9vrg4NEbJnRow=="/>
    <ns2:proprieta-autenticazione nome="tipoAutenticazione" valore="form-based"/>
    <ns2:proprieta-autenticazione nome="nome" valore="govwayTestSuite_IDOP"/>
    <ns2:proprieta-autorizzazione nome="vaultTestNomeCifratoAutorizzazione" valore="==gw-pbkdf2==.U2FsdGVkX18udOsiplFnzdEbAKhqiHzbDxCGi/Qg6xxn+t9hGKyKlbvk4gGLboi+I/bF14bI2x+azq47q/L2Hg=="/>
    <ns2:proprieta-autorizzazione-contenuto nome="vaultTestNomeCifratoAutorizzazioneContenuti" valore="==gw-pbkdf2==.U2FsdGVkX19Bxk6Zn9tztwPz8C+i/gpdffP4Vh7Vx119On96OxNfsHHoJzTVEkKSakV5Y/uEJ/QbWYdAh6c9pg=="/>
    <ns2:trasformazioni>
        <ns2:regola nome="Proprieta" posizione="1" stato="abilitato">
            <ns2:richiesta conversione="false">
                <ns2:header conversione-tipo="add" nome="vault-test" valore="${java:vaultTestNomeCifrato}" identificazione-fallita="blocca"/>
            </ns2:richiesta>
        </ns2:regola>
    </ns2:trasformazioni>
    <ns2:proprieta-oggetto utente-richiedente="amministratore" data-creazione="2024-07-01T11:30:39.612+02:00"/>
</ns2:porta-applicativa>
