<?xml version="1.0" encoding="UTF-8" standalone="yes"?>
<ns2:porta-applicativa xmlns:ns2="http://www.openspcoop2.org/core/config" nome="__gw_SoggettoInternoVaultTest/gw_VaultTestProprieta/v1__Specific2" descrizione="Internal Implementation 'Specific2' for gw_SoggettoInternoVaultTest/gw_VaultTestProprieta/v1" ricevuta-asincrona-simmetrica="abilitato" ricevuta-asincrona-asimmetrica="abilitato" allega-body="disabilitato" scarta-body="disabilitato" autenticazione="basic" autenticazione-opzionale="disabilitato" autorizzazione="authenticated" ricerca-porta-azione-delegata="disabilitato" stato="abilitato">
    <ns2:servizio tipo="gw" nome="VaultTestProprieta" versione="1"/>
    <ns2:azione identificazione="delegatedBy" nome-porta-delegante="gw_SoggettoInternoVaultTest/gw_VaultTestProprieta/v1" force-interface-based="disabilitato">
        <ns2:azione-delegata>soggetto</ns2:azione-delegata>
    </ns2:azione>
    <ns2:servizio-applicativo nome="__gw_SoggettoInternoVaultTest/gw_VaultTestProprieta/v1__Specific2"/>
    <ns2:servizi-applicativi-autorizzati>
        <ns2:servizio-applicativo tipo-soggetto-proprietario="gw" nome-soggetto-proprietario="SoggettoInternoVaultTestFruitoreProprieta" nome="TestVaultApplicativoProprieta"/>
    </ns2:servizi-applicativi-autorizzati>
    <ns2:trasformazioni>
        <ns2:regola nome="Proprieta" posizione="1" stato="abilitato">
            <ns2:richiesta conversione="false">
                <ns2:header conversione-tipo="add" nome="vault-test" valore="${clientOrganizationConfig:vaultTestNomeCifratoSoggetto}" identificazione-fallita="blocca"/>
            </ns2:richiesta>
        </ns2:regola>
    </ns2:trasformazioni>
    <ns2:proprieta-oggetto utente-richiedente="amministratore" data-creazione="2024-07-01T11:30:39.593+02:00"/>
</ns2:porta-applicativa>
