<?xml version="1.0" encoding="UTF-8" standalone="yes"?>
<ns2:porta-applicativa xmlns:ns2="http://www.openspcoop2.org/core/config" nome="__gw_SoggettoInternoVaultTest/gw_VaultTestProprieta/v1__Specific3" descrizione="Internal Implementation 'Specific3' for gw_SoggettoInternoVaultTest/gw_VaultTestProprieta/v1" ricevuta-asincrona-simmetrica="abilitato" ricevuta-asincrona-asimmetrica="abilitato" allega-body="disabilitato" scarta-body="disabilitato" autenticazione="none" autenticazione-opzionale="disabilitato" autorizzazione="none" ricerca-porta-azione-delegata="disabilitato" stato="abilitato">
    <ns2:servizio tipo="gw" nome="VaultTestProprieta" versione="1"/>
    <ns2:azione identificazione="delegatedBy" nome-porta-delegante="gw_SoggettoInternoVaultTest/gw_VaultTestProprieta/v1" force-interface-based="disabilitato">
        <ns2:azione-delegata>porta</ns2:azione-delegata>
    </ns2:azione>
    <ns2:servizio-applicativo nome="__gw_SoggettoInternoVaultTest/gw_VaultTestProprieta/v1__Specific3"/>
    <ns2:proprieta nome="vaultTestNomeCifratoPorta" valore="==gw-pbkdf2==.U2FsdGVkX19cBQxSpFuOgkw2csCa6jT7U7b4tkfj/uWGAEHqFvDl1X24t9/796h8"/>
    <ns2:trasformazioni>
        <ns2:regola nome="Proprieta" posizione="1" stato="abilitato">
            <ns2:richiesta conversione="false">
                <ns2:header conversione-tipo="add" nome="vault-test" valore="${config:vaultTestNomeCifratoPorta}" identificazione-fallita="blocca"/>
            </ns2:richiesta>
        </ns2:regola>
    </ns2:trasformazioni>
    <ns2:proprieta-oggetto utente-richiedente="amministratore" data-creazione="2024-07-01T08:58:59.352+02:00" utente-ultima-modifica="amministratore" data-ultima-modifica="2024-07-01T08:59:52.732+02:00"/>
</ns2:porta-applicativa>
