<?xml version="1.0" encoding="UTF-8" standalone="yes"?>
<fruitore xmlns="http://www.openspcoop2.org/core/registry" tipo="modipa" nome="DemoSoggettoFruitore" ora-registrazione="2025-12-16T12:55:37.794+01:00">
    <connettore tipo="http" nome="CNT_SF_modipa/DemoSoggettoFruitore_modipa/DemoSoggettoErogatore_modipa/SignalHubTestNoDigest/1">
        <property nome="tokenPolicy" valore="SimulazionePDNDProduzioneTokenKid-PurposeId"/>
        <property nome="location" valore="https://Erogatore:8445/govway/rest/in/DemoSoggettoErogatore/SignalHubTestNoDigest/v1"/>
    </connettore>
    <protocol-property name="modipaKeyAlias"/>
    <protocol-property name="modipaKeyPassword"/>
    <protocol-property name="modipaKeystoreByokPolicy"/>
    <protocol-property name="modipaKeystoreCertMode" value="-"/>
    <protocol-property name="modipaKeystoreKeyPairAlgo"/>
    <protocol-property name="modipaKeystoreMode"/>
    <protocol-property name="modipaKeystorePassword"/>
    <protocol-property name="modipaKeystorePath"/>
    <protocol-property name="modipaKeystorePathPublicKey"/>
    <protocol-property name="modipaKeystoreType"/>
    <protocol-property name="modipaSecurityOauthId"/>
    <protocol-property name="modipaSecurityOauthKid"/>
    <proprieta-oggetto utente-richiedente="amministratore" data-creazione="2025-12-16T12:55:37.806+01:00" utente-ultima-modifica="amministratore" data-ultima-modifica="2025-12-16T12:56:14.195+01:00"/>
</fruitore>
