<?xml version="1.0" encoding="UTF-8" standalone="yes"?>
<ns2:porta-delegata xmlns:ns2="http://www.openspcoop2.org/core/config" nome="__gw_SoggettoInternoVaultTestFruitore/gw_SoggettoInternoVaultTest/gw_VaultTestProprieta/v1__Specific2" descrizione="Internal Subscription 'Specific2' for gw_SoggettoInternoVaultTestFruitore/gw_SoggettoInternoVaultTest/gw_VaultTestProprieta/v1" autenticazione="vaultapd" autenticazione-opzionale="disabilitato" autorizzazione="vaultauthzpd" autorizzazione-contenuto="vaultauthcpd" ricevuta-asincrona-simmetrica="abilitato" ricevuta-asincrona-asimmetrica="abilitato" allega-body="disabilitato" scarta-body="disabilitato" ricerca-porta-azione-delegata="disabilitato" stato="abilitato">
    <ns2:soggetto-erogatore tipo="gw" nome="SoggettoInternoVaultTest"/>
    <ns2:servizio tipo="gw" nome="VaultTestProprieta" versione="1"/>
    <ns2:azione identificazione="delegatedBy" nome-porta-delegante="gw_SoggettoInternoVaultTestFruitore/gw_SoggettoInternoVaultTest/gw_VaultTestProprieta/v1" force-interface-based="disabilitato">
        <ns2:azione-delegata>plugin-authn-authz-authc</ns2:azione-delegata>
    </ns2:azione>
    <ns2:proprieta-autenticazione nome="tipoAutenticazione" valore="form-based"/>
    <ns2:proprieta-autenticazione nome="nome" valore="govwayTestSuite_IDOP"/>
    <ns2:proprieta-autenticazione nome="vaultTestNomeCifratoAutenticazione" valore="==gw-pbkdf2==.U2FsdGVkX191tin9kyk5TJ8JCYxtTeQE1t+XYR+Wa2AEval34HB+I8M3fDR21+lhjrsI022c0swmtJb2O7bRaQ=="/>
    <ns2:proprieta-autorizzazione nome="vaultTestNomeCifratoAutorizzazione" valore="==gw-pbkdf2==.U2FsdGVkX1/p7vIaosRXyl7p2dZ7OuL+j3gOE8GEDXZSqYHZXgDOuuJN5gkqL+fy1HmElxI+joBxzKCeQHsF4Q=="/>
    <ns2:proprieta-autorizzazione-contenuto nome="vaultTestNomeCifratoAutorizzazioneContenuti" valore="==gw-pbkdf2==.U2FsdGVkX1+oi0j+9IGt1XgyJVG1WgbJqbtpumi5ggD0k8tvP/nXX2cJTe4os1nLW/Ep7Jyb+Jg+n+X8rleD6A=="/>
    <ns2:trasformazioni>
        <ns2:regola nome="Proprieta" posizione="1" stato="abilitato">
            <ns2:richiesta conversione="false">
                <ns2:header conversione-tipo="add" nome="vault-test" valore="${java:vaultTestNomeCifrato}" identificazione-fallita="blocca"/>
            </ns2:richiesta>
        </ns2:regola>
    </ns2:trasformazioni>
    <ns2:proprieta-oggetto utente-richiedente="amministratore" data-creazione="2024-07-01T11:30:39.528+02:00" utente-ultima-modifica="amministratore" data-ultima-modifica="2024-07-01T11:31:30.300+02:00"/>
</ns2:porta-delegata>
