<?xml version="1.0" encoding="UTF-8"?>
<accordo-servizio-parte-comune xmlns="http://www.openspcoop2.org/core/registry" nome="RicezioneFatture" profilo-collaborazione="oneway" versione="1">
    <soggetto-referente tipo="SPC" nome="CentroServiziFatturaPA"/>
    <port-type nome="RicezioneFatture" profilo-collaborazione="sincrono">
        <azione nome="NotificaDecorrenzaTermini" profilo-collaborazione="oneway">
            <message-input soap-namespace="http://www.fatturapa.gov.it/sdi/ws/ricezione/v1.0">
                <part name="parametersNotifica" element-name="fileSdI" element-namespace="http://www.fatturapa.gov.it/sdi/ws/ricezione/v1.0/types"/>
            </message-input>
        </azione>
        <azione nome="RiceviFatture" profilo-collaborazione="sincrono">
            <message-input soap-namespace="http://www.fatturapa.gov.it/sdi/ws/ricezione/v1.0">
                <part name="parametersIn" element-name="fileSdIConMetadati" element-namespace="http://www.fatturapa.gov.it/sdi/ws/ricezione/v1.0/types"/>
            </message-input>
            <message-output soap-namespace="http://www.fatturapa.gov.it/sdi/ws/ricezione/v1.0">
                <part name="parametersOut" element-name="rispostaRiceviFatture" element-namespace="http://www.fatturapa.gov.it/sdi/ws/ricezione/v1.0/types"/>
            </message-output>
        </azione>
    </port-type>
    <allegato tipo="XSD" file="RicezioneTypes_v1.0.xsd"/>
</accordo-servizio-parte-comune>
