<?xml version="1.0" encoding="UTF-8"?>
<porta-delegata xmlns="http://www.openspcoop2.org/core/config"
    nome="SDI@OPENSPCOOP2_NOME_SOGGETTO@/SDICentroServiziFatturaPA/SDIRiceviNotifica/NotificaEsito"
    autenticazione="basic" stateless="abilitato" autorizzazione="openspcoop">
    <soggetto-erogatore tipo="SDI" nome="CentroServiziFatturaPA"/>
    <servizio tipo="SDI" nome="RiceviNotifica"/>
    <azione nome="NotificaEsito"/>
    <servizio-applicativo
        nome="SDI@OPENSPCOOP2_NOME_SOGGETTO@/SDICentroServiziFatturaPA/SDIRiceviNotifica/NotificaEsito"/>
    <mtom-processor>
        <request-flow mode="packaging">
            <parameter nome="File"
                pattern="//{http://www.fatturapa.gov.it/sdi/ws/ricezione/v1.0/types}fileSdI/File"
                content-type="text/xml" required="true"/>
        </request-flow>
    </mtom-processor>
    <validazione-contenuti-applicativi stato="disabilitato"/>
</porta-delegata>
