<?xml version="1.0" encoding="UTF-8" standalone="yes"?>
<ns2:servizio-applicativo xmlns:ns2="http://www.openspcoop2.org/core/config" nome="gw_SoggettoInternoTestAutenticazioneHttpsXca/gw_TestOCSPAutenticazioneHTTPSviaLDAP/v1" use-as-client="false">
    <ns2:invocazione-servizio sbustamento-soap="disabilitato" sbustamento-informazioni-protocollo="abilitato" get-message="disabilitato" autenticazione="none" invio-per-riferimento="disabilitato" risposta-per-riferimento="disabilitato">
        <ns2:connettore tipo="http" nome="ConnettoreINV_gw_SoggettoInternoTestAutenticazioneHttpsXca/gw_TestOCSPAutenticazioneHTTPSviaLDAP/v1_gwSoggettoInternoTestAutenticazioneHttpsXca">
            <ns2:property nome="location" valore="http://localhost:8080/govway/SoggettoInternoTestAutenticazioneHttpsXca/TestOCSPAutenticazioneHTTPS/v1"/>
        </ns2:connettore>
    </ns2:invocazione-servizio>
    <ns2:risposta-asincrona sbustamento-soap="disabilitato" sbustamento-informazioni-protocollo="abilitato" get-message="disabilitato" autenticazione="none" invio-per-riferimento="disabilitato" risposta-per-riferimento="disabilitato">
        <ns2:connettore tipo="disabilitato" nome="ConnettoreRISP_gw_SoggettoInternoTestAutenticazioneHttpsXca/gw_TestOCSPAutenticazioneHTTPSviaLDAP/v1_gwSoggettoInternoTestAutenticazioneHttpsXca"/>
    </ns2:risposta-asincrona>
    <ns2:proprieta-oggetto utente-richiedente="amministratore" data-creazione="2024-11-06T08:28:11.964+01:00" utente-ultima-modifica="amministratore" data-ultima-modifica="2024-11-06T08:31:47.549+01:00"/>
</ns2:servizio-applicativo>
