<?xml version="1.0" encoding="UTF-8" standalone="yes"?>
<accordo-servizio-parte-comune xmlns="http://www.openspcoop2.org/core/registry" service-binding="soap" nome="ApiDemoBlockingSoapIDAC02" profilo-collaborazione="sincrono" formato-specifica="wsdl11" utilizzo-senza-azione="true" filtro-duplicati="disabilitato" conferma-ricezione="disabilitato" id-collaborazione="disabilitato" id-riferimento-richiesta="disabilitato" consegna-in-ordine="disabilitato" ora-registrazione="2020-09-21T17:33:14.025+02:00" versione="1">
    <soggetto-referente tipo="modipa" nome="ENTE"/>
    <port-type nome="SOAPBlockingImpl" style="document" profilo-collaborazione="sincrono" filtro-duplicati="abilitato">
        <azione nome="MRequest" style="document" profilo-collaborazione="sincrono" filtro-duplicati="abilitato">
            <message-input use="literal">
                <part name="parameters" element-name="MRequest" element-namespace="http://amministrazioneesempio.it/nomeinterfacciaservizio"/>
            </message-input>
            <message-output use="literal">
                <part name="parameters" element-name="MRequestResponse" element-namespace="http://amministrazioneesempio.it/nomeinterfacciaservizio"/>
            </message-output>
        </azione>
    </port-type>
    <allegato tipo="xsd" file="WsdlTypes_1.xsd" ora-registrazione="2020-09-16T13:48:48.291+02:00"/>
    <protocol-property name="modipaSecurityChannelProfile" value="idac02"/>
    <protocol-property name="modipaSecurityMessageCorniceSicurezza" boolean-value="false"/>
    <protocol-property name="modipaSecurityMessageProfile" value="-"/>
    <protocol-property name="modipaSecurityMessageRequestDigest" boolean-value="false"/>
</accordo-servizio-parte-comune>
