<?xml version="1.0" encoding="UTF-8"?>
<openspcoop2 xmlns="http://www.openspcoop2.org/protocol/information_missing">

	<wizard step="6" step-in-delete="2" descrizione="Certificazione - ANPR" intestazione-originale="false" >
                <requisiti>
                        <protocollo nome="trasparente"/>
                </requisiti>
        </wizard> 
	<operazione>

		<soggetto tipo="RIFERIMENTO" descrizione="Soggetto"
			  protocollo="trasparente" tipo-pdd="operativo" >
			<replace-match>
				<nome tipo="EMPTY" />
				<tipo tipo="EQUALS" valore="gw" />
			</replace-match>
			<header>
				<item tipo="note" valore="Selezionare l'Ente che deve interagire con ANPR"/>
			</header>
		</soggetto>

	</operazione>

	<operazione>

		<fruitore tipo="CONNETTORE" descrizione="Configurazione HTTPS"
			protocollo="trasparente">
		        <replace-match>
		        	<!-- <nome tipo="EMPTY" /> e' gia' il valore inserito allo step precedente -->
				<tipo tipo="EQUALS" valore="gw" />
				<nome-servizio tipo="CONTAINS" valore="Certificazione" />
				<tipo-servizio tipo="EQUALS" valore="gw" />
				<nome-erogatore tipo="EQUALS" valore="ANPR" />
		        </replace-match>
			<header>
				<item tipo="note" valore="Registrare l'endpoint a cui vengono inviate le richieste."/>
				<item tipo="text" valore="- Ambiente FREE: wsfree.anpr.interno.it"/>
				<item tipo="text" valore="- Ambiente TEST: wstest.anpr.interno.it"/>
				<item tipo="text" valore="- Ambiente PRE:  wspre.anpr.interno.it"/>
				<item tipo="text" valore="- Ambiente PROD: ws.anpr.interno.it"/>
				<item tipo="subtitle" label="Connettore"/>
			</header>
			<default>
				<proprieta nome="interfaccia" valore="standard"/>
				<proprieta nome="connettore" valore="http"/>
				<proprieta nome="url" valore="https://ws.anpr.interno.it/ANPR6001ServizioCertificazione/AnprService6001"/>				
				<!-- ** Connettore HTTP -->
				<proprieta nome="endpointtype" valore="http"/>
				<!-- ** Connettore HTTPS -->
				<!-- <proprieta nome="endpointtype" valore="https"/>
				<proprieta nome="endpointtype_ckb" valore="abilitato"/>
				<proprieta nome="endpointtype_https" valore="abilitato"/>
				<proprieta nome="httpshostverify" valore="abilitato"/>
				<proprieta nome="httpsstato" valore="abilitato"/>
				<proprieta nome="httpskeystore" valore="ridefinisci"/> -->
			</default>
		</fruitore>

	</operazione>

	<operazione>

		<input descrizione="Configurazione Cornice Sicurezza SAML (1/2)">

			<proprieta use-in-delete="false" placeholder="REST_CODICE_DESTINATARIO" nome="Codice Destinatario" default="ANPR02" >
				<header>
					<item tipo="subtitle" label="Dati Operazione"/>
				</header>
			</proprieta>
			<proprieta use-in-delete="false" placeholder="REST_TIPO_INVIO" nome="Tipo Invio" default="PROD" >
				<footer>
					<item tipo="note" valore="Indicare l'ambiente tra: FREE/TEST/PRE/PROD"/>
				</footer>
			</proprieta>

			<proprieta use-in-delete="false" placeholder="ID_SEDE" nome="ID Sede" >
				<header>
					<item tipo="subtitle" label="Dati Ente"/>
				</header>
			</proprieta>

			<proprieta use-in-delete="false" placeholder="REST_UFF_ANAGRAFE_COGNOME" nome="Cognome" default="Amministratore Data Management" >
				<header>
					<item tipo="subtitle" label="Dati Ufficio Anagrafe"/>
				</header>
			</proprieta>
			<proprieta use-in-delete="false" placeholder="REST_UFF_ANAGRAFE_NOME" nome="Nome" default="Amministratore Data Management" />
		
			<proprieta use-in-delete="false" placeholder="KEYSTORE_PATH" nome="Path" >
				<header>
					<item tipo="subtitle" label="Keystore"/>
					<item tipo="note" valore="Indicare il certificato di firma dell'Ente"/>
				</header>
			</proprieta>
			<proprieta use-in-delete="false" placeholder="KEYSTORE_TYPE" nome="Tipo (jks/pkcs12)" default="pkcs12" />
			<proprieta use-in-delete="false" placeholder="KEYSTORE_PASSWORD" nome="Password" />
			<proprieta use-in-delete="false" placeholder="KEY_ALIAS" nome="Alias Chiave Privata" />
			<proprieta use-in-delete="false" placeholder="KEY_PASSWORD" nome="Password Chiave Privata" />

		</input>

	</operazione>

	<operazione>

		<input descrizione="Configurazione Cornice Sicurezza SAML (2/2)">

			<proprieta use-in-delete="false" placeholder="ID_OPERATORE" nome="ID Operatore" >
				<header>
					<item tipo="text" valore="Configurare le modalità in cui ottenere le informazioni sull'operatore."/>
					<item tipo="text" valore="Le informazioni possono essere recuperate dinamicamente dalla richiesta o configurate staticamente:"/>
					<item tipo="text" valore="- query.nome: il valore viene estratto dal parametro dell'url con nome 'nome'"/>
					<item tipo="text" valore="- header.nome: il valore viene esratto dall'header http che possiede il nome 'nome'"/>
					<item tipo="text" valore="- valore: indica un valore statico utilizzato per qualsiasi richiesta"/>
					<item tipo="subtitle" label="Dati Operatore"/>
				</header>
			</proprieta>
			<proprieta use-in-delete="false" placeholder="ID_POSTAZIONE" nome="ID Postazione" />
			<proprieta use-in-delete="false" placeholder="ID_POSTAZIONE_FIRMATO" nome="ID Postazione Firmata" default="FirmaDelegataGateway">
				<footer>
					<item tipo="note" bold="true" label="Nota" valore="Non modificare il valore indicato per delegare la firma al Gateway"/>
				</footer>
			</proprieta>

			<proprieta use-in-delete="false" placeholder="ID_POSTAZIONE_KEYSTORE_PATH" nome="Path" >
				<header>
					<item tipo="subtitle" label="Keystore"/>
					<item tipo="note" valore="Indicare il certificato di firma dell'operatore"/>
				</header>
			</proprieta>
			<proprieta use-in-delete="false" placeholder="ID_POSTAZIONE_KEYSTORE_TYPE" nome="Tipo (jks/pkcs12)" default="pkcs12" />
			<proprieta use-in-delete="false" placeholder="ID_POSTAZIONE_KEYSTORE_PASSWORD" nome="Password" />
			<proprieta use-in-delete="false" placeholder="ID_POSTAZIONE_KEY_ALIAS" nome="Alias Chiave Privata" />
			<proprieta use-in-delete="false" placeholder="ID_POSTAZIONE_KEY_PASSWORD" nome="Password Chiave Privata" />

		</input>

	</operazione>
	
	<operazione>


		<servizio-applicativo tipo="CREDENZIALI_ACCESSO_PDD" descrizione="Configurazione Controllo Accessi (1/2)">
			<replace-match>
				<nome tipo="EQUALS" valore="@NOME_APPLICAZIONE@" />
			</replace-match>
			<header>
				<item tipo="note" valore="Definire la modalità di autenticazione dell'applicativo client."/>
				<item tipo="note" valore="Le credenziali indicate dovranno essere utilizzate dall'applicativo interno per fruire dei servizi di Certificazione ANPR"/>
				<item tipo="subtitle" label="Credenziali di Accesso"/>
			</header>
			<default>
				<proprieta nome="tipoauthCredenziali" valore="basic"/>
				<proprieta nome="utenteCredenziali" valore="ApplicazioneCertificazioneANPR"/>
			</default>
		</servizio-applicativo>
		<servizio-applicativo tipo="ALLINEA_CREDENZIALI_PD" descrizione="Allineo tipo di autenticazione nelle porteDelegate riferite">
			<replace-match>
		                <nome tipo="EQUALS" valore="@NOME_APPLICAZIONE@" />
		        </replace-match>
		</servizio-applicativo>

	</operazione>

	<operazione>

		<input descrizione="Configurazione Controllo Accessi (2/2)">

			<proprieta use-in-delete="true" placeholder="NOME_APPLICAZIONE" nome="Nome Applicazione" default="ApplicazioneCertificazioneANPR">
				<header>
					<item tipo="subtitle" label="Dati Applicazione"/>
				</header>
			</proprieta>
			<proprieta use-in-delete="false" placeholder="ID_APPLICAZIONE" nome="ID Applicazione" />

		</input>

	</operazione>

	<operazione>

		<accordo-servizio-parte-comune tipo="STATO_ARCHIVIO" descrizione="StatiAccordiImpostatiAOperativi" stato="operativo">
			<replace-match>
				<nome tipo="ALL" />
			</replace-match>
		</accordo-servizio-parte-comune>


		<accordo-servizio-parte-specifica tipo="STATO_ARCHIVIO" descrizione="StatiAccordiImpostatiAOperativi" stato="operativo">
		        <replace-match>
		                <nome tipo="ALL" />
		        </replace-match>
		</accordo-servizio-parte-specifica>

		<fruitore tipo="STATO_ARCHIVIO" descrizione="StatiAccordiImpostatiAOperativi" stato="operativo">
		        <replace-match>
		                <nome tipo="ALL" />
		        </replace-match>
		</fruitore>

	</operazione>

</openspcoop2>
