<?xml version="1.0" encoding="UTF-8" standalone="yes"?>
<accordo-servizio-parte-comune xmlns="http://www.openspcoop2.org/core/registry" service-binding="soap" nome="TestDataTransferSoap" profilo-collaborazione="sincrono" formato-specifica="wsdl11" utilizzo-senza-azione="true" filtro-duplicati="disabilitato" conferma-ricezione="disabilitato" consegna-in-ordine="disabilitato" ora-registrazione="2024-10-09T12:56:59.171+02:00" versione="1">
    <soggetto-referente tipo="gw" nome="ENTE"/>
    <port-type nome="TestDataTransferSoap" style="document" profilo-collaborazione="sincrono" filtro-duplicati="disabilitato" conferma-ricezione="disabilitato" consegna-in-ordine="disabilitato">
        <azione nome="default.contentBuild" profilo-collaborazione="sincrono" filtro-duplicati="disabilitato" conferma-ricezione="disabilitato" consegna-in-ordine="disabilitato"/>
        <azione nome="default.debugConnettoriLog" profilo-collaborazione="sincrono" filtro-duplicati="disabilitato" conferma-ricezione="disabilitato" consegna-in-ordine="disabilitato"/>
        <azione nome="default.registrazioneMessaggio" profilo-collaborazione="sincrono" filtro-duplicati="disabilitato" conferma-ricezione="disabilitato" consegna-in-ordine="disabilitato"/>
        <azione nome="default.sbustamentoSoap" profilo-collaborazione="sincrono" filtro-duplicati="disabilitato" conferma-ricezione="disabilitato" consegna-in-ordine="disabilitato"/>
        <azione nome="default.streaming" profilo-collaborazione="sincrono" filtro-duplicati="disabilitato" conferma-ricezione="disabilitato" consegna-in-ordine="disabilitato"/>
        <azione nome="length.contentBuild" profilo-collaborazione="sincrono" filtro-duplicati="disabilitato" conferma-ricezione="disabilitato" consegna-in-ordine="disabilitato"/>
        <azione nome="length.debugConnettoriLog" profilo-collaborazione="sincrono" filtro-duplicati="disabilitato" conferma-ricezione="disabilitato" consegna-in-ordine="disabilitato"/>
        <azione nome="length.registrazioneMessaggio" profilo-collaborazione="sincrono" filtro-duplicati="disabilitato" conferma-ricezione="disabilitato" consegna-in-ordine="disabilitato"/>
        <azione nome="length.sbustamentoSoap" profilo-collaborazione="sincrono" filtro-duplicati="disabilitato" conferma-ricezione="disabilitato" consegna-in-ordine="disabilitato"/>
        <azione nome="length.streaming" profilo-collaborazione="sincrono" filtro-duplicati="disabilitato" conferma-ricezione="disabilitato" consegna-in-ordine="disabilitato"/>
        <azione nome="transfer.contentBuild" profilo-collaborazione="sincrono" filtro-duplicati="disabilitato" conferma-ricezione="disabilitato" consegna-in-ordine="disabilitato"/>
        <azione nome="transfer.debugConnettoriLog" profilo-collaborazione="sincrono" filtro-duplicati="disabilitato" conferma-ricezione="disabilitato" consegna-in-ordine="disabilitato"/>
        <azione nome="transfer.registrazioneMessaggio" profilo-collaborazione="sincrono" filtro-duplicati="disabilitato" conferma-ricezione="disabilitato" consegna-in-ordine="disabilitato"/>
        <azione nome="transfer.sbustamentoSoap" profilo-collaborazione="sincrono" filtro-duplicati="disabilitato" conferma-ricezione="disabilitato" consegna-in-ordine="disabilitato"/>
        <azione nome="transfer.streaming" profilo-collaborazione="sincrono" filtro-duplicati="disabilitato" conferma-ricezione="disabilitato" consegna-in-ordine="disabilitato"/>
    </port-type>
    <gruppi>
        <gruppo nome="TestConnettori"/>
    </gruppi>
    <proprieta-oggetto utente-richiedente="amministratore" data-creazione="2024-10-09T12:56:59.070+02:00" utente-ultima-modifica="amministratore" data-ultima-modifica="2024-10-09T12:58:57.555+02:00"/>
</accordo-servizio-parte-comune>
