<?xml version="1.0" encoding="UTF-8" standalone="yes"?>
<ns2:servizio-applicativo xmlns:ns2="http://www.openspcoop2.org/core/config" nome="__sdi_@OPENSPCOOP2_NOME_SOGGETTO@/sdi_RicezioneFatture/v1__Specific1">
    <ns2:invocazione-porta invio-per-riferimento="disabilitato" sbustamento-informazioni-protocollo="abilitato">
        <ns2:gestione-errore fault="soap"/>
    </ns2:invocazione-porta>
    <ns2:invocazione-servizio sbustamento-soap="abilitato" sbustamento-informazioni-protocollo="abilitato" get-message="disabilitato" autenticazione="none" invio-per-riferimento="disabilitato" risposta-per-riferimento="disabilitato">
        <ns2:connettore tipo="http" nome="ConnettoreINV___sdi_@OPENSPCOOP2_NOME_SOGGETTO@/sdi_RicezioneFatture/1__Specific1_sdi@OPENSPCOOP2_NOME_SOGGETTO@">
            <ns2:property nome="location" valore="http://NUOVO_CONNETTORE"/>
        </ns2:connettore>
    </ns2:invocazione-servizio>
    <ns2:risposta-asincrona sbustamento-soap="disabilitato" sbustamento-informazioni-protocollo="abilitato" get-message="disabilitato" autenticazione="none" invio-per-riferimento="disabilitato" risposta-per-riferimento="disabilitato">
        <ns2:connettore tipo="disabilitato" nome="ConnettoreRISP___sdi_@OPENSPCOOP2_NOME_SOGGETTO@/sdi_RicezioneFatture/1__Specific1_sdi@OPENSPCOOP2_NOME_SOGGETTO@"/>
    </ns2:risposta-asincrona>
</ns2:servizio-applicativo>
