<?xml version="1.0" encoding="UTF-8" standalone="yes"?>
<accordo-servizio-parte-comune xmlns="http://www.openspcoop2.org/core/registry" service-binding="rest" nome="TestRispostaClientContentLength" profilo-collaborazione="sincrono" formato-specifica="openApi3" utilizzo-senza-azione="true" filtro-duplicati="disabilitato" conferma-ricezione="disabilitato" id-collaborazione="disabilitato" id-riferimento-richiesta="disabilitato" consegna-in-ordine="disabilitato" ora-registrazione="2026-02-15T18:48:46.621+01:00" versione="1">
    <soggetto-referente tipo="gw" nome="ENTE"/>
    <resource nome="force" path="/force" filtro-duplicati="disabilitato" conferma-ricezione="disabilitato" id-collaborazione="disabilitato" id-riferimento-richiesta="disabilitato" consegna-in-ordine="disabilitato">
        <request/>
    </resource>
    <resource nome="force.recalculate" path="/force.recalculate" filtro-duplicati="disabilitato" conferma-ricezione="disabilitato" id-collaborazione="disabilitato" id-riferimento-richiesta="disabilitato" consegna-in-ordine="disabilitato">
        <request/>
    </resource>
    <resource nome="preserve" path="/preserve" filtro-duplicati="disabilitato" conferma-ricezione="disabilitato" id-collaborazione="disabilitato" id-riferimento-richiesta="disabilitato" consegna-in-ordine="disabilitato">
        <request/>
    </resource>
    <resource nome="preserve.recalculate" path="/preserve.recalculate" filtro-duplicati="disabilitato" conferma-ricezione="disabilitato" id-collaborazione="disabilitato" id-riferimento-richiesta="disabilitato" consegna-in-ordine="disabilitato">
        <request/>
    </resource>
    <gruppi>
        <gruppo nome="TestConnettori"/>
    </gruppi>
    <proprieta-oggetto utente-richiedente="amministratore" data-creazione="2026-02-15T18:48:46.441+01:00" utente-ultima-modifica="amministratore" data-ultima-modifica="2026-02-15T19:14:24.776+01:00"/>
</accordo-servizio-parte-comune>
