<?xml version="1.0" encoding="UTF-8" standalone="yes"?>
<accordo-servizio-parte-comune xmlns="http://www.openspcoop2.org/core/registry" service-binding="soap" nome="api-soap-status" profilo-collaborazione="sincrono" formato-specifica="wsdl11" utilizzo-senza-azione="true" filtro-duplicati="disabilitato" conferma-ricezione="disabilitato" id-collaborazione="disabilitato" id-riferimento-richiesta="disabilitato" consegna-in-ordine="disabilitato" ora-registrazione="2020-11-30T17:27:44.694+01:00" versione="1">
    <soggetto-referente tipo="gw" nome="@OPENSPCOOP2_NOME_SOGGETTO_DEFAULT@"/>
    <port-type nome="api-soap-status" style="document" profilo-collaborazione="sincrono" filtro-duplicati="abilitato">
        <azione nome="getStatus" profilo-collaborazione="sincrono" filtro-duplicati="abilitato" conferma-ricezione="disabilitato" id-collaborazione="disabilitato" id-riferimento-richiesta="disabilitato" consegna-in-ordine="disabilitato">
            <message-input use="literal">
                <part name="msg" element-name="getStatus" element-namespace="https://govway.org/apiStatus"/>
            </message-input>
            <message-output use="literal">
                <part name="msg" element-name="problem" element-namespace="urn:ietf:rfc:7807"/>
            </message-output>
        </azione>
    </port-type>
    <allegato tipo="xsd" file="WsdlTypes_1.xsd" ora-registrazione="2020-12-01T11:15:19.928+01:00"/>
    <allegato tipo="xsd" file="WsdlTypes_2.xsd" ora-registrazione="2020-12-01T11:15:19.929+01:00"/>
    <gruppi>
        <gruppo nome="API-GovWay"/>
    </gruppi>
</accordo-servizio-parte-comune>
