<?xml version="1.0" encoding="UTF-8" standalone="yes"?>
<fruitore xmlns="http://www.openspcoop2.org/core/registry" tipo="gw" nome="SoggettoInternoTestFruitore" ora-registrazione="2025-07-23T10:34:40.112+02:00">
    <connettore tipo="http" nome="CNT_SF_gw/SoggettoInternoTestFruitore_gw/SoggettoInternoTest_gw/TestSSE/1">
        <property nome="location" valore="http://undefined"/>
    </connettore>
    <configurazione-azione>
        <connettore tipo="https" nome="CNT_SF_AZIONE_gw/SoggettoInternoTestFruitore_gw/SoggettoInternoTest_gw/TestSSE/1_sse.dev">
            <property nome="connectionTimeout" valore="8000"/>
            <property nome="readConnectionTimeout" valore="30000"/>
            <property nome="avgResponseTime" valore="3000"/>
            <property nome="debug" valore="false"/>
            <property nome="location" valore="https://sse.dev/test"/>
            <property nome="sslType" valore="TLSv1.3"/>
            <property nome="hostnameVerifier" valore="false"/>
            <property nome="trustAllCerts" valore="true"/>
        </connettore>
        <azione>sse.dev</azione>
    </configurazione-azione>
    <proprieta-oggetto utente-richiedente="amministratore" data-creazione="2025-07-23T10:34:40.112+02:00" utente-ultima-modifica="amministratore" data-ultima-modifica="2025-07-23T10:44:37.424+02:00"/>
</fruitore>
