<?xml version="1.0" encoding="UTF-8" standalone="yes"?>
<accordo-servizio-parte-comune xmlns="http://www.openspcoop2.org/core/registry" service-binding="soap" nome="SoapExample" profilo-collaborazione="oneway" formato-specifica="wsdl11" utilizzo-senza-azione="true" filtro-duplicati="disabilitato" conferma-ricezione="disabilitato" id-collaborazione="disabilitato" id-riferimento-richiesta="disabilitato" consegna-in-ordine="disabilitato" ora-registrazione="2019-09-11T13:02:24.383+02:00" versione="1">
    <soggetto-referente tipo="as4" nome="Blue"/>
    <port-type nome="ConsegnaRispostaSOAP" style="document" profilo-collaborazione="oneway" filtro-duplicati="disabilitato" conferma-ricezione="disabilitato" id-collaborazione="disabilitato" id-riferimento-richiesta="disabilitato" consegna-in-ordine="disabilitato">
        <azione nome="testResponsePushAndPush" soap-action="http://testResponsePushAndPush" profilo-collaborazione="oneway" filtro-duplicati="disabilitato" conferma-ricezione="disabilitato" id-collaborazione="abilitato" id-riferimento-richiesta="abilitato" consegna-in-ordine="disabilitato">
            <protocol-property name="ebmsActionCompressPayload" boolean-value="false"/>
            <protocol-property name="ebmsActionPayloadProfile" value="DefaultXmlProfile"/>
            <protocol-property name="ebmsActionPropertySet" value="ecodexPropertySet"/>
            <protocol-property name="ebmsUserMessageCollaborationInfoAction" value="bdx:action.soap:1:testResponsePushAndPush"/>
            <protocol-property name="ebmsUserMessageCollaborationInfoActionBinding" value="pushAndPush"/>
        </azione>
    </port-type>
    <port-type nome="GestioneFileSOAP" profilo-collaborazione="oneway" filtro-duplicati="disabilitato" conferma-ricezione="disabilitato" id-collaborazione="disabilitato" id-riferimento-richiesta="disabilitato" consegna-in-ordine="disabilitato">
        <azione nome="test" soap-action="http://test" profilo-collaborazione="oneway" filtro-duplicati="disabilitato" conferma-ricezione="disabilitato" id-collaborazione="disabilitato" id-riferimento-richiesta="disabilitato" consegna-in-ordine="disabilitato">
            <protocol-property name="ebmsActionCompressPayload" boolean-value="false"/>
            <protocol-property name="ebmsActionPayloadProfile" value="DefaultXmlProfile"/>
            <protocol-property name="ebmsActionPropertySet" value="ecodexPropertySet"/>
            <protocol-property name="ebmsUserMessageCollaborationInfoAction" value="bdx:action.soap:1:test"/>
            <protocol-property name="ebmsUserMessageCollaborationInfoActionBinding" value="push"/>
        </azione>
        <azione nome="testCompress" soap-action="http://testCompress" profilo-collaborazione="oneway" filtro-duplicati="disabilitato" conferma-ricezione="disabilitato" id-collaborazione="disabilitato" id-riferimento-richiesta="disabilitato" consegna-in-ordine="disabilitato">
            <protocol-property name="ebmsActionCompressPayload" boolean-value="true"/>
            <protocol-property name="ebmsActionPayloadProfile" value="DefaultBinaryProfile"/>
            <protocol-property name="ebmsActionPropertySet" value="ecodexPropertySet"/>
            <protocol-property name="ebmsUserMessageCollaborationInfoAction" value="bdx:action.soap:1:testCompress"/>
            <protocol-property name="ebmsUserMessageCollaborationInfoActionBinding" value="push"/>
        </azione>
        <azione nome="testRequestPushAndPush" soap-action="http://testRequestPushAndPush" profilo-collaborazione="oneway" filtro-duplicati="disabilitato" conferma-ricezione="disabilitato" id-collaborazione="abilitato" id-riferimento-richiesta="disabilitato" consegna-in-ordine="disabilitato">
            <protocol-property name="ebmsActionCompressPayload" boolean-value="true"/>
            <protocol-property name="ebmsActionPayloadProfile" value="DefaultXmlProfile"/>
            <protocol-property name="ebmsActionPropertySet" value="ecodexPropertySet"/>
            <protocol-property name="ebmsUserMessageCollaborationInfoAction" value="bdx:action.soap:1:testRequestPushAndPush"/>
            <protocol-property name="ebmsUserMessageCollaborationInfoActionBinding" value="pushAndPush"/>
        </azione>
        <azione nome="testRequiredProperties" soap-action="http://testRequiredProperties" profilo-collaborazione="oneway" filtro-duplicati="disabilitato" conferma-ricezione="disabilitato" id-collaborazione="disabilitato" id-riferimento-richiesta="disabilitato" consegna-in-ordine="disabilitato">
            <protocol-property name="ebmsActionCompressPayload" boolean-value="false"/>
            <protocol-property name="ebmsActionPayloadProfile" value="DefaultXmlProfile"/>
            <protocol-property name="ebmsActionPropertySet" value="ecodexRequiredPropertySet"/>
            <protocol-property name="ebmsUserMessageCollaborationInfoAction" value="bdx:action.soap:1:testRequiredProperties"/>
            <protocol-property name="ebmsUserMessageCollaborationInfoActionBinding" value="push"/>
        </azione>
        <azione nome="testXml" soap-action="http://testXml" profilo-collaborazione="oneway" filtro-duplicati="disabilitato" conferma-ricezione="disabilitato" id-collaborazione="disabilitato" id-riferimento-richiesta="disabilitato" consegna-in-ordine="disabilitato">
            <protocol-property name="ebmsActionCompressPayload" boolean-value="false"/>
            <protocol-property name="ebmsActionPayloadProfile" value="XmlTestProfile"/>
            <protocol-property name="ebmsActionPropertySet" value="ecodexPropertySet"/>
            <protocol-property name="ebmsUserMessageCollaborationInfoAction" value="bdx:action.soap:1:testXml"/>
            <protocol-property name="ebmsUserMessageCollaborationInfoActionBinding" value="push"/>
        </azione>
    </port-type>
    <protocol-property name="ebmsServicePayloadProfile" file="xmlProfile.xml"/>
    <protocol-property name="ebmsServiceProperties" file="requiredProperties.xml"/>
    <protocol-property name="ebmsUserMessageCollaborationInfoService" value="bdx:noprocess"/>
    <protocol-property name="ebmsUserMessageCollaborationInfoServiceType" value="TEST-SOAP"/>
</accordo-servizio-parte-comune>
