<?xml version="1.0" encoding="UTF-8" standalone="yes"?>
<ns2:porta-applicativa xmlns:ns2="http://www.openspcoop2.org/core/config" nome="sdi_@OPENSPCOOP2_NOME_SOGGETTO@/sdi_TrasmissioneFatture/1" descrizione="Service implementation sdi/@OPENSPCOOP2_NOME_SOGGETTO@:sdi/TrasmissioneFatture:1" ricevuta-asincrona-simmetrica="abilitato" ricevuta-asincrona-asimmetrica="abilitato" allega-body="disabilitato" scarta-body="disabilitato" autenticazione="ssl" autorizzazione="authenticated" ricerca-porta-azione-delegata="abilitato" stato="abilitato">
    <ns2:servizio tipo="sdi" nome="TrasmissioneFatture" versione="1"/>
    <ns2:azione identificazione="interfaceBased" force-interface-based="disabilitato"/>
    <ns2:servizio-applicativo nome="sdi_@OPENSPCOOP2_NOME_SOGGETTO@/sdi_TrasmissioneFatture/1"/>
    <ns2:soggetti>
        <ns2:soggetto tipo="sdi" nome="CentroServiziFatturaPA"/>
    </ns2:soggetti>
    <ns2:correlazione-applicativa>
        <ns2:elemento nome="" 
	identificazione="contentBased" pattern="//{http://www.fatturapa.gov.it/sdi/ws/trasmissione/v1.0/types}:*/IdentificativoSdI/text()" 
	identificazione-fallita="accetta" riuso-identificativo="disabilitato"/>
    </ns2:correlazione-applicativa>
    <!-- Usare altrimenti identificazione="headerBased" e pattern="GovWay-SDI-IdCorrelazione"  se si abilita l'ispezione degli xml, e si vuole anche il rif archivio -->
</ns2:porta-applicativa>
