<?xml version="1.0" encoding="UTF-8" standalone="yes"?>
<accordo-servizio-parte-specifica xmlns="http://www.openspcoop2.org/core/registry" tipo="modipa" nome="SoapBlockingAuditRest01-X509" versione="1" accordo-servizio-parte-comune="modipa/ENTE:SoapBlockingAuditRest01:1" tipologia-servizio="normale" port-type="SoapBlockingAuditRest01" ora-registrazione="2023-05-25T17:43:17.790+02:00">
    <configurazione-servizio>
        <connettore tipo="disabilitato" nome="CNT_modipa/DemoSoggettoErogatore_modipa/SoapBlockingAuditRest01-X509/1"/>
    </configurazione-servizio>
    <protocol-property name="modipaSecurityMessageRequestAud" value="SoapBlockingAuditRest01-X509/v1"/>
    <protocol-property name="modipaSecurityMessageRequestAuditAud" value="SoapBlockingAuditRest01-X509-AUDIT/v1"/>
    <protocol-property name="modipaSecurityMessageRequestAuditAudMode" value="different"/>
    <protocol-property name="modipaSecurityMessageRequestDuplicateJti" value="modi"/>
    <protocol-property name="modipaSecurityMessageRequestIatMode" value="default"/>
    <protocol-property name="modipaSecurityMessageRequestIatTtl"/>
    <protocol-property name="modipaTruststoreCRLs"/>
    <protocol-property name="modipaTruststoreMode" value="ridefinisci"/>
    <protocol-property name="modipaTruststoreOCSP"/>
    <protocol-property name="modipaTruststorePassword" value="123456"/>
    <protocol-property name="modipaTruststorePath" value="/etc/govway/keys/xca/trustStore_ca.jks"/>
    <protocol-property name="modipaTruststoreType" value="jks"/>
</accordo-servizio-parte-specifica>
