<?xml version="1.0" encoding="UTF-8" standalone="yes"?>
<configurazione-policy xmlns="http://www.openspcoop2.org/core/controllo_traffico">
	<id-policy>_built-in_DimensioneMassimaMessaggio</id-policy>
	<built-in>true</built-in>
	<descrizione>La policy limita la dimensione massima, in KB, consentita per una richiesta e/o per una risposta</descrizione>
	<risorsa>DimensioneMassimaMessaggio</risorsa>
	<simultanee>false</simultanee>
	<valore>10240</valore>
	<valore2>10240</valore2>
	<modalita-controllo>realtime</modalita-controllo>
	<tipo-intervallo-osservazione-realtime>minuti</tipo-intervallo-osservazione-realtime>
	<intervallo-osservazione>1</intervallo-osservazione>
	<finestra-osservazione>corrente</finestra-osservazione>
	<tipo-applicabilita>sempre</tipo-applicabilita>
</configurazione-policy>
