<?xml version="1.0" encoding="UTF-8" standalone="yes"?>
<configurazione-policy xmlns="http://www.openspcoop2.org/core/controllo_traffico">
	<id-policy>_built-in_NumeroRichiesteSimultanee-Congestione</id-policy>
	<built-in>true</built-in>
	<descrizione>La policy limita il numero totale massimo di richieste simultanee consentite.
La policy viene applicata solamente se la PdD risulta Congestionata dalla richieste.</descrizione>
	<risorsa>NumeroRichieste</risorsa>
	<simultanee>true</simultanee>
	<valore>10</valore>
	<modalita-controllo>realtime</modalita-controllo>
	<tipo-applicabilita>condizionale</tipo-applicabilita>
	<applicabilita-con-congestione>true</applicabilita-con-congestione>
</configurazione-policy>
