<?xml version="1.0" encoding="UTF-8" standalone="yes"?>
<configurazione-policy xmlns="http://www.openspcoop2.org/core/controllo_traffico">
	<id-policy>_built-in_NumeroRichiesteCompletateConSuccesso-ControlloRealtimeMinuti</id-policy>
	<built-in>true</built-in>
	<descrizione>La policy conteggia il numero di richieste completate con successo; raggiunto il limite, ogni successiva richiesta viene bloccata durante l'intervallo temporale di 1 minuto (campionamento real-time, finestra corrente).</descrizione>
	<risorsa>NumeroRichiesteCompletateConSuccesso</risorsa>
	<simultanee>false</simultanee>
	<valore>10</valore>
	<modalita-controllo>realtime</modalita-controllo>
	<tipo-intervallo-osservazione-realtime>minuti</tipo-intervallo-osservazione-realtime>
	<intervallo-osservazione>1</intervallo-osservazione>
	<finestra-osservazione>corrente</finestra-osservazione>
	<tipo-applicabilita>sempre</tipo-applicabilita>
</configurazione-policy>
