<?xml version="1.0" encoding="UTF-8" standalone="yes"?>
<configurazione-policy xmlns="http://www.openspcoop2.org/core/controllo_traffico">
	<id-policy>_built-in_NumeroRichieste-ControlloRealtimeOrario</id-policy>
	<built-in>true</built-in>
	<descrizione>La policy limita il numero totale massimo di richieste consentite durante l'intervallo temporale di 1 ora (campionamento real-time, finestra corrente).</descrizione>
	<risorsa>NumeroRichieste</risorsa>
	<simultanee>false</simultanee>
	<valore>100</valore>
	<modalita-controllo>realtime</modalita-controllo>
	<tipo-intervallo-osservazione-realtime>orario</tipo-intervallo-osservazione-realtime>
	<intervallo-osservazione>1</intervallo-osservazione>
	<finestra-osservazione>corrente</finestra-osservazione>
	<tipo-applicabilita>sempre</tipo-applicabilita>
</configurazione-policy>
