<?xml version="1.0" encoding="UTF-8" standalone="yes"?>
<configurazione-policy xmlns="http://www.openspcoop2.org/core/controllo_traffico">
	<id-policy>NumeroRichiesteFallite-ControlloRealtimeGiornaliero-Congestione-Degrado</id-policy>
	<built-in>true</built-in>
	<descrizione>La policy conteggia il numero di richieste fallite; raggiunto il limite, ogni successiva richiesta viene bloccata durante l'intervallo temporale di 1 giorno (campionamento real-time, finestra corrente).
La policy viene applicata solamente se la PdD risulta Congestionata dalla richieste ed il tempo medio di risposta del servizio (campionamento realtime, intervallo di tempo specificato in ore, finestra precedente, tipo latenza servizio) risulta superiore ai livelli di soglia impostati.</descrizione>
	<risorsa>NumeroRichiesteFallite</risorsa>
	<simultanee>false</simultanee>
	<valore>50</valore>
	<modalita-controllo>realtime</modalita-controllo>
	<tipo-intervallo-osservazione-realtime>giornaliero</tipo-intervallo-osservazione-realtime>
	<intervallo-osservazione>1</intervallo-osservazione>
	<finestra-osservazione>corrente</finestra-osservazione>
	<tipo-applicabilita>condizionale</tipo-applicabilita>
	<applicabilita-con-congestione>true</applicabilita-con-congestione>
	<applicabilita-degrado-prestazionale>true</applicabilita-degrado-prestazionale>
	<degrado-avg-time-modalita-controllo>statistic</degrado-avg-time-modalita-controllo>
	<degrado-avg-time-tipo-intervallo-osservazione-statistico>orario</degrado-avg-time-tipo-intervallo-osservazione-statistico>
	<degrado-avg-time-intervallo-osservazione>1</degrado-avg-time-intervallo-osservazione>
	<degrado-avg-time-finestra-osservazione>scorrevole</degrado-avg-time-finestra-osservazione>
	<degrado-avg-time-tipo-latenza>servizio</degrado-avg-time-tipo-latenza>
</configurazione-policy>
