<?xml version="1.0" encoding="UTF-8" standalone="yes"?>
<configurazione-policy xmlns="http://www.openspcoop2.org/core/controllo_traffico">
	<id-policy>_built-in_OccupazioneBanda-ControlloRealtimeGiornaliero</id-policy>
	<built-in>true</built-in>
	<descrizione>La policy limita il numero totale massimo di KB consentiti durante l'intervallo temporale di 1 giorno (campionamento real-time, finestra corrente).</descrizione>
	<risorsa>OccupazioneBanda</risorsa>
	<simultanee>false</simultanee>
	<valore>102400</valore>
	<valore-tipo-banda>complessiva</valore-tipo-banda>
	<modalita-controllo>realtime</modalita-controllo>
	<tipo-intervallo-osservazione-realtime>giornaliero</tipo-intervallo-osservazione-realtime>
	<intervallo-osservazione>1</intervallo-osservazione>
	<finestra-osservazione>corrente</finestra-osservazione>
	<tipo-applicabilita>sempre</tipo-applicabilita>
</configurazione-policy>
