<?xml version="1.0" encoding="UTF-8" standalone="yes"?>
<configurazione-policy xmlns="http://www.openspcoop2.org/core/controllo_traffico">
	<id-policy>_built-in_TempoComplessivoRisposta-ControlloRealtimeOrario-Congestione</id-policy>
	<built-in>true</built-in>
	<descrizione>La policy limita il numero totale massimo di secondi consentiti durante l'intervallo temporale di 1 ora (campionamento real-time, finestra corrente).
La policy viene applicata solamente se la PdD risulta Congestionata dalla richieste.</descrizione>
	<risorsa>TempoComplessivoRisposta</risorsa>
	<simultanee>false</simultanee>
	<valore>200000</valore>
	<valore-tipo-latenza>servizio</valore-tipo-latenza>
	<modalita-controllo>realtime</modalita-controllo>
	<tipo-intervallo-osservazione-realtime>orario</tipo-intervallo-osservazione-realtime>
	<intervallo-osservazione>1</intervallo-osservazione>
	<finestra-osservazione>corrente</finestra-osservazione>
	<tipo-applicabilita>condizionale</tipo-applicabilita>
	<applicabilita-con-congestione>true</applicabilita-con-congestione>
</configurazione-policy>
