<?xml version="1.0" encoding="UTF-8" standalone="yes"?>
<accordo-servizio-parte-comune xmlns="http://www.openspcoop2.org/core/registry" service-binding="soap" nome="StressTestSoapFruitore" profilo-collaborazione="sincrono" formato-specifica="wsdl11" utilizzo-senza-azione="true" filtro-duplicati="disabilitato" conferma-ricezione="disabilitato" id-collaborazione="disabilitato" id-riferimento-richiesta="disabilitato" consegna-in-ordine="disabilitato" ora-registrazione="2023-03-16T13:13:10.121+01:00" versione="1">
    <soggetto-referente tipo="modipa" nome="ENTE"/>
    <port-type nome="StressTestSoap" style="document" profilo-collaborazione="sincrono" filtro-duplicati="abilitato">
        <azione nome="test" style="document" soap-action="test" profilo-collaborazione="sincrono" filtro-duplicati="abilitato">
            <message-input use="literal">
                <part name="parameters" element-name="skcotSyub" element-namespace="http://services.samples/xsd"/>
            </message-input>
            <message-output use="literal">
                <part name="parameters" element-name="skcotSyub" element-namespace="http://services.samples/xsd"/>
            </message-output>
            <protocol-property name="modipaInteractionAsyncActionRequest"/>
            <protocol-property name="modipaInteractionAsyncApiRequest"/>
            <protocol-property name="modipaInteractionAsyncProfile"/>
            <protocol-property name="modipaInteractionAsyncProfile__LABEL"/>
            <protocol-property name="modipaInteractionAsyncRole"/>
            <protocol-property name="modipaInteractionAsyncRole__LABEL"/>
            <protocol-property name="modipaInteractionAsyncServiceRequest"/>
            <protocol-property name="modipaInteractionProfile" value="bloccante"/>
            <protocol-property name="modipaInteractionProfile__LABEL"/>
            <protocol-property name="modipaSecurityMessageConfig" value="richiesta"/>
            <protocol-property name="modipaSecurityMessageCorniceSicurezza" boolean-value="false"/>
            <protocol-property name="modipaSecurityMessageProfile" value="idam0301"/>
            <protocol-property name="modipaSecurityMessageProfileActionMode" value="ridefinisci"/>
            <protocol-property name="modipaSecurityMessageRequestDigest" boolean-value="false"/>
            <protocol-property name="modipaSecurityRequest"/>
            <protocol-property name="modipaSecurityRequestContentType"/>
            <protocol-property name="modipaSecurityResponse"/>
            <protocol-property name="modipaSecurityResponseContentType"/>
            <protocol-property name="modipaSecurityResponseReturnCode"/>
        </azione>
        <azione nome="test2" style="document" soap-action="test2" profilo-collaborazione="sincrono" filtro-duplicati="abilitato">
            <message-input use="literal">
                <part name="parameters" element-name="skcotSyub2" element-namespace="http://services.samples/xsd"/>
            </message-input>
            <message-output use="literal">
                <part name="parameters" element-name="skcotSyub2" element-namespace="http://services.samples/xsd"/>
            </message-output>
            <protocol-property name="modipaInteractionAsyncActionRequest"/>
            <protocol-property name="modipaInteractionAsyncApiRequest"/>
            <protocol-property name="modipaInteractionAsyncProfile"/>
            <protocol-property name="modipaInteractionAsyncProfile__LABEL"/>
            <protocol-property name="modipaInteractionAsyncRole"/>
            <protocol-property name="modipaInteractionAsyncRole__LABEL"/>
            <protocol-property name="modipaInteractionAsyncServiceRequest"/>
            <protocol-property name="modipaInteractionProfile" value="bloccante"/>
            <protocol-property name="modipaInteractionProfile__LABEL"/>
            <protocol-property name="modipaSecurityMessageConfig" value="entrambi"/>
            <protocol-property name="modipaSecurityMessageCorniceSicurezza" boolean-value="false"/>
            <protocol-property name="modipaSecurityMessageProfile" value="idam0301"/>
            <protocol-property name="modipaSecurityMessageProfileActionMode" value="ridefinisci"/>
            <protocol-property name="modipaSecurityMessageRequestDigest" boolean-value="false"/>
            <protocol-property name="modipaSecurityRequest"/>
            <protocol-property name="modipaSecurityRequestContentType"/>
            <protocol-property name="modipaSecurityResponse"/>
            <protocol-property name="modipaSecurityResponseContentType"/>
            <protocol-property name="modipaSecurityResponseReturnCode"/>
        </azione>
        <azione nome="test3" style="document" soap-action="test3" profilo-collaborazione="sincrono" filtro-duplicati="abilitato">
            <message-input use="literal">
                <part name="parameters" element-name="skcotSyub3" element-namespace="http://services.samples/xsd"/>
            </message-input>
            <message-output use="literal">
                <part name="parameters" element-name="skcotSyub3" element-namespace="http://services.samples/xsd"/>
            </message-output>
            <protocol-property name="modipaInteractionAsyncActionRequest"/>
            <protocol-property name="modipaInteractionAsyncApiRequest"/>
            <protocol-property name="modipaInteractionAsyncProfile"/>
            <protocol-property name="modipaInteractionAsyncProfile__LABEL"/>
            <protocol-property name="modipaInteractionAsyncRole"/>
            <protocol-property name="modipaInteractionAsyncRole__LABEL"/>
            <protocol-property name="modipaInteractionAsyncServiceRequest"/>
            <protocol-property name="modipaInteractionProfile" value="bloccante"/>
            <protocol-property name="modipaInteractionProfile__LABEL"/>
            <protocol-property name="modipaSecurityMessageConfig" value="richiesta"/>
            <protocol-property name="modipaSecurityMessageCorniceSicurezza" boolean-value="false"/>
            <protocol-property name="modipaSecurityMessageProfile" value="idam0302"/>
            <protocol-property name="modipaSecurityMessageProfileActionMode" value="ridefinisci"/>
            <protocol-property name="modipaSecurityMessageRequestDigest" boolean-value="false"/>
            <protocol-property name="modipaSecurityRequest"/>
            <protocol-property name="modipaSecurityRequestContentType"/>
            <protocol-property name="modipaSecurityResponse"/>
            <protocol-property name="modipaSecurityResponseContentType"/>
            <protocol-property name="modipaSecurityResponseReturnCode"/>
        </azione>
        <azione nome="test4" style="document" soap-action="test4" profilo-collaborazione="sincrono" filtro-duplicati="abilitato">
            <message-input use="literal">
                <part name="parameters" element-name="skcotSyub4" element-namespace="http://services.samples/xsd"/>
            </message-input>
            <message-output use="literal">
                <part name="parameters" element-name="skcotSyub4" element-namespace="http://services.samples/xsd"/>
            </message-output>
            <protocol-property name="modipaInteractionAsyncActionRequest"/>
            <protocol-property name="modipaInteractionAsyncApiRequest"/>
            <protocol-property name="modipaInteractionAsyncProfile"/>
            <protocol-property name="modipaInteractionAsyncProfile__LABEL"/>
            <protocol-property name="modipaInteractionAsyncRole"/>
            <protocol-property name="modipaInteractionAsyncRole__LABEL"/>
            <protocol-property name="modipaInteractionAsyncServiceRequest"/>
            <protocol-property name="modipaInteractionProfile" value="bloccante"/>
            <protocol-property name="modipaInteractionProfile__LABEL"/>
            <protocol-property name="modipaSecurityMessageConfig" value="richiesta"/>
            <protocol-property name="modipaSecurityMessageCorniceSicurezza" boolean-value="false"/>
            <protocol-property name="modipaSecurityMessageProfile" value="idam01"/>
            <protocol-property name="modipaSecurityMessageProfileActionMode" value="ridefinisci"/>
            <protocol-property name="modipaSecurityMessageRequestDigest" boolean-value="false"/>
            <protocol-property name="modipaSecurityRequest"/>
            <protocol-property name="modipaSecurityRequestContentType"/>
            <protocol-property name="modipaSecurityResponse"/>
            <protocol-property name="modipaSecurityResponseContentType"/>
            <protocol-property name="modipaSecurityResponseReturnCode"/>
        </azione>
        <azione nome="test5" style="document" soap-action="test5" profilo-collaborazione="sincrono" filtro-duplicati="abilitato">
            <message-input use="literal">
                <part name="parameters" element-name="skcotSyub5" element-namespace="http://services.samples/xsd"/>
            </message-input>
            <message-output use="literal">
                <part name="parameters" element-name="skcotSyub5" element-namespace="http://services.samples/xsd"/>
            </message-output>
            <protocol-property name="modipaInteractionAsyncActionRequest"/>
            <protocol-property name="modipaInteractionAsyncApiRequest"/>
            <protocol-property name="modipaInteractionAsyncProfile"/>
            <protocol-property name="modipaInteractionAsyncProfile__LABEL"/>
            <protocol-property name="modipaInteractionAsyncRole"/>
            <protocol-property name="modipaInteractionAsyncRole__LABEL"/>
            <protocol-property name="modipaInteractionAsyncServiceRequest"/>
            <protocol-property name="modipaInteractionProfile" value="bloccante"/>
            <protocol-property name="modipaInteractionProfile__LABEL"/>
            <protocol-property name="modipaSecurityMessageConfig" value="entrambi"/>
            <protocol-property name="modipaSecurityMessageCorniceSicurezza" boolean-value="false"/>
            <protocol-property name="modipaSecurityMessageProfile" value="idam01"/>
            <protocol-property name="modipaSecurityMessageProfileActionMode" value="ridefinisci"/>
            <protocol-property name="modipaSecurityMessageRequestDigest" boolean-value="false"/>
            <protocol-property name="modipaSecurityRequest"/>
            <protocol-property name="modipaSecurityRequestContentType"/>
            <protocol-property name="modipaSecurityResponse"/>
            <protocol-property name="modipaSecurityResponseContentType"/>
            <protocol-property name="modipaSecurityResponseReturnCode"/>
        </azione>
        <azione nome="test6" style="document" soap-action="test6" profilo-collaborazione="sincrono" filtro-duplicati="abilitato">
            <message-input use="literal">
                <part name="parameters" element-name="skcotSyub6" element-namespace="http://services.samples/xsd"/>
            </message-input>
            <message-output use="literal">
                <part name="parameters" element-name="skcotSyub6" element-namespace="http://services.samples/xsd"/>
            </message-output>
            <protocol-property name="modipaInteractionAsyncActionRequest"/>
            <protocol-property name="modipaInteractionAsyncApiRequest"/>
            <protocol-property name="modipaInteractionAsyncProfile"/>
            <protocol-property name="modipaInteractionAsyncProfile__LABEL"/>
            <protocol-property name="modipaInteractionAsyncRole"/>
            <protocol-property name="modipaInteractionAsyncRole__LABEL"/>
            <protocol-property name="modipaInteractionAsyncServiceRequest"/>
            <protocol-property name="modipaInteractionProfile" value="bloccante"/>
            <protocol-property name="modipaInteractionProfile__LABEL"/>
            <protocol-property name="modipaSecurityMessageConfig" value="richiesta"/>
            <protocol-property name="modipaSecurityMessageCorniceSicurezza" boolean-value="false"/>
            <protocol-property name="modipaSecurityMessageProfile" value="idam02"/>
            <protocol-property name="modipaSecurityMessageProfileActionMode" value="ridefinisci"/>
            <protocol-property name="modipaSecurityMessageRequestDigest" boolean-value="false"/>
            <protocol-property name="modipaSecurityRequest"/>
            <protocol-property name="modipaSecurityRequestContentType"/>
            <protocol-property name="modipaSecurityResponse"/>
            <protocol-property name="modipaSecurityResponseContentType"/>
            <protocol-property name="modipaSecurityResponseReturnCode"/>
        </azione>
        <azione nome="test7" style="document" soap-action="test7" profilo-collaborazione="sincrono" filtro-duplicati="abilitato">
            <message-input use="literal">
                <part name="parameters" element-name="skcotSyub7" element-namespace="http://services.samples/xsd"/>
            </message-input>
            <message-output use="literal">
                <part name="parameters" element-name="skcotSyub7" element-namespace="http://services.samples/xsd"/>
            </message-output>
        </azione>
    </port-type>
    <allegato tipo="xsd" file="WsdlTypes.xsd" ora-registrazione="2022-03-01T09:29:06.117+01:00"/>
    <protocol-property name="modipaSecurityChannelProfile" value="idac01"/>
    <protocol-property name="modipaSecurityMessageConfig" value="entrambi"/>
    <protocol-property name="modipaSecurityMessageCorniceSicurezza" boolean-value="false"/>
    <protocol-property name="modipaSecurityMessageProfile" value="idam0302"/>
    <protocol-property name="modipaSecurityMessageRequestDigest" boolean-value="true"/>
    <protocol-property name="modipaSecurityRequest"/>
    <protocol-property name="modipaSecurityRequestContentType"/>
    <protocol-property name="modipaSecurityResponse"/>
    <protocol-property name="modipaSecurityResponseContentType"/>
    <protocol-property name="modipaSecurityResponseReturnCode"/>
    <gruppi>
        <gruppo nome="API-GovWay-StressTest"/>
    </gruppi>
</accordo-servizio-parte-comune>
