<?xml version="1.0" encoding="UTF-8" standalone="yes"?>
<configurazione-policy xmlns="http://www.openspcoop2.org/core/controllo_traffico">
    <id-policy>OccupazioneBanda-ControlloStatisticoOrario</id-policy>
    <built-in>false</built-in>
    <descrizione>La policy limita il numero totale massimo di KB consentiti durante l'intervallo di tempo specificato in 1 ore (campionamento statistico, finestra corrente, tipo banda complessiva).</descrizione>
    <risorsa>OccupazioneBanda</risorsa>
    <simultanee>false</simultanee>
    <valore>10000</valore>
    <valore-tipo-banda>complessiva</valore-tipo-banda>
    <modalita-controllo>statistic</modalita-controllo>
    <tipo-intervallo-osservazione-realtime>orario</tipo-intervallo-osservazione-realtime>
    <tipo-intervallo-osservazione-statistico>orario</tipo-intervallo-osservazione-statistico>
    <intervallo-osservazione>1</intervallo-osservazione>
    <finestra-osservazione>corrente</finestra-osservazione>
    <tipo-applicabilita>sempre</tipo-applicabilita>
    <applicabilita-con-congestione>false</applicabilita-con-congestione>
    <applicabilita-degrado-prestazionale>false</applicabilita-degrado-prestazionale>
    <applicabilita-stato-allarme>false</applicabilita-stato-allarme>
    <allarme-not-stato>false</allarme-not-stato>
</configurazione-policy>
