<?xml version="1.0" encoding="UTF-8" standalone="yes"?>
<configurazione-policy xmlns="http://www.openspcoop2.org/core/controllo_traffico">
    <id-policy>TempoMedioRisposta-ControlloStatisticoMensile</id-policy>
    <built-in>false</built-in>
    <descrizione>La policy blocca ogni successiva richiesta se viene rilevato un tempo medio di risposta elevato durante l'intervallo di tempo specificato in 1 mesi (campionamento statistico, finestra scorrevole, tipo latenza servizio).</descrizione>
    <risorsa>TempoMedioRisposta</risorsa>
    <simultanee>false</simultanee>
    <valore>100000</valore>
    <valore-tipo-latenza>servizio</valore-tipo-latenza>
    <modalita-controllo>statistic</modalita-controllo>
    <tipo-intervallo-osservazione-realtime>orario</tipo-intervallo-osservazione-realtime>
    <tipo-intervallo-osservazione-statistico>mensile</tipo-intervallo-osservazione-statistico>
    <intervallo-osservazione>1</intervallo-osservazione>
    <finestra-osservazione>scorrevole</finestra-osservazione>
    <tipo-applicabilita>sempre</tipo-applicabilita>
    <applicabilita-con-congestione>false</applicabilita-con-congestione>
    <applicabilita-degrado-prestazionale>false</applicabilita-degrado-prestazionale>
    <applicabilita-stato-allarme>false</applicabilita-stato-allarme>
    <allarme-not-stato>false</allarme-not-stato>
</configurazione-policy>
