<?xml version="1.0" encoding="UTF-8" standalone="yes"?>
<configurazione-policy xmlns="http://www.openspcoop2.org/core/controllo_traffico">
    <id-policy>_built-in_NumeroRichiesteCompletateConSuccesso-ControlloRealtimeGiornaliero</id-policy>
    <built-in>true</built-in>
    <descrizione>La policy conteggia il numero di richieste completate con successo; raggiunto il limite, ogni successiva richiesta viene bloccata durante l'intervallo temporale di 1 giorno (campionamento real-time, finestra corrente).</descrizione>
    <risorsa>NumeroRichiesteCompletateConSuccesso</risorsa>
    <simultanee>false</simultanee>
    <valore>1000</valore>
    <modalita-controllo>realtime</modalita-controllo>
    <tipo-intervallo-osservazione-realtime>giornaliero</tipo-intervallo-osservazione-realtime>
    <intervallo-osservazione>1</intervallo-osservazione>
    <finestra-osservazione>corrente</finestra-osservazione>
    <tipo-applicabilita>sempre</tipo-applicabilita>
    <applicabilita-con-congestione>false</applicabilita-con-congestione>
    <applicabilita-degrado-prestazionale>false</applicabilita-degrado-prestazionale>
    <applicabilita-stato-allarme>false</applicabilita-stato-allarme>
    <allarme-not-stato>false</allarme-not-stato>
</configurazione-policy>
