<?xml version="1.0" encoding="UTF-8" standalone="yes"?>
<accordo-servizio-parte-comune xmlns="http://www.openspcoop2.org/core/registry" service-binding="rest" nome="RestExample" profilo-collaborazione="oneway" formato-specifica="openApi3" utilizzo-senza-azione="true" filtro-duplicati="disabilitato" conferma-ricezione="disabilitato" consegna-in-ordine="disabilitato" ora-registrazione="2019-09-11T14:16:53.704+02:00" versione="1">
    <soggetto-referente tipo="as4" nome="Blue"/>
    <resource nome="test" path="/test" filtro-duplicati="disabilitato" conferma-ricezione="disabilitato" consegna-in-ordine="disabilitato">
        <request/>
        <protocol-property name="ebmsActionCompressPayload" boolean-value="false"/>
        <protocol-property name="ebmsActionPayloadProfile" value="DefaultJsonProfile"/>
        <protocol-property name="ebmsUserMessageCollaborationInfoAction" value="bdx:action.rest:1:test"/>
        <protocol-property name="ebmsUserMessageCollaborationInfoActionBinding" value="push"/>
    </resource>
    <resource nome="testCompress" path="/testCompress" filtro-duplicati="disabilitato" conferma-ricezione="disabilitato" consegna-in-ordine="disabilitato">
        <request/>
        <protocol-property name="ebmsActionCompressPayload" boolean-value="true"/>
        <protocol-property name="ebmsActionPayloadProfile" value="DefaultBinaryProfile"/>
        <protocol-property name="ebmsUserMessageCollaborationInfoAction" value="bdx:action.rest:1:testCompress"/>
        <protocol-property name="ebmsUserMessageCollaborationInfoActionBinding" value="push"/>
    </resource>
    <resource nome="testRequestPushAndPush" path="/testRequestPushAndPush" filtro-duplicati="disabilitato" conferma-ricezione="disabilitato" id-collaborazione="abilitato" consegna-in-ordine="disabilitato">
        <request/>
        <protocol-property name="ebmsActionCompressPayload" boolean-value="false"/>
        <protocol-property name="ebmsActionPayloadProfile" value="DefaultJsonProfile"/>
        <protocol-property name="ebmsUserMessageCollaborationInfoAction" value="bdx:action.rest:1:testRequestPushAndPush"/>
        <protocol-property name="ebmsUserMessageCollaborationInfoActionBinding" value="pushAndPush"/>
    </resource>
    <resource nome="testXml" path="/testXml" filtro-duplicati="disabilitato" conferma-ricezione="disabilitato" consegna-in-ordine="disabilitato">
        <request/>
        <protocol-property name="ebmsActionCompressPayload" boolean-value="false"/>
        <protocol-property name="ebmsActionPayloadProfile" value="DefaultXmlProfile"/>
        <protocol-property name="ebmsUserMessageCollaborationInfoAction" value="bdx:action.rest:1:testXml"/>
        <protocol-property name="ebmsUserMessageCollaborationInfoActionBinding" value="push"/>
    </resource>
    <protocol-property name="ebmsUserMessageCollaborationInfoService" value="bdx:noprocess"/>
    <protocol-property name="ebmsUserMessageCollaborationInfoServiceType" value="TEST-REST"/>
</accordo-servizio-parte-comune>
