<?xml version="1.0" encoding="UTF-8" standalone="yes"?>
<fruitore xmlns="http://www.openspcoop2.org/core/registry" tipo="modipa" nome="SoggettoInternoVaultTestFruitore" ora-registrazione="2026-01-26T11:25:48.527+01:00">
    <connettore tipo="http" nome="CNT_SF_modipa/SoggettoInternoVaultTestFruitore_modipa/SoggettoInternoVaultTest_modipa/VaultTestDPoPArchivioFruizione/1">
        <property nome="tokenPolicy" valore="Vault-NegoziazioneSignedJWT-DPoP-KeystoreFruizione"/>
        <property nome="location" valore="http://127.0.0.1:8080/TestService/echo?existsHttpHeaders=Authorization,DPoP"/>
    </connettore>
    <protocol-property name="modipaDPoPFruizioneKeystoreMode" value="ridefinisci"/>
    <protocol-property name="modipaDPoPKeyAlias" value="ExampleClient2"/>
    <protocol-property name="modipaDPoPKeyPassword" value="123456"/>
    <protocol-property name="modipaDPoPKeystoreArchive" file="ExampleClient2.p12"/>
    <protocol-property name="modipaDPoPKeystoreByokPolicy"/>
    <protocol-property name="modipaDPoPKeystoreKeyPairAlgo"/>
    <protocol-property name="modipaDPoPKeystoreMode" value="archive"/>
    <protocol-property name="modipaDPoPKeystorePassword" value="123456"/>
    <protocol-property name="modipaDPoPKeystorePath"/>
    <protocol-property name="modipaDPoPKeystorePathPublicKey"/>
    <protocol-property name="modipaDPoPKeystoreType" value="pkcs12"/>
    <protocol-property name="modipaKeyAlias" value="ExampleClient1"/>
    <protocol-property name="modipaKeyPassword" value="123456"/>
    <protocol-property name="modipaKeystoreArchive" file="ExampleClient1.p12"/>
    <protocol-property name="modipaKeystoreByokPolicy"/>
    <protocol-property name="modipaKeystoreCertMode" value="ridefinisci"/>
    <protocol-property name="modipaKeystoreKeyPairAlgo"/>
    <protocol-property name="modipaKeystoreMode" value="archive"/>
    <protocol-property name="modipaKeystorePassword" value="123456"/>
    <protocol-property name="modipaKeystorePath"/>
    <protocol-property name="modipaKeystorePathPublicKey"/>
    <protocol-property name="modipaKeystoreType" value="pkcs12"/>
    <protocol-property name="modipaSecurityOauthId" value="Client-VaultTestDPoPArchivioFruizione-NegoziazioneSignedJWT"/>
    <protocol-property name="modipaSecurityOauthKid" value="KID-VaultTestDPoPArchivioFruizione-NegoziazioneSignedJWT"/>
    <proprieta-oggetto utente-richiedente="amministratore" data-creazione="2026-01-26T11:25:48.505+01:00" utente-ultima-modifica="amministratore" data-ultima-modifica="2026-01-26T11:38:41.474+01:00"/>
</fruitore>
