<?xml version="1.0" encoding="UTF-8" standalone="yes"?>
<accordo-servizio-parte-comune xmlns="http://www.openspcoop2.org/core/registry" service-binding="soap" nome="RPCLiteralTestSoapNamespaceRidefinito" profilo-collaborazione="sincrono" formato-specifica="wsdl11" utilizzo-senza-azione="true" filtro-duplicati="disabilitato" conferma-ricezione="disabilitato" consegna-in-ordine="disabilitato" ora-registrazione="2022-12-27T16:44:45.252+01:00" versione="1">
    <soggetto-referente tipo="gw" nome="ENTE"/>
    <port-type nome="ServiceRPCLiteral" style="rpc" profilo-collaborazione="sincrono" filtro-duplicati="abilitato">
        <azione nome="RPCL-element" soap-action="RPCL-element" profilo-collaborazione="sincrono" filtro-duplicati="abilitato">
            <message-input use="literal" soap-namespace="http://openspcoop2.org/ValidazioneContenutiWS/Service/types">
                <part name="oraRegistrazioneUtente" element-name="ora-registrazione" element-namespace="http://openspcoop2.org/ValidazioneContenutiWS/Service/types"/>
                <part name="nominativoUtente" element-name="nominativo" element-namespace="http://openspcoop2.org/ValidazioneContenutiWS/Service/types"/>
                <part name="indirizzoUtente" element-name="indirizzo" element-namespace="http://openspcoop2.org/ValidazioneContenutiWS/Service/types"/>
            </message-input>
            <message-output use="literal" soap-namespace="http://openspcoop2.org/ValidazioneContenutiWS/Service/types">
                <part name="esitoRegistrazione" element-name="esito" element-namespace="http://openspcoop2.org/ValidazioneContenutiWS/Service/types"/>
            </message-output>
        </azione>
        <azione nome="RPCL-type" soap-action="RPCL-type" profilo-collaborazione="sincrono" filtro-duplicati="abilitato">
            <message-input use="literal" soap-namespace="http://openspcoop2.org/ValidazioneContenutiWS/Service/types">
                <part name="idint" type-name="int" type-namespace="http://www.w3.org/2001/XMLSchema"/>
                <part name="idstring" type-name="string" type-namespace="http://www.w3.org/2001/XMLSchema"/>
                <part name="nominativo" type-name="nominativoType" type-namespace="http://openspcoop2.org/ValidazioneContenutiWS/Service/types"/>
                <part name="indirizzo" type-name="string" type-namespace="http://www.w3.org/2001/XMLSchema"/>
                <part name="ora-registrazione" type-name="dateTime" type-namespace="http://www.w3.org/2001/XMLSchema"/>
            </message-input>
            <message-output use="literal" soap-namespace="http://openspcoop2.org/ValidazioneContenutiWS/Service/types">
                <part name="esito" type-name="esitoType" type-namespace="http://openspcoop2.org/ValidazioneContenutiWS/Service/types"/>
            </message-output>
        </azione>
        <azione nome="RPCL-xsitype" soap-action="RPCL-xsitype" profilo-collaborazione="sincrono" filtro-duplicati="abilitato">
            <message-input use="literal" soap-namespace="http://openspcoop2.org/ValidazioneContenutiWS/Service/types">
                <part name="richiestaEsempioXSI" type-name="FixedMessaggioType" type-namespace="http://openspcoop2.org/ValidazioneContenutiWS/Service/types"/>
            </message-input>
            <message-output use="literal" soap-namespace="http://openspcoop2.org/ValidazioneContenutiWS/Service/types">
                <part name="esito" type-name="string" type-namespace="http://www.w3.org/2001/XMLSchema"/>
                <part name="rispostaEsempioXSI" type-name="FixedMessaggioType" type-namespace="http://openspcoop2.org/ValidazioneContenutiWS/Service/types"/>
            </message-output>
        </azione>
    </port-type>
    <allegato tipo="xsd" file="WsdlTypes_1.xsd" ora-registrazione="2022-12-27T16:44:45.563+01:00"/>
    <gruppi>
        <gruppo nome="TestValidazione"/>
    </gruppi>
</accordo-servizio-parte-comune>
