<?xml version="1.0" encoding="UTF-8" standalone="yes"?>
<ns2:servizio-applicativo xmlns:ns2="http://www.openspcoop2.org/core/config" nome="ApplicativoVaultModiDPoPPath" tipo="client" use-as-client="false">
    <ns2:invocazione-porta invio-per-riferimento="disabilitato" sbustamento-informazioni-protocollo="abilitato">
        <ns2:credenziali tipo="basic" user="ApplicativoVaultModiDPoPPath" password="$6$E6Givg10QJFPDh5f$ztphZJDprLWrNQTYmwSZlcde1KWLiBfh3M4QTB0Vm4PDRiVOnNejd4BroFdfYTCwVLThf8hOquo3IzbEvoGIT0" app-id="false" certificate-strict-verification="true"/>
        <ns2:gestione-errore fault="soap" generic-fault-code="disabilitato"/>
    </ns2:invocazione-porta>
    <ns2:invocazione-servizio sbustamento-soap="disabilitato" sbustamento-informazioni-protocollo="abilitato" get-message="disabilitato" autenticazione="none" invio-per-riferimento="disabilitato" risposta-per-riferimento="disabilitato">
        <ns2:connettore tipo="disabilitato" nome="ConnettoreINV_ApplicativoVaultModiDPoPPath_modipaSoggettoInternoVaultTestFruitore"/>
    </ns2:invocazione-servizio>
    <ns2:risposta-asincrona sbustamento-soap="disabilitato" sbustamento-informazioni-protocollo="abilitato" get-message="disabilitato" autenticazione="none" invio-per-riferimento="disabilitato" risposta-per-riferimento="disabilitato">
        <ns2:connettore tipo="disabilitato" nome="ConnettoreRISP_ApplicativoVaultModiDPoPPath_modipaSoggettoInternoVaultTestFruitore"/>
    </ns2:risposta-asincrona>
    <ns2:protocol-property name="modipaDPoPKeyAlias" value="ExampleClient2"/>
    <ns2:protocol-property name="modipaDPoPKeyPassword" value="123456"/>
    <ns2:protocol-property name="modipaDPoPKeystoreByokPolicy" value="openssl-pbkdf2-unwrap"/>
    <ns2:protocol-property name="modipaDPoPKeystoreKeyPairAlgo" value="RSA"/>
    <ns2:protocol-property name="modipaDPoPKeystoreMode" value="path"/>
    <ns2:protocol-property name="modipaDPoPKeystorePassword" value="123456"/>
    <ns2:protocol-property name="modipaDPoPKeystorePath" value="/etc/govway/keys/xca/ExampleClient2.p12.BYOK"/>
    <ns2:protocol-property name="modipaDPoPKeystorePathPublicKey"/>
    <ns2:protocol-property name="modipaDPoPKeystoreType" value="pkcs12"/>
    <ns2:protocol-property name="modipaDPoPStato" boolean-value="true"/>
    <ns2:protocol-property name="modipaKeyAlias" value="ExampleClient1"/>
    <ns2:protocol-property name="modipaKeyCNIssuer"/>
    <ns2:protocol-property name="modipaKeyCNSubject"/>
    <ns2:protocol-property name="modipaKeyPassword" value="123456"/>
    <ns2:protocol-property name="modipaKeystoreByokPolicy" value="openssl-pbkdf2-unwrap"/>
    <ns2:protocol-property name="modipaKeystoreKeyPairAlgo"/>
    <ns2:protocol-property name="modipaKeystoreMode" value="path"/>
    <ns2:protocol-property name="modipaKeystorePassword" value="123456"/>
    <ns2:protocol-property name="modipaKeystorePath" value="/etc/govway/keys/xca/ExampleClient1.p12.BYOK"/>
    <ns2:protocol-property name="modipaKeystorePathPublicKey"/>
    <ns2:protocol-property name="modipaKeystoreType" value="pkcs12"/>
    <ns2:protocol-property name="modipaSecurityMessage" boolean-value="true"/>
    <ns2:protocol-property name="modipaSecurityMessageResponseAud"/>
    <ns2:protocol-property name="modipaSecurityMessageRestRequestX509Url"/>
    <ns2:protocol-property name="modipaSecurityToken" boolean-value="true"/>
    <ns2:protocol-property name="modipaSecurityTokenClientId" value="ClientID-ApplicativoVaultModiDPoPPath-NegoziazioneSignedJWT"/>
    <ns2:protocol-property name="modipaSecurityTokenKID" value="KID-ApplicativoVaultModiDPoPPath-NegoziazioneSignedJWT"/>
    <ns2:protocol-property name="modipaSecurityTokenPolicy" value="-"/>
    <ns2:proprieta-oggetto utente-richiedente="amministratore" data-creazione="2026-01-26T11:13:11.311+01:00" utente-ultima-modifica="amministratore" data-ultima-modifica="2026-01-26T11:37:55.913+01:00"/>
</ns2:servizio-applicativo>
