<?xml version="1.0" encoding="UTF-8" standalone="yes"?>
<ns2:servizio-applicativo xmlns:ns2="http://www.openspcoop2.org/core/config" nome="ApplicativoVaultModiDPoPArchive" tipo="client" use-as-client="false">
    <ns2:invocazione-porta invio-per-riferimento="disabilitato" sbustamento-informazioni-protocollo="abilitato">
        <ns2:credenziali tipo="basic" user="ApplicativoVaultModiDPoPArchive" password="$6$N.BGV/lpTABh0aoj$MMAUK9x3EGzJhMb1Crd8SAcPcV8QXdIIqFR3GmfGaYrlvFi0jm9whEseT37HxxyvbiSGG.O5tsCD37e.GWhPe." app-id="false" certificate-strict-verification="true"/>
        <ns2:gestione-errore fault="soap" generic-fault-code="disabilitato"/>
    </ns2:invocazione-porta>
    <ns2:invocazione-servizio sbustamento-soap="disabilitato" sbustamento-informazioni-protocollo="abilitato" get-message="disabilitato" autenticazione="none" invio-per-riferimento="disabilitato" risposta-per-riferimento="disabilitato">
        <ns2:connettore tipo="disabilitato" nome="ConnettoreINV_ApplicativoVaultModiDPoPArchive_modipaSoggettoInternoVaultTestFruitore"/>
    </ns2:invocazione-servizio>
    <ns2:risposta-asincrona sbustamento-soap="disabilitato" sbustamento-informazioni-protocollo="abilitato" get-message="disabilitato" autenticazione="none" invio-per-riferimento="disabilitato" risposta-per-riferimento="disabilitato">
        <ns2:connettore tipo="disabilitato" nome="ConnettoreRISP_ApplicativoVaultModiDPoPArchive_modipaSoggettoInternoVaultTestFruitore"/>
    </ns2:risposta-asincrona>
    <ns2:protocol-property name="modipaDPoPKeyAlias" value="ExampleClient2"/>
    <ns2:protocol-property name="modipaDPoPKeyPassword" value="123456"/>
    <ns2:protocol-property name="modipaDPoPKeystoreArchive" file="ExampleClient2.p12"/>
    <ns2:protocol-property name="modipaDPoPKeystoreByokPolicy"/>
    <ns2:protocol-property name="modipaDPoPKeystoreKeyPairAlgo" value="RSA"/>
    <ns2:protocol-property name="modipaDPoPKeystoreMode" value="archive"/>
    <ns2:protocol-property name="modipaDPoPKeystorePassword" value="123456"/>
    <ns2:protocol-property name="modipaDPoPKeystorePath"/>
    <ns2:protocol-property name="modipaDPoPKeystorePathPublicKey"/>
    <ns2:protocol-property name="modipaDPoPKeystoreType" value="pkcs12"/>
    <ns2:protocol-property name="modipaDPoPStato" boolean-value="true"/>
    <ns2:protocol-property name="modipaKeyAlias" value="ExampleClient1"/>
    <ns2:protocol-property name="modipaKeyCNIssuer" value="CN=ExampleCA, O=Example, L=Pisa, ST=Italy, C=IT"/>
    <ns2:protocol-property name="modipaKeyCNSubject" value="CN=ExampleClient1, O=Example, L=Pisa, ST=Italy, C=IT"/>
    <ns2:protocol-property name="modipaKeyPassword" value="123456"/>
    <ns2:protocol-property name="modipaKeystoreArchive" file="ExampleClient1.p12"/>
    <ns2:protocol-property name="modipaKeystoreByokPolicy"/>
    <ns2:protocol-property name="modipaKeystoreKeyPairAlgo"/>
    <ns2:protocol-property name="modipaKeystoreMode" value="archive"/>
    <ns2:protocol-property name="modipaKeystorePassword" value="123456"/>
    <ns2:protocol-property name="modipaKeystorePath"/>
    <ns2:protocol-property name="modipaKeystorePathPublicKey"/>
    <ns2:protocol-property name="modipaKeystoreType" value="pkcs12"/>
    <ns2:protocol-property name="modipaSecurityMessage" boolean-value="true"/>
    <ns2:protocol-property name="modipaSecurityMessageResponseAud"/>
    <ns2:protocol-property name="modipaSecurityMessageRestRequestX509Url"/>
    <ns2:protocol-property name="modipaSecurityToken" boolean-value="true"/>
    <ns2:protocol-property name="modipaSecurityTokenClientId" value="ClientID-ApplicativoVaultModiDPoPArchive-NegoziazioneSignedJWT"/>
    <ns2:protocol-property name="modipaSecurityTokenKID" value="KID-ApplicativoVaultModiDPoPArchive-NegoziazioneSignedJWT"/>
    <ns2:protocol-property name="modipaSecurityTokenPolicy" value="-"/>
    <ns2:proprieta-oggetto utente-richiedente="amministratore" data-creazione="2026-01-26T11:22:08.935+01:00" utente-ultima-modifica="amministratore" data-ultima-modifica="2026-01-26T11:37:48.182+01:00"/>
</ns2:servizio-applicativo>
