<?xml version="1.0" encoding="UTF-8" standalone="yes"?>
<ns2:servizio-applicativo xmlns:ns2="http://www.openspcoop2.org/core/config" nome="ApplicativoVaultModiPath" tipo="client" use-as-client="false" descrizione="">
    <ns2:invocazione-porta invio-per-riferimento="disabilitato" sbustamento-informazioni-protocollo="abilitato">
        <ns2:credenziali tipo="basic" user="ApplicativoVaultModiPath" password="$6$PLuz1Fny3oK/.vXF$yY2YyyBvsISZDw.OPkndvCp6Xd/8.qMy7/3dZk93CH.ngoUXT00904HSrtboN6G2O8NsyYBiu1y/NdvNaiI3H0" app-id="false" certificate-strict-verification="true"/>
        <ns2:gestione-errore fault="soap"/>
    </ns2:invocazione-porta>
    <ns2:invocazione-servizio sbustamento-soap="disabilitato" sbustamento-informazioni-protocollo="abilitato" get-message="disabilitato" autenticazione="none" invio-per-riferimento="disabilitato" risposta-per-riferimento="disabilitato">
        <ns2:connettore tipo="disabilitato" nome="ConnettoreINV_ApplicativoVaultModiPath_modipaSoggettoInternoVaultTestFruitore"/>
    </ns2:invocazione-servizio>
    <ns2:risposta-asincrona sbustamento-soap="disabilitato" sbustamento-informazioni-protocollo="abilitato" get-message="disabilitato" autenticazione="none" invio-per-riferimento="disabilitato" risposta-per-riferimento="disabilitato">
        <ns2:connettore tipo="disabilitato" nome="ConnettoreRISP_ApplicativoVaultModiPath_modipaSoggettoInternoVaultTestFruitore"/>
    </ns2:risposta-asincrona>
    <ns2:protocol-property name="modipaKeyAlias" value="ExampleClient1"/>
    <ns2:protocol-property name="modipaKeyCNIssuer"/>
    <ns2:protocol-property name="modipaKeyCNSubject"/>
    <ns2:protocol-property name="modipaKeyPassword" value="123456"/>
    <ns2:protocol-property name="modipaKeystoreByokPolicy"/>
    <ns2:protocol-property name="modipaKeystoreKeyPairAlgo"/>
    <ns2:protocol-property name="modipaKeystoreMode" value="path"/>
    <ns2:protocol-property name="modipaKeystorePassword" value="123456"/>
    <ns2:protocol-property name="modipaKeystorePath" value="/etc/govway/keys/xca/ExampleClient1.p12"/>
    <ns2:protocol-property name="modipaKeystorePathPublicKey"/>
    <ns2:protocol-property name="modipaKeystoreType" value="pkcs12"/>
    <ns2:protocol-property name="modipaSecurityMessage" boolean-value="true"/>
    <ns2:protocol-property name="modipaSecurityMessageResponseAud"/>
    <ns2:protocol-property name="modipaSecurityMessageRestRequestX509Url"/>
    <ns2:protocol-property name="modipaSecurityToken" boolean-value="false"/>
    <ns2:protocol-property name="modipaSecurityTokenClientId"/>
    <ns2:protocol-property name="modipaSecurityTokenKID"/>
    <ns2:protocol-property name="modipaSecurityTokenPolicy"/>
    <ns2:proprieta-oggetto utente-richiedente="amministratore" data-creazione="2024-07-03T16:08:00.907+02:00" utente-ultima-modifica="amministratore" data-ultima-modifica="2024-07-03T16:14:38.942+02:00"/>
</ns2:servizio-applicativo>
