<?xml version="1.0" encoding="UTF-8" standalone="yes"?>
<attivazione-policy xmlns="http://www.openspcoop2.org/core/controllo_traffico">
    <id-active-policy>_built-in_NumeroRichieste-ControlloRealtimeMinuti@0000000000000000007</id-active-policy>
    <alias>Complessiva</alias>
    <update-time>2022-05-04T17:42:04.287+02:00</update-time>
    <posizione>1</posizione>
    <continua-valutazione>true</continua-valutazione>
    <id-policy>_built-in_NumeroRichieste-ControlloRealtimeMinuti</id-policy>
    <enabled>true</enabled>
    <warning-only>false</warning-only>
    <ridefinisci>true</ridefinisci>
    <valore>1000000000</valore>
    <filtro>
        <enabled>true</enabled>
        <protocollo>trasparente</protocollo>
        <ruolo-porta>applicativa</ruolo-porta>
        <nome-porta>__gw_ENTE/gw_StressTestSoapRateLimiting/v1__Specific1</nome-porta>
        <informazione-applicativa-enabled>false</informazione-applicativa-enabled>
    </filtro>
    <group-by>
        <enabled>false</enabled>
        <ruolo-porta>false</ruolo-porta>
        <protocollo>false</protocollo>
        <fruitore>false</fruitore>
        <servizio-applicativo-fruitore>false</servizio-applicativo-fruitore>
        <identificativo-autenticato>false</identificativo-autenticato>
        <erogatore>false</erogatore>
        <servizio-applicativo-erogatore>false</servizio-applicativo-erogatore>
        <servizio>false</servizio>
        <azione>false</azione>
        <informazione-applicativa-enabled>false</informazione-applicativa-enabled>
    </group-by>
</attivazione-policy>
