<?xml version="1.0" encoding="UTF-8" standalone="yes"?>
<ns2:servizio-applicativo xmlns:ns2="http://www.openspcoop2.org/core/config" nome="ApplicativoSoggettoInternoTestGestoreCredenzialiBasic" tipo="client" use-as-client="false">
    <ns2:invocazione-porta invio-per-riferimento="disabilitato" sbustamento-informazioni-protocollo="abilitato">
        <ns2:credenziali tipo="basic" user="ApplicativoSoggettoInternoTestGestoreCredenzialiBasic" password="$6$jWgQNdrO8sulxSHh$LuNDqBMiwupIXWZjwl/IKkJxoU.t9sqgkU3tsMll8an07kK4rqUi1LRdypZJdpV8Ne6EK4OHlL4rYRm6IxxcG1" app-id="false" certificate-strict-verification="true"/>
        <ns2:gestione-errore fault="soap"/>
    </ns2:invocazione-porta>
    <ns2:invocazione-servizio sbustamento-soap="disabilitato" sbustamento-informazioni-protocollo="abilitato" get-message="disabilitato" autenticazione="none" invio-per-riferimento="disabilitato" risposta-per-riferimento="disabilitato">
        <ns2:connettore tipo="disabilitato" nome="ConnettoreINV_ApplicativoSoggettoInternoTestGestoreCredenzialiBasic_gwSoggettoInternoTestGestoreCredenzialeBasic"/>
    </ns2:invocazione-servizio>
    <ns2:risposta-asincrona sbustamento-soap="disabilitato" sbustamento-informazioni-protocollo="abilitato" get-message="disabilitato" autenticazione="none" invio-per-riferimento="disabilitato" risposta-per-riferimento="disabilitato">
        <ns2:connettore tipo="disabilitato" nome="ConnettoreRISP_ApplicativoSoggettoInternoTestGestoreCredenzialiBasic_gwSoggettoInternoTestGestoreCredenzialeBasic"/>
    </ns2:risposta-asincrona>
</ns2:servizio-applicativo>
