<?xml version="1.0" encoding="UTF-8" standalone="yes"?>
<accordo-servizio-parte-comune xmlns="http://www.openspcoop2.org/core/registry" service-binding="soap" nome="CIE0" profilo-collaborazione="sincrono" formato-specifica="wsdl11" utilizzo-senza-azione="true" filtro-duplicati="disabilitato" conferma-ricezione="disabilitato" id-collaborazione="disabilitato" id-riferimento-richiesta="disabilitato" consegna-in-ordine="disabilitato" ora-registrazione="2020-03-10T10:49:37.127+01:00" versione="1">
    <soggetto-referente tipo="gw" nome="@OPENSPCOOP2_NOME_SOGGETTO_DEFAULT@"/>
    <port-type nome="AnprPortTypeCIE" style="document" profilo-collaborazione="sincrono" filtro-duplicati="abilitato">
        <azione nome="comunicazioneAnnullamentoCIE" profilo-collaborazione="sincrono" filtro-duplicati="abilitato">
            <message-input use="literal">
                <part name="request" element-name="RichiestaCIE7" element-namespace="http://sogei.it/ANPR/CIE0Servizi"/>
            </message-input>
            <message-output use="literal">
                <part name="response" element-name="RispostaEsitoCIE7" element-namespace="http://sogei.it/ANPR/CIE0Servizi"/>
            </message-output>
        </azione>
        <azione nome="comunicazioneEmissioneCIE" profilo-collaborazione="sincrono" filtro-duplicati="abilitato">
            <message-input use="literal">
                <part name="request" element-name="RichiestaCIE8" element-namespace="http://sogei.it/ANPR/CIE0Servizi"/>
            </message-input>
            <message-output use="literal">
                <part name="response" element-name="RispostaEsitoCIE8" element-namespace="http://sogei.it/ANPR/CIE0Servizi"/>
            </message-output>
        </azione>
        <azione nome="interrogazioneDatiAnagrafici" profilo-collaborazione="sincrono" filtro-duplicati="abilitato">
            <message-input use="literal">
                <part name="request" element-name="RichiestaCIE2" element-namespace="http://sogei.it/ANPR/CIE0Servizi"/>
            </message-input>
            <message-output use="literal">
                <part name="response" element-name="RispostaEsitoCIE2" element-namespace="http://sogei.it/ANPR/CIE0Servizi"/>
            </message-output>
        </azione>
    </port-type>
    <allegato tipo="xsd" file="CIE0Servizi.xsd" ora-registrazione="2020-03-10T10:52:10.430+01:00"/>
    <allegato tipo="xsd" file="tipoDato.xsd" ora-registrazione="2020-03-10T10:53:39.946+01:00"/>
    <allegato tipo="xsd" file="vocabolarioCIEServizi.xsd" ora-registrazione="2020-03-10T10:53:39.946+01:00"/>
    <gruppi>
	<gruppo nome="ANPR"/>
    </gruppi>
</accordo-servizio-parte-comune>
