<?xml version="1.0" encoding="UTF-8"?>
<porta-delegata xmlns="http://www.openspcoop2.org/core/config"
    nome="SDI@OPENSPCOOP2_NOME_SOGGETTO@/SDICentroServiziFatturaPA/SDIRiceviFile/RiceviFile"
    autenticazione="basic" stateless="abilitato" autorizzazione="openspcoop">
    <soggetto-erogatore tipo="SDI" nome="CentroServiziFatturaPA"/>
    <servizio tipo="SDI" nome="RiceviFile"/>
    <azione nome="RiceviFile"/>
    <servizio-applicativo
        nome="SDI@OPENSPCOOP2_NOME_SOGGETTO@/SDICentroServiziFatturaPA/SDIRiceviFile/RiceviFile"/>
    <mtom-processor>
        <request-flow mode="packaging">
		<parameter nome="File"
                        pattern="//File"
                        required="true" content-type="text/xml"/>
        </request-flow>
    </mtom-processor>
    <validazione-contenuti-applicativi stato="disabilitato"/>
</porta-delegata>
