<?xml version="1.0" encoding="UTF-8" standalone="yes"?>
<accordo-servizio-parte-comune xmlns="http://www.openspcoop2.org/core/registry" service-binding="soap" nome="CertificazioneWS" profilo-collaborazione="sincrono" formato-specifica="wsdl11" utilizzo-senza-azione="true" filtro-duplicati="disabilitato" conferma-ricezione="disabilitato" id-collaborazione="disabilitato" id-riferimento-richiesta="disabilitato" consegna-in-ordine="disabilitato" ora-registrazione="2020-03-10T10:49:37.127+01:00" versione="1">
    <soggetto-referente tipo="gw" nome="ANPR"/>
    <port-type nome="AnprPortType6001" style="document" profilo-collaborazione="sincrono" filtro-duplicati="abilitato">
        <azione nome="emissioneCertificato" profilo-collaborazione="sincrono" filtro-duplicati="abilitato">
            <message-input use="literal">
                <part name="request" element-name="Richiesta6001" element-namespace="http://sogei.it/ANPR/6001certificazione"/>
            </message-input>
            <message-output use="literal">
                <part name="response" element-name="Risposta6001" element-namespace="http://sogei.it/ANPR/6001certificazione"/>
            </message-output>
        </azione>
    </port-type>
    <allegato tipo="xsd" file="6001certificazione.xsd" ora-registrazione="2020-03-10T10:52:10.430+01:00"/>
    <allegato tipo="xsd" file="vocabolario6001certificazione.xsd" ora-registrazione="2020-03-10T10:52:52.550+01:00"/>
    <allegato tipo="xsd" file="tipoDato.xsd" ora-registrazione="2020-03-10T10:53:39.946+01:00"/>
    <gruppi>
	<gruppo nome="ANPR"/>
    </gruppi>
</accordo-servizio-parte-comune>
