<?xml version="1.0" encoding="UTF-8" standalone="yes"?>
<accordo-servizio-parte-comune xmlns="http://www.openspcoop2.org/core/registry" service-binding="rest" nome="StressTestRest" descrizione="OpenAPI di Test" profilo-collaborazione="sincrono" formato-specifica="openApi3" utilizzo-senza-azione="true" filtro-duplicati="disabilitato" conferma-ricezione="disabilitato" id-collaborazione="disabilitato" id-riferimento-richiesta="disabilitato" consegna-in-ordine="disabilitato" ora-registrazione="2022-04-27T17:59:14.519+02:00" versione="1">
    <soggetto-referente tipo="modipa" nome="ENTE"/>
    <resource nome="PUT_test" path="/test" method="PUT" filtro-duplicati="disabilitato" conferma-ricezione="disabilitato" id-collaborazione="disabilitato" id-riferimento-richiesta="disabilitato" consegna-in-ordine="disabilitato">
        <request>
            <representation media-type="application/json" nome="Pet" representation-type="json">
                <json tipo="Pet"/>
            </representation>
        </request>
        <response descrizione="success" status="200">
            <representation media-type="application/json" nome="response_PUT__test_200_application_json" representation-type="json">
                <json tipo="Pet"/>
            </representation>
        </response>
        <response descrizione="error" status="400"/>
        <response descrizione="error" status="404"/>
        <response descrizione="error" status="405"/>
        <protocol-property name="modipaInteractionAsyncActionRequest"/>
        <protocol-property name="modipaInteractionAsyncApiRequest"/>
        <protocol-property name="modipaInteractionAsyncProfile"/>
        <protocol-property name="modipaInteractionAsyncProfile__LABEL"/>
        <protocol-property name="modipaInteractionAsyncRole"/>
        <protocol-property name="modipaInteractionAsyncRole__LABEL"/>
        <protocol-property name="modipaInteractionAsyncServiceRequest"/>
        <protocol-property name="modipaInteractionProfile" value="crud"/>
        <protocol-property name="modipaInteractionProfile__LABEL"/>
        <protocol-property name="modipaSecurityMessageConfig" value="richiesta"/>
        <protocol-property name="modipaSecurityMessageCorniceSicurezza" boolean-value="false"/>
        <protocol-property name="modipaSecurityMessageHeaderName" value="autonlyreq_modipa"/>
        <protocol-property name="modipaSecurityMessageProfile" value="idam0301"/>
        <protocol-property name="modipaSecurityMessageProfileActionMode" value="ridefinisci"/>
        <protocol-property name="modipaSecurityMessageRequestDigest" boolean-value="false"/>
        <protocol-property name="modipaSecurityRequest"/>
        <protocol-property name="modipaSecurityRequestContentType"/>
        <protocol-property name="modipaSecurityResponse"/>
        <protocol-property name="modipaSecurityResponseContentType"/>
        <protocol-property name="modipaSecurityResponseReturnCode"/>
    </resource>
    <resource nome="PUT_test2" path="/test2" method="PUT" filtro-duplicati="disabilitato" conferma-ricezione="disabilitato" id-collaborazione="disabilitato" id-riferimento-richiesta="disabilitato" consegna-in-ordine="disabilitato">
        <request>
            <representation media-type="application/json" nome="Pet" representation-type="json">
                <json tipo="Pet"/>
            </representation>
        </request>
        <response descrizione="success" status="200">
            <representation media-type="application/json" nome="response_PUT__test2_200_application_json" representation-type="json">
                <json tipo="Pet"/>
            </representation>
        </response>
        <response descrizione="error" status="400"/>
        <response descrizione="error" status="404"/>
        <response descrizione="error" status="405"/>
        <protocol-property name="modipaInteractionAsyncActionRequest"/>
        <protocol-property name="modipaInteractionAsyncApiRequest"/>
        <protocol-property name="modipaInteractionAsyncProfile"/>
        <protocol-property name="modipaInteractionAsyncProfile__LABEL"/>
        <protocol-property name="modipaInteractionAsyncRole"/>
        <protocol-property name="modipaInteractionAsyncRole__LABEL"/>
        <protocol-property name="modipaInteractionAsyncServiceRequest"/>
        <protocol-property name="modipaInteractionProfile" value="crud"/>
        <protocol-property name="modipaInteractionProfile__LABEL"/>
        <protocol-property name="modipaSecurityMessageConfig" value="entrambi"/>
        <protocol-property name="modipaSecurityMessageCorniceSicurezza" boolean-value="false"/>
        <protocol-property name="modipaSecurityMessageHeaderName" value="autonlyreq_modipa"/>
        <protocol-property name="modipaSecurityMessageProfile" value="idam0301"/>
        <protocol-property name="modipaSecurityMessageProfileActionMode" value="ridefinisci"/>
        <protocol-property name="modipaSecurityMessageRequestDigest" boolean-value="true"/>
        <protocol-property name="modipaSecurityRequest"/>
        <protocol-property name="modipaSecurityRequestContentType"/>
        <protocol-property name="modipaSecurityResponse"/>
        <protocol-property name="modipaSecurityResponseContentType"/>
        <protocol-property name="modipaSecurityResponseReturnCode"/>
    </resource>
    <resource nome="PUT_test3" path="/test3" method="PUT" filtro-duplicati="disabilitato" conferma-ricezione="disabilitato" id-collaborazione="disabilitato" id-riferimento-richiesta="disabilitato" consegna-in-ordine="disabilitato">
        <request>
            <representation media-type="application/json" nome="Pet" representation-type="json">
                <json tipo="Pet"/>
            </representation>
        </request>
        <response descrizione="success" status="200">
            <representation media-type="application/json" nome="response_PUT__test3_200_application_json" representation-type="json">
                <json tipo="Pet"/>
            </representation>
        </response>
        <response descrizione="error" status="400"/>
        <response descrizione="error" status="404"/>
        <response descrizione="error" status="405"/>
        <protocol-property name="modipaInteractionAsyncActionRequest"/>
        <protocol-property name="modipaInteractionAsyncApiRequest"/>
        <protocol-property name="modipaInteractionAsyncProfile"/>
        <protocol-property name="modipaInteractionAsyncProfile__LABEL"/>
        <protocol-property name="modipaInteractionAsyncRole"/>
        <protocol-property name="modipaInteractionAsyncRole__LABEL"/>
        <protocol-property name="modipaInteractionAsyncServiceRequest"/>
        <protocol-property name="modipaInteractionProfile" value="crud"/>
        <protocol-property name="modipaInteractionProfile__LABEL"/>
        <protocol-property name="modipaSecurityMessageConfig" value="richiesta"/>
        <protocol-property name="modipaSecurityMessageCorniceSicurezza" boolean-value="false"/>
        <protocol-property name="modipaSecurityMessageHeaderName" value="autonlyreq_modipa"/>
        <protocol-property name="modipaSecurityMessageProfile" value="idam0302"/>
        <protocol-property name="modipaSecurityMessageProfileActionMode" value="ridefinisci"/>
        <protocol-property name="modipaSecurityMessageRequestDigest" boolean-value="false"/>
        <protocol-property name="modipaSecurityRequest"/>
        <protocol-property name="modipaSecurityRequestContentType"/>
        <protocol-property name="modipaSecurityResponse"/>
        <protocol-property name="modipaSecurityResponseContentType"/>
        <protocol-property name="modipaSecurityResponseReturnCode"/>
    </resource>
    <resource nome="PUT_test4" path="/test4" method="PUT" filtro-duplicati="disabilitato" conferma-ricezione="disabilitato" id-collaborazione="disabilitato" id-riferimento-richiesta="disabilitato" consegna-in-ordine="disabilitato">
        <request>
            <representation media-type="application/json" nome="Pet" representation-type="json">
                <json tipo="Pet"/>
            </representation>
        </request>
        <response descrizione="success" status="200">
            <representation media-type="application/json" nome="response_PUT__test4_200_application_json" representation-type="json">
                <json tipo="Pet"/>
            </representation>
        </response>
        <response descrizione="error" status="400"/>
        <response descrizione="error" status="404"/>
        <response descrizione="error" status="405"/>
        <protocol-property name="modipaInteractionAsyncActionRequest"/>
        <protocol-property name="modipaInteractionAsyncApiRequest"/>
        <protocol-property name="modipaInteractionAsyncProfile"/>
        <protocol-property name="modipaInteractionAsyncProfile__LABEL"/>
        <protocol-property name="modipaInteractionAsyncRole"/>
        <protocol-property name="modipaInteractionAsyncRole__LABEL"/>
        <protocol-property name="modipaInteractionAsyncServiceRequest"/>
        <protocol-property name="modipaInteractionProfile" value="crud"/>
        <protocol-property name="modipaInteractionProfile__LABEL"/>
        <protocol-property name="modipaSecurityMessageConfig" value="richiesta"/>
        <protocol-property name="modipaSecurityMessageCorniceSicurezza" boolean-value="false"/>
        <protocol-property name="modipaSecurityMessageHeaderName" value="modipa"/>
        <protocol-property name="modipaSecurityMessageProfile" value="idam0301"/>
        <protocol-property name="modipaSecurityMessageProfileActionMode" value="ridefinisci"/>
        <protocol-property name="modipaSecurityMessageRequestDigest" boolean-value="false"/>
        <protocol-property name="modipaSecurityRequest"/>
        <protocol-property name="modipaSecurityRequestContentType"/>
        <protocol-property name="modipaSecurityResponse"/>
        <protocol-property name="modipaSecurityResponseContentType"/>
        <protocol-property name="modipaSecurityResponseReturnCode"/>
    </resource>
    <resource nome="PUT_test5" path="/test5" method="PUT" filtro-duplicati="disabilitato" conferma-ricezione="disabilitato" id-collaborazione="disabilitato" id-riferimento-richiesta="disabilitato" consegna-in-ordine="disabilitato">
        <request>
            <representation media-type="application/json" nome="Pet" representation-type="json">
                <json tipo="Pet"/>
            </representation>
        </request>
        <response descrizione="success" status="200">
            <representation media-type="application/json" nome="response_PUT__test5_200_application_json" representation-type="json">
                <json tipo="Pet"/>
            </representation>
        </response>
        <response descrizione="error" status="400"/>
        <response descrizione="error" status="404"/>
        <response descrizione="error" status="405"/>
        <protocol-property name="modipaInteractionAsyncActionRequest"/>
        <protocol-property name="modipaInteractionAsyncApiRequest"/>
        <protocol-property name="modipaInteractionAsyncProfile"/>
        <protocol-property name="modipaInteractionAsyncProfile__LABEL"/>
        <protocol-property name="modipaInteractionAsyncRole"/>
        <protocol-property name="modipaInteractionAsyncRole__LABEL"/>
        <protocol-property name="modipaInteractionAsyncServiceRequest"/>
        <protocol-property name="modipaInteractionProfile" value="crud"/>
        <protocol-property name="modipaInteractionProfile__LABEL"/>
        <protocol-property name="modipaSecurityMessageConfig" value="entrambi"/>
        <protocol-property name="modipaSecurityMessageCorniceSicurezza" boolean-value="false"/>
        <protocol-property name="modipaSecurityMessageHeaderName" value="modipa"/>
        <protocol-property name="modipaSecurityMessageProfile" value="idam0301"/>
        <protocol-property name="modipaSecurityMessageProfileActionMode" value="ridefinisci"/>
        <protocol-property name="modipaSecurityMessageRequestDigest" boolean-value="true"/>
        <protocol-property name="modipaSecurityRequest"/>
        <protocol-property name="modipaSecurityRequestContentType"/>
        <protocol-property name="modipaSecurityResponse"/>
        <protocol-property name="modipaSecurityResponseContentType"/>
        <protocol-property name="modipaSecurityResponseReturnCode"/>
    </resource>
    <resource nome="PUT_test6" path="/test6" method="PUT" filtro-duplicati="disabilitato" conferma-ricezione="disabilitato" id-collaborazione="disabilitato" id-riferimento-richiesta="disabilitato" consegna-in-ordine="disabilitato">
        <request>
            <representation media-type="application/json" nome="Pet" representation-type="json">
                <json tipo="Pet"/>
            </representation>
        </request>
        <response descrizione="success" status="200">
            <representation media-type="application/json" nome="response_PUT__test6_200_application_json" representation-type="json">
                <json tipo="Pet"/>
            </representation>
        </response>
        <response descrizione="error" status="400"/>
        <response descrizione="error" status="404"/>
        <response descrizione="error" status="405"/>
        <protocol-property name="modipaInteractionAsyncActionRequest"/>
        <protocol-property name="modipaInteractionAsyncApiRequest"/>
        <protocol-property name="modipaInteractionAsyncProfile"/>
        <protocol-property name="modipaInteractionAsyncProfile__LABEL"/>
        <protocol-property name="modipaInteractionAsyncRole"/>
        <protocol-property name="modipaInteractionAsyncRole__LABEL"/>
        <protocol-property name="modipaInteractionAsyncServiceRequest"/>
        <protocol-property name="modipaInteractionProfile" value="crud"/>
        <protocol-property name="modipaInteractionProfile__LABEL"/>
        <protocol-property name="modipaSecurityMessageConfig" value="richiesta"/>
        <protocol-property name="modipaSecurityMessageCorniceSicurezza" boolean-value="false"/>
        <protocol-property name="modipaSecurityMessageHeaderName" value="modipa"/>
        <protocol-property name="modipaSecurityMessageProfile" value="idam0302"/>
        <protocol-property name="modipaSecurityMessageProfileActionMode" value="ridefinisci"/>
        <protocol-property name="modipaSecurityMessageRequestDigest" boolean-value="false"/>
        <protocol-property name="modipaSecurityRequest"/>
        <protocol-property name="modipaSecurityRequestContentType"/>
        <protocol-property name="modipaSecurityResponse"/>
        <protocol-property name="modipaSecurityResponseContentType"/>
        <protocol-property name="modipaSecurityResponseReturnCode"/>
    </resource>
    <resource nome="PUT_test7" path="/test7" method="PUT" filtro-duplicati="disabilitato" conferma-ricezione="disabilitato" id-collaborazione="disabilitato" id-riferimento-richiesta="disabilitato" consegna-in-ordine="disabilitato">
        <request>
            <representation media-type="application/json" nome="Pet" representation-type="json">
                <json tipo="Pet"/>
            </representation>
        </request>
        <response descrizione="success" status="200">
            <representation media-type="application/json" nome="response_PUT__test7_200_application_json" representation-type="json">
                <json tipo="Pet"/>
            </representation>
        </response>
        <response descrizione="error" status="400"/>
        <response descrizione="error" status="404"/>
        <response descrizione="error" status="405"/>
    </resource>
    <protocol-property name="modipaSecurityChannelProfile" value="idac01"/>
    <protocol-property name="modipaSecurityMessageConfig" value="entrambi"/>
    <protocol-property name="modipaSecurityMessageCorniceSicurezza" boolean-value="false"/>
    <protocol-property name="modipaSecurityMessageHeaderName" value="autonlyreq_modipa"/>
    <protocol-property name="modipaSecurityMessageProfile" value="idam0301"/>
    <protocol-property name="modipaSecurityMessageRequestDigest" boolean-value="true"/>
    <protocol-property name="modipaSecurityRequest"/>
    <protocol-property name="modipaSecurityRequestContentType"/>
    <protocol-property name="modipaSecurityResponse"/>
    <protocol-property name="modipaSecurityResponseContentType"/>
    <protocol-property name="modipaSecurityResponseReturnCode"/>
    <gruppi>
        <gruppo nome="API-GovWay-StressTest"/>
    </gruppi>
</accordo-servizio-parte-comune>
