<?xml version="1.0" encoding="UTF-8" standalone="yes"?>
<fruitore xmlns="http://www.openspcoop2.org/core/registry" tipo="modipa" nome="SoggettoInternoVaultTestFruitore" ora-registrazione="2024-07-03T16:14:42.107+02:00">
    <connettore tipo="https" nome="CNT_SF_modipa/SoggettoInternoVaultTestFruitore_modipa/SoggettoInternoVaultTest_modipa/VaultTestConnettoriApplicativo/1">
        <property nome="debug" valore="false"/>
        <property nome="location" valore="https://Erogatore:8445/govway/rest/in/SoggettoInternoVaultTest/VaultTestConnettoriPath/v1"/>
        <property nome="sslType" valore="TLSv1.3"/>
        <property nome="hostnameVerifier" valore="true"/>
        <property nome="trustAllCerts" valore="true"/>
        <property nome="trustStoreType" valore="jks"/>
        <property nome="trustManagementAlgorithm" valore="PKIX"/>
    </connettore>
    <protocol-property name="modipaKeyAlias"/>
    <protocol-property name="modipaKeyPassword"/>
    <protocol-property name="modipaKeystoreByokPolicy"/>
    <protocol-property name="modipaKeystoreCertMode" value="default"/>
    <protocol-property name="modipaKeystoreFruizioneMode" value="applicativo"/>
    <protocol-property name="modipaKeystoreKeyPairAlgo" value="RSA"/>
    <protocol-property name="modipaKeystoreMode" value="path"/>
    <protocol-property name="modipaKeystorePassword"/>
    <protocol-property name="modipaKeystorePath"/>
    <protocol-property name="modipaKeystorePathPublicKey"/>
    <protocol-property name="modipaKeystoreType" value="jks"/>
    <protocol-property name="modipaSecurityMessageHttpHeaders" value="Digest,Content-Type,Content-Encoding"/>
    <protocol-property name="modipaSecurityMessageRequestAud" value="VaultTestConnettoriPath"/>
    <protocol-property name="modipaSecurityMessageRequestClaims"/>
    <protocol-property name="modipaSecurityMessageRequestClaimsAuth"/>
    <protocol-property name="modipaSecurityMessageRequestClaimsModi"/>
    <protocol-property name="modipaSecurityMessageRequestExp" number-value="300"/>
    <protocol-property name="modipaSecurityMessageRequestIntegrityAud"/>
    <protocol-property name="modipaSecurityMessageRequestIntegrityAudMode" value="same"/>
    <protocol-property name="modipaSecurityMessageRequestJti" value="same"/>
    <protocol-property name="modipaSecurityMessageRequestJtiIdMsg" value="modi"/>
    <protocol-property name="modipaSecurityMessageResponseAud" boolean-value="false"/>
    <protocol-property name="modipaSecurityMessageResponseAudExpected"/>
    <protocol-property name="modipaSecurityMessageResponseDuplicateJti" value="modi"/>
    <protocol-property name="modipaSecurityMessageResponseIatMode" value="default"/>
    <protocol-property name="modipaSecurityMessageResponseIatTtl"/>
    <protocol-property name="modipaSecurityMessageResponseIntegrityAud"/>
    <protocol-property name="modipaSecurityMessageResponseIntegrityAudMode" value="same"/>
    <protocol-property name="modipaSecurityMessageRestRequestAlg" value="RS256"/>
    <protocol-property name="modipaSecurityMessageRestRequestDigestEncoding" value="BASE64"/>
    <protocol-property name="modipaSecurityMessageRestRequestX509Cert" value="x5c,x5t"/>
    <protocol-property name="modipaSecurityMessageRestRequestX509CertUseCertificateChain" boolean-value="false"/>
    <protocol-property name="modipaSecurityMessageRestRequestX509Url"/>
    <protocol-property name="modipaSecurityMessageRestResponseX509Cert" value="x5c,x5t"/>
    <protocol-property name="modipaSecurityMessageRestResponseX509CertAsReq" value="true"/>
    <protocol-property name="modipaSslTruststoreCRLs"/>
    <protocol-property name="modipaSslTruststoreMode" value="default"/>
    <protocol-property name="modipaSslTruststoreOCSP"/>
    <protocol-property name="modipaSslTruststorePassword"/>
    <protocol-property name="modipaSslTruststorePath"/>
    <protocol-property name="modipaSslTruststoreType" value="jks"/>
    <protocol-property name="modipaTruststoreCRLs"/>
    <protocol-property name="modipaTruststoreMode" value="ridefinisci"/>
    <protocol-property name="modipaTruststoreOCSP"/>
    <protocol-property name="modipaTruststorePassword" value="123456"/>
    <protocol-property name="modipaTruststorePath" value="/etc/govway/keys/xca/trustStore_ca.jks"/>
    <protocol-property name="modipaTruststoreType" value="jks"/>
    <proprieta-oggetto utente-richiedente="amministratore" data-creazione="2024-07-02T08:32:22.006+02:00" utente-ultima-modifica="amministratore" data-ultima-modifica="2024-07-03T16:14:42.108+02:00"/>
</fruitore>
