<?xml version="1.0" encoding="UTF-8" standalone="yes"?>
<accordo-servizio-parte-comune xmlns="http://www.openspcoop2.org/core/registry" service-binding="rest" nome="TrasformazioneRest2SoapVardatori" profilo-collaborazione="sincrono" formato-specifica="openApi3" utilizzo-senza-azione="true" filtro-duplicati="disabilitato" conferma-ricezione="disabilitato" consegna-in-ordine="disabilitato" ora-registrazione="2022-03-22T17:52:52.905+01:00" versione="1">
    <soggetto-referente tipo="gw" nome="ENTE"/>
    <resource nome="POST_apincn.vardatori.json-comunicazione-obbligatoria" path="/apincn/vardatori/json-comunicazione-obbligatoria" method="POST" filtro-duplicati="disabilitato" conferma-ricezione="disabilitato" consegna-in-ordine="disabilitato">
        <request>
            <representation media-type="application/json" nome="Comunicazione" representation-type="json">
                <json tipo="Comunicazione"/>
            </representation>
        </request>
        <response descrizione="Oggetto Comunicazione" status="200">
            <representation media-type="application/json" nome="response_POST__apincn_vardatori_json-comunicazione-obbligatoria_200_application_json" representation-type="json">
                <json tipo="Comunicazione"/>
            </representation>
        </response>
    </resource>
    <gruppi>
        <gruppo nome="TestTrasformazione"/>
    </gruppi>
</accordo-servizio-parte-comune>
