<?xml version="1.0" encoding="UTF-8" standalone="yes"?>
<fruitore xmlns="http://www.openspcoop2.org/core/registry" tipo="modipa" nome="DemoSoggettoFruitore" ora-registrazione="2023-12-20T17:06:59.881+01:00">
    <connettore tipo="http" nome="CNT_SF_modipa/DemoSoggettoFruitore_modipa/DemoSoggettoErogatore_modipa/SimulazionePDNDProduzioneTokenKid-TTLShort/1">
        <property nome="tokenPolicy" valore="SimulazionePDNDProduzioneTokenKid-Internal"/>
        <property nome="location" valore="http://127.0.0.1:8080/TestService/echo?replyHttpHeader=token-authorization-demo&amp;sleep=3000"/>
    </connettore>
    <protocol-property name="modipaKeyAlias"/>
    <protocol-property name="modipaKeyPassword"/>
    <protocol-property name="modipaKeystoreCertMode" value="default"/>
    <protocol-property name="modipaKeystoreFruizioneMode" value="applicativo"/>
    <protocol-property name="modipaKeystoreKeyPairAlgo" value="RSA"/>
    <protocol-property name="modipaKeystoreMode" value="path"/>
    <protocol-property name="modipaKeystorePassword"/>
    <protocol-property name="modipaKeystorePath"/>
    <protocol-property name="modipaKeystorePathPublicKey"/>
    <protocol-property name="modipaKeystoreType" value="jks"/>
    <protocol-property name="modipaSecurityMessageHttpHeaders" value="Digest,Content-Type,Content-Encoding"/>
    <protocol-property name="modipaSecurityMessageRequestAud" value="${header:simulazionepdnd-audience}"/>
    <protocol-property name="modipaSecurityMessageRequestClaims" value="purposeId=${header:simulazionepdnd-purposeId}&#10;digest=?{header:simulazionepdnd-digest}"/>
    <protocol-property name="modipaSecurityMessageRequestExp" number-value="1"/>
    <protocol-property name="modipaSecurityMessageRestRequestAlg" value="RS256"/>
    <protocol-property name="modipaSecurityMessageRestRequestDigestEncoding" value="BASE64"/>
    <protocol-property name="modipaSecurityMessageRestRequestX509Url"/>
    <proprieta-oggetto utente-richiedente="amministratore" data-creazione="2023-12-20T17:06:59.881+01:00" utente-ultima-modifica="amministratore" data-ultima-modifica="2023-12-20T17:47:24.802+01:00"/>
</fruitore>
