<?xml version="1.0" encoding="UTF-8" standalone="yes"?>
<ns2:porta-applicativa xmlns:ns2="http://www.openspcoop2.org/core/config" nome="gw_SoggettoInternoTest/gw_LoadBalanceConsegnaCondizionaleRegole/v1" descrizione="Service implementation gw/SoggettoInternoTest:gw/LoadBalanceConsegnaCondizionaleRegole:1" ricevuta-asincrona-simmetrica="abilitato" ricevuta-asincrona-asimmetrica="abilitato" allega-body="disabilitato" scarta-body="disabilitato" autenticazione="none" autorizzazione="none" ricerca-porta-azione-delegata="abilitato" stato="abilitato">
    <ns2:servizio tipo="gw" nome="LoadBalanceConsegnaCondizionaleRegole" versione="1"/>
    <ns2:azione identificazione="interfaceBased" force-interface-based="abilitato"/>
    <ns2:servizio-applicativo nome="gw_SoggettoInternoTest/gw_LoadBalanceConsegnaCondizionaleRegole/v1">
        <ns2:dati-connettore nome="Connettore0" notifica="false" stato="abilitato" coda="DEFAULT" priorita="DEFAULT" priorita-max="false">
            <ns2:filtro>Pool0-Filtro0</ns2:filtro>
            <ns2:filtro>Pool0-Filtro1</ns2:filtro>
            <ns2:filtro>Pool2-Filtro0</ns2:filtro>
            <ns2:filtro>Pool2-Filtro1</ns2:filtro>
            <ns2:filtro>PoolRotto-Filtro0</ns2:filtro>
            <ns2:filtro>PoolRotto-Filtro1</ns2:filtro>
            <ns2:filtro>127.0.0.1</ns2:filtro>
        </ns2:dati-connettore>
    </ns2:servizio-applicativo>
    <ns2:servizio-applicativo nome="gw_SoggettoInternoTest/gw_LoadBalanceConsegnaCondizionaleRegole/v1__SA1">
        <ns2:dati-connettore nome="Connettore1" descrizione="" notifica="true" stato="abilitato" coda="DEFAULT" priorita="DEFAULT" priorita-max="false">
            <ns2:filtro>Pool0-Filtro0</ns2:filtro>
            <ns2:filtro>Pool0-Filtro1</ns2:filtro>
            <ns2:filtro>Pool1-Filtro0</ns2:filtro>
            <ns2:filtro>Pool1-Filtro1</ns2:filtro>
            <ns2:filtro>PoolRotto-Filtro0</ns2:filtro>
            <ns2:filtro>PoolRotto-Filtro1</ns2:filtro>
            <ns2:filtro>127.0.0.1</ns2:filtro>
        </ns2:dati-connettore>
    </ns2:servizio-applicativo>
    <ns2:servizio-applicativo nome="gw_SoggettoInternoTest/gw_LoadBalanceConsegnaCondizionaleRegole/v1__SA2">
        <ns2:dati-connettore nome="Connettore2" descrizione="" notifica="true" stato="abilitato" coda="DEFAULT" priorita="DEFAULT" priorita-max="false">
            <ns2:filtro>Pool0-Filtro0</ns2:filtro>
            <ns2:filtro>Pool0-Filtro1</ns2:filtro>
            <ns2:filtro>Pool1-Filtro0</ns2:filtro>
            <ns2:filtro>Pool1-Filtro1</ns2:filtro>
            <ns2:filtro>Pool2-Filtro0</ns2:filtro>
            <ns2:filtro>Pool2-Filtro1</ns2:filtro>
            <ns2:filtro>PoolRotto-Filtro0</ns2:filtro>
            <ns2:filtro>PoolRotto-Filtro1</ns2:filtro>
            <ns2:filtro>127.0.0.1</ns2:filtro>
        </ns2:dati-connettore>
    </ns2:servizio-applicativo>
    <ns2:servizio-applicativo nome="gw_SoggettoInternoTest/gw_LoadBalanceConsegnaCondizionaleRegole/v1__SA3">
        <ns2:dati-connettore nome="Connettore3" descrizione="" notifica="true" stato="abilitato" coda="DEFAULT" priorita="DEFAULT" priorita-max="false">
            <ns2:filtro>Pool1-Filtro0</ns2:filtro>
            <ns2:filtro>Pool1-Filtro1</ns2:filtro>
            <ns2:filtro>Pool2-Filtro0</ns2:filtro>
            <ns2:filtro>Pool2-Filtro1</ns2:filtro>
        </ns2:dati-connettore>
    </ns2:servizio-applicativo>
    <ns2:servizio-applicativo nome="gw_SoggettoInternoTest/gw_LoadBalanceConsegnaCondizionaleRegole/v1__SA4">
        <ns2:dati-connettore nome="ConnettoreDisabilitato" descrizione="" notifica="true" stato="disabilitato" coda="DEFAULT" priorita="DEFAULT" priorita-max="false">
            <ns2:filtro>Pool0-Filtro0</ns2:filtro>
            <ns2:filtro>Pool0-Filtro1</ns2:filtro>
            <ns2:filtro>Pool1-Filtro0</ns2:filtro>
            <ns2:filtro>Pool1-Filtro1</ns2:filtro>
            <ns2:filtro>Pool2-Filtro0</ns2:filtro>
            <ns2:filtro>Pool2-Filtro1</ns2:filtro>
            <ns2:filtro>PoolRotto-Filtro0</ns2:filtro>
            <ns2:filtro>PoolRotto-Filtro1</ns2:filtro>
            <ns2:filtro>127.0.0.1</ns2:filtro>
        </ns2:dati-connettore>
    </ns2:servizio-applicativo>
    <ns2:servizio-applicativo nome="gw_SoggettoInternoTest/gw_LoadBalanceConsegnaCondizionaleRegole/v1__SA5">
        <ns2:dati-connettore nome="ConnettoreRotto" descrizione="" notifica="true" stato="disabilitato" coda="DEFAULT" priorita="DEFAULT" priorita-max="false">
            <ns2:filtro>PoolRotto-Filtro0</ns2:filtro>
            <ns2:filtro>PoolRotto-Filtro1</ns2:filtro>
        </ns2:dati-connettore>
    </ns2:servizio-applicativo>
    <ns2:behaviour nome="__loadBalance">
        <ns2:proprieta nome="md_notifiche_by_esito_processamento" valore="false"/>
        <ns2:proprieta nome="c_enabled" valore="true"/>
        <ns2:proprieta nome="c_by_filter" valore="true"/>
        <ns2:proprieta nome="c_selettore" valore="HeaderBased"/>
        <ns2:proprieta nome="c_pattern" valore="GovWay-TestSuite-Connettore"/>
        <ns2:proprieta nome="c_rule_1_name" valore="RegolaClientIp"/>
        <ns2:proprieta nome="c_rule_1_pattern_operazione" valore="TestRegolaClientIp"/>
        <ns2:proprieta nome="c_rule_1_c_selettore" valore="ClientIP"/>
        <ns2:proprieta nome="c_rule_2_name" valore="RegolaContenuto"/>
        <ns2:proprieta nome="c_rule_2_pattern_operazione" valore="TestRegolaContenuto"/>
        <ns2:proprieta nome="c_rule_2_c_selettore" valore="ContentBased"/>
        <ns2:proprieta nome="c_rule_2_c_pattern" valore="$.id_connettore_request"/>
        <ns2:proprieta nome="c_rule_3_name" valore="RegolaFreemarkerTemplate"/>
        <ns2:proprieta nome="c_rule_3_pattern_operazione" valore="TestRegolaFreemarkerTemplate"/>
        <ns2:proprieta nome="c_rule_3_c_selettore" valore="FreemarkerTemplate"/>
        <ns2:proprieta nome="c_rule_3_c_pattern" valore="${query[&quot;govway-testsuite-id_connettore_request&quot;]}"/>
        <ns2:proprieta nome="c_rule_4_name" valore="RegolaParametroUrl"/>
        <ns2:proprieta nome="c_rule_4_pattern_operazione" valore="TestRegolaParametroUrl"/>
        <ns2:proprieta nome="c_rule_4_c_selettore" valore="FormBased"/>
        <ns2:proprieta nome="c_rule_4_c_pattern" valore="govway-testsuite-id_connettore_request"/>
        <ns2:proprieta nome="c_rule_5_name" valore="RegolaStatica"/>
        <ns2:proprieta nome="c_rule_5_pattern_operazione" valore="TestRegolaStatica"/>
        <ns2:proprieta nome="c_rule_5_static_info" valore="Pool2-Filtro1"/>
        <ns2:proprieta nome="c_rule_6_name" valore="RegolaTemplate"/>
        <ns2:proprieta nome="c_rule_6_pattern_operazione" valore="TestRegolaTemplate"/>
        <ns2:proprieta nome="c_rule_6_c_selettore" valore="Template"/>
        <ns2:proprieta nome="c_rule_6_c_pattern" valore="${query:govway-testsuite-id_connettore_request}"/>
        <ns2:proprieta nome="c_rule_7_name" valore="RegolaUrlInvocazione"/>
        <ns2:proprieta nome="c_rule_7_pattern_operazione" valore="TestRegolaUrlInvocazione"/>
        <ns2:proprieta nome="c_rule_7_c_selettore" valore="URLBased"/>
        <ns2:proprieta nome="c_rule_7_c_pattern" valore=".+govway-testsuite-id_connettore_request=([^&amp;]*).*"/>
        <ns2:proprieta nome="c_rule_8_name" valore="RegolaVelocityTemplate"/>
        <ns2:proprieta nome="c_rule_8_pattern_operazione" valore="TestRegolaVelocityTemplate"/>
        <ns2:proprieta nome="c_rule_8_c_selettore" valore="VelocityTemplate"/>
        <ns2:proprieta nome="c_rule_8_c_pattern" valore="$query[&quot;govway-testsuite-id_connettore_request&quot;]"/>
        <ns2:proprieta nome="c_rule_9_name" valore="RegolaXForwardedFor"/>
        <ns2:proprieta nome="c_rule_9_pattern_operazione" valore="TestRegolaXForwardedFor"/>
        <ns2:proprieta nome="c_rule_9_c_selettore" valore="XForwardedFor"/>
        <ns2:proprieta nome="c_selector_not_found_c_abort" valore="true"/>
        <ns2:proprieta nome="c_selector_not_found_c_diag_info" valore="false"/>
        <ns2:proprieta nome="c_selector_not_found_c_diag_error" valore="false"/>
        <ns2:proprieta nome="c_connector_not_found_c_abort" valore="true"/>
        <ns2:proprieta nome="c_connector_not_found_c_diag_info" valore="false"/>
        <ns2:proprieta nome="c_connector_not_found_c_diag_error" valore="false"/>
        <ns2:proprieta nome="type" valore="roundRobin"/>
        <ns2:proprieta nome="sticky" valore="false"/>
        <ns2:proprieta nome="passiveHealthCheck" valore="false"/>
        <ns2:proprieta nome="md_notifiche_by_esito" valore="false"/>
        <ns2:proprieta nome="md_notifiche_by_esito_ok" valore="false"/>
        <ns2:proprieta nome="md_notifiche_by_esito_fault" valore="false"/>
        <ns2:proprieta nome="md_notifiche_by_esito_errori_consegna" valore="false"/>
        <ns2:proprieta nome="md_notifiche_by_esito_scartate" valore="false"/>
    </ns2:behaviour>
</ns2:porta-applicativa>
