<?xml version="1.0" encoding="UTF-8" standalone="yes"?>
<ns2:porta-applicativa xmlns:ns2="http://www.openspcoop2.org/core/config" nome="gw_SoggettoInternoTest/gw_LoadBalanceSessioneStickyHealthCheckConsegnaCondizionale/v1" descrizione="Service implementation gw/SoggettoInternoTest:gw/LoadBalanceSessioneStickyHealthCheckConsegnaCondizionale:1" ricevuta-asincrona-simmetrica="abilitato" ricevuta-asincrona-asimmetrica="abilitato" allega-body="disabilitato" scarta-body="disabilitato" autenticazione="none" autorizzazione="none" ricerca-porta-azione-delegata="abilitato" stato="abilitato">
    <ns2:servizio tipo="gw" nome="LoadBalanceSessioneStickyHealthCheckConsegnaCondizionale" versione="1"/>
    <ns2:azione identificazione="interfaceBased" force-interface-based="abilitato"/>
    <ns2:servizio-applicativo nome="gw_SoggettoInternoTest/gw_LoadBalanceSessioneStickyHealthCheckConsegnaCondizionale/v1">
        <ns2:dati-connettore nome="Connettore0" notifica="false" stato="abilitato" coda="DEFAULT" priorita="DEFAULT" priorita-max="false">
            <ns2:filtro>Pool0-Filtro0</ns2:filtro>
            <ns2:filtro>Pool0-Filtro1</ns2:filtro>
            <ns2:filtro>Pool2-Filtro0</ns2:filtro>
            <ns2:filtro>Pool2-Filtro1</ns2:filtro>
            <ns2:filtro>PoolRotto-Filtro0</ns2:filtro>
            <ns2:filtro>PoolRotto-Filtro1</ns2:filtro>
        </ns2:dati-connettore>
    </ns2:servizio-applicativo>
    <ns2:servizio-applicativo nome="gw_SoggettoInternoTest/gw_LoadBalanceSessioneStickyHealthCheckConsegnaCondizionale/v1__SA1">
        <ns2:dati-connettore nome="Connettore1" descrizione="" notifica="true" stato="abilitato" coda="DEFAULT" priorita="DEFAULT" priorita-max="false">
            <ns2:filtro>Pool0-Filtro0</ns2:filtro>
            <ns2:filtro>Pool0-Filtro1</ns2:filtro>
            <ns2:filtro>Pool1-Filtro0</ns2:filtro>
            <ns2:filtro>Pool1-Filtro1</ns2:filtro>
            <ns2:filtro>PoolRotto-Filtro0</ns2:filtro>
            <ns2:filtro>PoolRotto-Filtro1</ns2:filtro>
        </ns2:dati-connettore>
    </ns2:servizio-applicativo>
    <ns2:servizio-applicativo nome="gw_SoggettoInternoTest/gw_LoadBalanceSessioneStickyHealthCheckConsegnaCondizionale/v1__SA2">
        <ns2:dati-connettore nome="Connettore2" descrizione="" notifica="true" stato="abilitato" coda="DEFAULT" priorita="DEFAULT" priorita-max="false">
            <ns2:filtro>Pool0-Filtro0</ns2:filtro>
            <ns2:filtro>Pool0-Filtro1</ns2:filtro>
            <ns2:filtro>Pool1-Filtro0</ns2:filtro>
            <ns2:filtro>Pool1-Filtro1</ns2:filtro>
            <ns2:filtro>Pool2-Filtro0</ns2:filtro>
            <ns2:filtro>Pool2-Filtro1</ns2:filtro>
            <ns2:filtro>PoolRotto-Filtro0</ns2:filtro>
            <ns2:filtro>PoolRotto-Filtro1</ns2:filtro>
        </ns2:dati-connettore>
    </ns2:servizio-applicativo>
    <ns2:servizio-applicativo nome="gw_SoggettoInternoTest/gw_LoadBalanceSessioneStickyHealthCheckConsegnaCondizionale/v1__SA3">
        <ns2:dati-connettore nome="Connettore3" descrizione="" notifica="true" stato="abilitato" coda="DEFAULT" priorita="DEFAULT" priorita-max="false">
            <ns2:filtro>Pool1-Filtro0</ns2:filtro>
            <ns2:filtro>Pool1-Filtro1</ns2:filtro>
            <ns2:filtro>Pool2-Filtro0</ns2:filtro>
            <ns2:filtro>Pool2-Filtro1</ns2:filtro>
        </ns2:dati-connettore>
    </ns2:servizio-applicativo>
    <ns2:servizio-applicativo nome="gw_SoggettoInternoTest/gw_LoadBalanceSessioneStickyHealthCheckConsegnaCondizionale/v1__SA4">
        <ns2:dati-connettore nome="ConnettoreDisabilitato" descrizione="" notifica="true" stato="disabilitato" coda="DEFAULT" priorita="DEFAULT" priorita-max="false">
            <ns2:filtro>Pool0-Filtro0</ns2:filtro>
            <ns2:filtro>Pool0-Filtro1</ns2:filtro>
            <ns2:filtro>Pool1-Filtro0</ns2:filtro>
            <ns2:filtro>Pool1-Filtro1</ns2:filtro>
            <ns2:filtro>Pool2-Filtro0</ns2:filtro>
            <ns2:filtro>Pool2-Filtro1</ns2:filtro>
            <ns2:filtro>PoolRotto-Filtro0</ns2:filtro>
            <ns2:filtro>PoolRotto-Filtro1</ns2:filtro>
        </ns2:dati-connettore>
    </ns2:servizio-applicativo>
    <ns2:servizio-applicativo nome="gw_SoggettoInternoTest/gw_LoadBalanceSessioneStickyHealthCheckConsegnaCondizionale/v1__SA5">
        <ns2:dati-connettore nome="ConnettoreRotto" descrizione="" notifica="true" stato="abilitato" coda="DEFAULT" priorita="DEFAULT" priorita-max="false">
            <ns2:filtro>PoolRotto-Filtro0</ns2:filtro>
            <ns2:filtro>PoolRotto-Filtro1</ns2:filtro>
        </ns2:dati-connettore>
    </ns2:servizio-applicativo>
    <ns2:behaviour nome="__loadBalance">
        <ns2:proprieta nome="type" valore="roundRobin"/>
        <ns2:proprieta nome="sticky" valore="true"/>
        <ns2:proprieta nome="sticky_selettore" valore="HeaderBased"/>
        <ns2:proprieta nome="sticky_pattern" valore="GovWay-TestSuite-ID-Sessione"/>
        <ns2:proprieta nome="passiveHealthCheck" valore="true"/>
        <ns2:proprieta nome="passiveHealthCheckExcludeForSeconds" valore="4"/>
        <ns2:proprieta nome="md_notifiche_by_esito" valore="false"/>
        <ns2:proprieta nome="md_notifiche_by_esito_ok" valore="false"/>
        <ns2:proprieta nome="md_notifiche_by_esito_fault" valore="false"/>
        <ns2:proprieta nome="md_notifiche_by_esito_errori_consegna" valore="false"/>
        <ns2:proprieta nome="md_notifiche_by_esito_scartate" valore="false"/>
        <ns2:proprieta nome="md_notifiche_by_esito_processamento" valore="false"/>
        <ns2:proprieta nome="c_enabled" valore="true"/>
        <ns2:proprieta nome="c_by_filter" valore="true"/>
        <ns2:proprieta nome="c_selettore" valore="HeaderBased"/>
        <ns2:proprieta nome="c_pattern" valore="GovWay-TestSuite-Connettore"/>
        <ns2:proprieta nome="c_selector_not_found_c_abort" valore="true"/>
        <ns2:proprieta nome="c_selector_not_found_c_diag_info" valore="false"/>
        <ns2:proprieta nome="c_selector_not_found_c_diag_error" valore="false"/>
        <ns2:proprieta nome="c_connector_not_found_c_abort" valore="true"/>
        <ns2:proprieta nome="c_connector_not_found_c_diag_info" valore="false"/>
        <ns2:proprieta nome="c_connector_not_found_c_diag_error" valore="false"/>
    </ns2:behaviour>
</ns2:porta-applicativa>
