<?xml version="1.0" encoding="UTF-8" standalone="yes"?>
<fruitore xmlns="http://www.openspcoop2.org/core/registry" tipo="modipa" nome="DemoSoggettoFruitore" ora-registrazione="2025-05-09T16:18:41.302+02:00">
    <connettore tipo="http" nome="CNT_SF_modipa/DemoSoggettoFruitore_modipa/DemoSoggettoErogatore_modipa/SignalHubTest/1">
        <property nome="tokenPolicy" valore="SimulazionePDNDProduzioneTokenKid-PurposeId"/>
        <property nome="location" valore="https://Erogatore:8445/govway/rest/in/DemoSoggettoErogatore/SignalHubTest/v1"/>
    </connettore>
    <protocol-property name="modipaKeyAlias"/>
    <protocol-property name="modipaKeyPassword"/>
    <protocol-property name="modipaKeystoreByokPolicy"/>
    <protocol-property name="modipaKeystoreCertMode" value="-"/>
    <protocol-property name="modipaKeystoreKeyPairAlgo"/>
    <protocol-property name="modipaKeystoreMode"/>
    <protocol-property name="modipaKeystorePassword"/>
    <protocol-property name="modipaKeystorePath"/>
    <protocol-property name="modipaKeystorePathPublicKey"/>
    <protocol-property name="modipaKeystoreType"/>
    <protocol-property name="modipaSecurityOauthId"/>
    <protocol-property name="modipaSecurityOauthKid"/>
    <proprieta-oggetto utente-richiedente="amministratore" data-creazione="2025-05-02T13:36:43.586+02:00"/>
</fruitore>
