<?xml version="1.0" encoding="UTF-8"?>
<accordo-servizio-parte-comune xmlns="http://www.openspcoop2.org/core/registry" nome="SdIRiceviNotifica" profilo-collaborazione="oneway" versione="1">
    <soggetto-referente tipo="SDI" nome="CentroServiziFatturaPA"/>
    <port-type nome="SdIRiceviNotifica" profilo-collaborazione="sincrono">
        <azione nome="NotificaEsito" profilo-collaborazione="sincrono">
            <message-input soap-namespace="http://www.fatturapa.gov.it/sdi/ws/ricezione/v1.0">
                <part name="parameters" element-name="fileSdI" element-namespace="http://www.fatturapa.gov.it/sdi/ws/ricezione/v1.0/types"/>
            </message-input>
            <message-output soap-namespace="http://www.fatturapa.gov.it/sdi/ws/ricezione/v1.0">
                <part name="parameters" element-name="rispostaSdINotificaEsito" element-namespace="http://www.fatturapa.gov.it/sdi/ws/ricezione/v1.0/types"/>
            </message-output>
        </azione>
    </port-type>
    <allegato tipo="XSD" file="RicezioneTypes_v1.0.xsd"/>
</accordo-servizio-parte-comune>
