<?xml version="1.0" encoding="UTF-8" standalone="yes"?>
<accordo-servizio-parte-specifica xmlns="http://www.openspcoop2.org/core/registry" tipo="modipa" nome="RestBlockingIDAR0302MultipartRequest" versione="1" accordo-servizio-parte-comune="modipa/ENTE:RestBlockingIDAR0302MultipartRequest:1" tipologia-servizio="normale" ora-registrazione="2022-05-06T14:15:46.947+02:00">
    <configurazione-servizio>
        <connettore tipo="disabilitato" nome="CNT_modipa/DemoSoggettoErogatore_modipa/RestBlockingIDAR0302MultipartRequest/1"/>
    </configurazione-servizio>
    <protocol-property name="modipaKeyAlias"/>
    <protocol-property name="modipaKeyPassword"/>
    <protocol-property name="modipaKeystoreCertMode" value="default"/>
    <protocol-property name="modipaKeystoreMode" value="archive"/>
    <protocol-property name="modipaKeystorePassword"/>
    <protocol-property name="modipaKeystorePath"/>
    <protocol-property name="modipaKeystoreType" value="jks"/>
    <protocol-property name="modipaSecurityMessageHttpHeaders" value="Digest,Content-Type,Content-Encoding"/>
    <protocol-property name="modipaSecurityMessageRequestAud" value="testsuite"/>
    <protocol-property name="modipaSecurityMessageRequestDuplicateJti" value="modi"/>
    <protocol-property name="modipaSecurityMessageRequestIatMode" value="default"/>
    <protocol-property name="modipaSecurityMessageRequestIatTtl"/>
    <protocol-property name="modipaSecurityMessageRequestIntegrityAud"/>
    <protocol-property name="modipaSecurityMessageRequestIntegrityAudMode" value="same"/>
    <protocol-property name="modipaSecurityMessageResponseClaims"/>
    <protocol-property name="modipaSecurityMessageResponseClaimsAuth"/>
    <protocol-property name="modipaSecurityMessageResponseClaimsModi"/>
    <protocol-property name="modipaSecurityMessageResponseExp" number-value="300"/>
    <protocol-property name="modipaSecurityMessageResponseJti" value="same"/>
    <protocol-property name="modipaSecurityMessageResponseJtiIdMsg" value="modi"/>
    <protocol-property name="modipaSecurityMessageRestRequestX509Cert" value="x5c,x5t"/>
    <protocol-property name="modipaSecurityMessageRestResponseAlg" value="RS256"/>
    <protocol-property name="modipaSecurityMessageRestResponseDigestEncoding" value="BASE64"/>
    <protocol-property name="modipaSecurityMessageRestResponseX509Cert" value="x5c,x5t"/>
    <protocol-property name="modipaSecurityMessageRestResponseX509CertAsReq" value="true"/>
    <protocol-property name="modipaSecurityMessageRestResponseX509CertUseCertificateChain" boolean-value="false"/>
    <protocol-property name="modipaSecurityMessageRestResponseX509Url"/>
    <protocol-property name="modipaSslTruststoreCRLs"/>
    <protocol-property name="modipaSslTruststoreMode" value="default"/>
    <protocol-property name="modipaSslTruststorePassword"/>
    <protocol-property name="modipaSslTruststorePath"/>
    <protocol-property name="modipaSslTruststoreType" value="jks"/>
    <protocol-property name="modipaTruststoreCRLs"/>
    <protocol-property name="modipaTruststoreMode" value="default"/>
    <protocol-property name="modipaTruststorePassword"/>
    <protocol-property name="modipaTruststorePath"/>
    <protocol-property name="modipaTruststoreType" value="jks"/>
</accordo-servizio-parte-specifica>
