<?xml version="1.0" encoding="UTF-8" standalone="yes"?>
<ns2:servizio-applicativo xmlns:ns2="http://www.openspcoop2.org/core/config" nome="ApplicativoRuoloFiltrato" tipo="client" use-as-client="false">
    <ns2:invocazione-porta invio-per-riferimento="disabilitato" sbustamento-informazioni-protocollo="abilitato">
        <ns2:credenziali tipo="basic" user="ApplicativoRuoloFiltrato" password="$6$4mBNNo5ZIsTA1fjg$fh3aMlSuC4vWKEJS1aXPkNRkZq/i5Tqtjni.BHpupMshC233sm3pPE2EcOiHtM.R8D.B5SHqNNmAJZVjCNQHR/" app-id="false" certificate-strict-verification="true"/>
        <ns2:ruoli>
            <ns2:ruolo nome="RuoloRateLimitingTest"/>
        </ns2:ruoli>
        <ns2:gestione-errore fault="soap"/>
    </ns2:invocazione-porta>
    <ns2:invocazione-servizio sbustamento-soap="disabilitato" sbustamento-informazioni-protocollo="abilitato" get-message="disabilitato" autenticazione="none" invio-per-riferimento="disabilitato" risposta-per-riferimento="disabilitato">
        <ns2:connettore tipo="disabilitato" nome="ConnettoreINV_ApplicativoRuoloFiltrato_gwSoggettoNonFiltrato"/>
    </ns2:invocazione-servizio>
    <ns2:risposta-asincrona sbustamento-soap="disabilitato" sbustamento-informazioni-protocollo="abilitato" get-message="disabilitato" autenticazione="none" invio-per-riferimento="disabilitato" risposta-per-riferimento="disabilitato">
        <ns2:connettore tipo="disabilitato" nome="ConnettoreRISP_ApplicativoRuoloFiltrato_gwSoggettoNonFiltrato"/>
    </ns2:risposta-asincrona>
</ns2:servizio-applicativo>
