<?xml version="1.0" encoding="UTF-8" standalone="yes"?>
<ns2:servizio-applicativo xmlns:ns2="http://www.openspcoop2.org/core/config" nome="ApplicativoRuoloFiltrato2" tipo="client" use-as-client="false">
    <ns2:invocazione-porta invio-per-riferimento="disabilitato" sbustamento-informazioni-protocollo="abilitato">
        <ns2:credenziali tipo="basic" user="ApplicativoRuoloFiltrato2" password="$6$Jgj.sqLMH1qXjLZk$pMbtOOuLPbQyqbGcLmZKJcqQNPr38ROO3sLS2ra76ZnhVZyEwo1/73IOG3RNyWzRH5e7bZ62/CYGQPJG1VcqM0" app-id="false" certificate-strict-verification="true"/>
        <ns2:ruoli>
            <ns2:ruolo nome="RuoloRateLimitingTest"/>
        </ns2:ruoli>
        <ns2:gestione-errore fault="soap"/>
    </ns2:invocazione-porta>
    <ns2:invocazione-servizio sbustamento-soap="disabilitato" sbustamento-informazioni-protocollo="abilitato" get-message="disabilitato" autenticazione="none" invio-per-riferimento="disabilitato" risposta-per-riferimento="disabilitato">
        <ns2:connettore tipo="disabilitato" nome="ConnettoreINV_ApplicativoRuoloFiltrato2_gwSoggettoNonFiltrato"/>
    </ns2:invocazione-servizio>
    <ns2:risposta-asincrona sbustamento-soap="disabilitato" sbustamento-informazioni-protocollo="abilitato" get-message="disabilitato" autenticazione="none" invio-per-riferimento="disabilitato" risposta-per-riferimento="disabilitato">
        <ns2:connettore tipo="disabilitato" nome="ConnettoreRISP_ApplicativoRuoloFiltrato2_gwSoggettoNonFiltrato"/>
    </ns2:risposta-asincrona>
</ns2:servizio-applicativo>
