<?xml version="1.0" encoding="UTF-8" standalone="yes"?>
<accordo-servizio-parte-comune xmlns="http://www.openspcoop2.org/core/registry" service-binding="soap" nome="VaultTestConnettori" profilo-collaborazione="sincrono" formato-specifica="wsdl11" utilizzo-senza-azione="true" filtro-duplicati="abilitato" conferma-ricezione="disabilitato" id-collaborazione="disabilitato" id-riferimento-richiesta="disabilitato" consegna-in-ordine="disabilitato" ora-registrazione="2024-07-03T17:27:43.891+02:00" versione="1">
    <soggetto-referente tipo="spc" nome="SoggettoInternoVaultTest"/>
    <port-type nome="VaultTestConnettori" style="document" profilo-collaborazione="sincrono" filtro-duplicati="abilitato" conferma-ricezione="disabilitato" id-collaborazione="disabilitato" id-riferimento-richiesta="disabilitato" consegna-in-ordine="disabilitato">
        <azione nome="asincronoRichiesta" profilo-collaborazione="asincronoAsimmetrico" filtro-duplicati="disabilitato" conferma-ricezione="disabilitato" id-collaborazione="disabilitato" id-riferimento-richiesta="disabilitato" consegna-in-ordine="disabilitato"/>
        <azione nome="asincronoRisposta" profilo-collaborazione="asincronoAsimmetrico" filtro-duplicati="disabilitato" conferma-ricezione="disabilitato" id-collaborazione="disabilitato" id-riferimento-richiesta="disabilitato" consegna-in-ordine="disabilitato" correlata="asincronoRichiesta"/>
    </port-type>
    <gruppi>
        <gruppo nome="secrets-vault"/>
    </gruppi>
    <proprieta-oggetto utente-richiedente="amministratore" data-creazione="2024-07-03T17:21:49.778+02:00" utente-ultima-modifica="amministratore" data-ultima-modifica="2024-07-03T17:27:43.902+02:00"/>
</accordo-servizio-parte-comune>
