<?xml version="1.0" encoding="UTF-8" standalone="yes"?>
<ns2:porta-delegata xmlns:ns2="http://www.openspcoop2.org/core/config" nome="__gw_SoggettoInternoVaultTestFruitore/gw_SoggettoInternoVaultTest/gw_TestJoseSecurity/v1__Specific1" descrizione="Internal Subscription 'Specific1' for gw_SoggettoInternoVaultTestFruitore/gw_SoggettoInternoVaultTest/gw_TestJoseSecurity/v1" autenticazione="none" autenticazione-opzionale="disabilitato" autorizzazione="none" ricevuta-asincrona-simmetrica="abilitato" ricevuta-asincrona-asimmetrica="abilitato" allega-body="disabilitato" scarta-body="disabilitato" ricerca-porta-azione-delegata="disabilitato" stato="abilitato">
    <ns2:soggetto-erogatore tipo="gw" nome="SoggettoInternoVaultTest"/>
    <ns2:servizio tipo="gw" nome="TestJoseSecurity" versione="1"/>
    <ns2:azione identificazione="delegatedBy" nome-porta-delegante="gw_SoggettoInternoVaultTestFruitore/gw_SoggettoInternoVaultTest/gw_TestJoseSecurity/v1" force-interface-based="disabilitato">
        <ns2:azione-delegata>signature</ns2:azione-delegata>
    </ns2:azione>
    <ns2:message-security>
        <ns2:request-flow mode="messageSecurity.jose.sender.signature">
            <ns2:parameter nome="joseUseHeaders" valore="true"/>
            <ns2:parameter nome="joseContentType" valore="false"/>
            <ns2:parameter nome="includeExtendedHeader" valore="false"/>
            <ns2:parameter nome="signaturePropRefId_@@@_rs.security.keystore.type" valore="pkcs11-client1"/>
            <ns2:parameter nome="signatureDetached" valore="false"/>
            <ns2:parameter nome="action" valore="Signature"/>
            <ns2:parameter nome="signaturePropRefId_@@@_rs.security.signature.algorithm" valore="RS256"/>
            <ns2:parameter nome="signaturePropRefId_@@@_rs.security.keystore.password" valore="-"/>
            <ns2:parameter nome="includeCertMode" valore="x5c"/>
            <ns2:parameter nome="includeCertShaMode" valore="-"/>
            <ns2:parameter nome="signaturePropRefId_@@@_rs.security.signature.include.key.id" valore="true"/>
            <ns2:parameter nome="signaturePropRefId_@@@_rs.security.keystore.file" valore="HSM-pkcs11-client1"/>
            <ns2:parameter nome="signaturePropRefId_@@@_rs.security.keystore.alias" valore="client1_hsm"/>
            <ns2:parameter nome="signaturePropRefId_@@@_rs.security.signature.include.cert" valore="true"/>
            <ns2:parameter nome="securityEngine" valore="jose"/>
            <ns2:parameter nome="signaturePayloadEncoding" valore="true"/>
            <ns2:parameter nome="signatureMode" valore="json"/>
            <ns2:parameter nome="signaturePropRefId_@@@_rs.security.key.password" valore="-"/>
        </ns2:request-flow>
        <ns2:response-flow mode="messageSecurity.jose.receiver.signature">
            <ns2:parameter nome="joseUseHeaders" valore="false"/>
            <ns2:parameter nome="signaturePropRefId_@@@_rs.security.keystore.file" valore="HSM-pkcs11-server"/>
            <ns2:parameter nome="signatureDetached" valore="false"/>
            <ns2:parameter nome="signaturePropRefId_@@@_rs.security.keystore.type" valore="pkcs11-server"/>
            <ns2:parameter nome="action" valore="Signature"/>
            <ns2:parameter nome="signaturePropRefId_@@@_rs.security.keystore.alias" valore="server_hsm"/>
            <ns2:parameter nome="securityEngine" valore="jose"/>
            <ns2:parameter nome="signaturePropRefId_@@@_rs.security.keystore.password" valore="-"/>
            <ns2:parameter nome="signatureMode" valore="compact"/>
            <ns2:parameter nome="detachSecurityInfo" valore="true"/>
        </ns2:response-flow>
    </ns2:message-security>
    <ns2:dump realtime="abilitato">
        <ns2:richiesta-ingresso payload="disabilitato" payload-parsing="disabilitato" body="disabilitato" attachments="disabilitato" headers="disabilitato"/>
        <ns2:richiesta-uscita payload="abilitato" payload-parsing="disabilitato" body="disabilitato" attachments="disabilitato" headers="abilitato"/>
        <ns2:risposta-ingresso payload="abilitato" payload-parsing="disabilitato" body="disabilitato" attachments="disabilitato" headers="abilitato"/>
        <ns2:risposta-uscita payload="disabilitato" payload-parsing="disabilitato" body="disabilitato" attachments="disabilitato" headers="disabilitato"/>
    </ns2:dump>
    <ns2:trasformazioni>
        <ns2:regola nome="GovWay-Transaction-ID-Erogazione" posizione="1" stato="abilitato">
            <ns2:richiesta conversione="false"/>
            <ns2:risposta nome="GovWay-Transaction-ID-Erogazione" posizione="1" conversione="false">
                <ns2:header conversione-tipo="add" nome="GovWay-Transaction-ID-Erogazione" valore="${headerResponse:GovWay-Transaction-ID}" identificazione-fallita="blocca"/>
            </ns2:risposta>
        </ns2:regola>
    </ns2:trasformazioni>
    <ns2:proprieta-oggetto utente-richiedente="amministratore" data-creazione="2024-07-03T16:08:04.394+02:00" utente-ultima-modifica="amministratore" data-ultima-modifica="2024-07-03T16:14:43.113+02:00"/>
</ns2:porta-delegata>
