<?xml version="1.0" encoding="UTF-8" standalone="yes"?>
<ns2:porta-delegata xmlns:ns2="http://www.openspcoop2.org/core/config" nome="__gw_SoggettoInternoVaultTestFruitore/gw_SoggettoInternoVaultTest/gw_TestWSSecurity/v1__Specific2" descrizione="Internal Subscription 'Specific2' for gw_SoggettoInternoVaultTestFruitore/gw_SoggettoInternoVaultTest/gw_TestWSSecurity/v1" autenticazione="none" autenticazione-opzionale="disabilitato" autorizzazione="none" ricevuta-asincrona-simmetrica="abilitato" ricevuta-asincrona-asimmetrica="abilitato" allega-body="disabilitato" scarta-body="disabilitato" ricerca-porta-azione-delegata="disabilitato" stato="abilitato">
    <ns2:soggetto-erogatore tipo="gw" nome="SoggettoInternoVaultTest"/>
    <ns2:servizio tipo="gw" nome="TestWSSecurity" versione="1"/>
    <ns2:azione identificazione="delegatedBy" nome-porta-delegante="gw_SoggettoInternoVaultTestFruitore/gw_SoggettoInternoVaultTest/gw_TestWSSecurity/v1" force-interface-based="disabilitato">
        <ns2:azione-delegata>encrypt</ns2:azione-delegata>
    </ns2:azione>
    <ns2:message-security>
        <ns2:request-flow mode="messageSecurity.wss4j.sender.encrypt">
            <ns2:parameter nome="encryptionPropRefId_@@@_org.apache.ws.security.crypto.merlin.keystore.type" valore="jks"/>
            <ns2:parameter nome="mustUnderstand" valore="false"/>
            <ns2:parameter nome="___action" valore="encryptAction"/>
            <ns2:parameter nome="encryptionKeyIdentifier" valore="IssuerSerial"/>
            <ns2:parameter nome="encryptionKeyTransportAlgorithm" valore="http://www.w3.org/2001/04/xmlenc#rsa-1_5"/>
            <ns2:parameter nome="includeEncryptionToken" valore="true"/>
            <ns2:parameter nome="encryptionDigestAlgorithm" valore="http://www.w3.org/2001/04/xmlenc#sha256"/>
            <ns2:parameter nome="securityEngine" valore="wss4j"/>
            <ns2:parameter nome="encryptParts" valore="{Element}{SOAP_TEMPLATE_NS}Body"/>
            <ns2:parameter nome="encryptionPropRefId_@@@_org.apache.ws.security.crypto.provider" valore="org.openspcoop2.security.keystore.MerlinProvider"/>
            <ns2:parameter nome="encryptionPropRefId_@@@_org.apache.ws.security.crypto.merlin.keystore.password" valore="openspcoop"/>
            <ns2:parameter nome="encryptionSymAlgorithm" valore="http://www.w3.org/2001/04/xmlenc#aes256-cbc"/>
            <ns2:parameter nome="encryptPartsSelect" valore="body"/>
            <ns2:parameter nome="action" valore="Encrypt"/>
            <ns2:parameter nome="encryptionPropRefId_@@@_org.apache.ws.security.crypto.merlin.file" valore="/etc/govway/keys/erogatore.jks"/>
            <ns2:parameter nome="encryptionUser" valore="client2_hsm"/>
        </ns2:request-flow>
        <ns2:response-flow mode="messageSecurity.wss4j.receiver.encrypt">
            <ns2:parameter nome="mustUnderstand" valore="true"/>
            <ns2:parameter nome="decryptionPassword" valore="-"/>
            <ns2:parameter nome="___action" valore="timestampAction_@@_encryptAction"/>
            <ns2:parameter nome="allowRSA15KeyTransportAlgorithm" valore="true"/>
            <ns2:parameter nome="futureTimeToLive" valore="60"/>
            <ns2:parameter nome="decryptionPropRefId_@@@_org.apache.ws.security.crypto.merlin.file" valore="HSM-pkcs11-server"/>
            <ns2:parameter nome="isBSPCompliant" valore="true"/>
            <ns2:parameter nome="securityEngine" valore="wss4j"/>
            <ns2:parameter nome="decryptionPropRefId_@@@_org.apache.ws.security.crypto.merlin.keystore.password" valore="-"/>
            <ns2:parameter nome="detachSecurityInfo" valore="true"/>
            <ns2:parameter nome="actor" valore="actorExample"/>
            <ns2:parameter nome="passwordCallbackRef" valore="true"/>
            <ns2:parameter nome="decryptionPropRefId_@@@_org.apache.ws.security.crypto.provider" valore="org.openspcoop2.security.keystore.MerlinProvider"/>
            <ns2:parameter nome="decryptionPropRefId_@@@_org.apache.ws.security.crypto.merlin.keystore.type" valore="pkcs11-server"/>
            <ns2:parameter nome="action" valore="Timestamp Encrypt"/>
            <ns2:parameter nome="decryptionUser" valore="server_hsm"/>
        </ns2:response-flow>
    </ns2:message-security>
    <ns2:dump realtime="abilitato">
        <ns2:richiesta-ingresso payload="disabilitato" payload-parsing="disabilitato" body="disabilitato" attachments="disabilitato" headers="disabilitato"/>
        <ns2:richiesta-uscita payload="abilitato" payload-parsing="disabilitato" body="disabilitato" attachments="disabilitato" headers="abilitato"/>
        <ns2:risposta-ingresso payload="abilitato" payload-parsing="disabilitato" body="disabilitato" attachments="disabilitato" headers="abilitato"/>
        <ns2:risposta-uscita payload="disabilitato" payload-parsing="disabilitato" body="disabilitato" attachments="disabilitato" headers="disabilitato"/>
    </ns2:dump>
    <ns2:trasformazioni>
        <ns2:regola nome="GovWay-Transaction-ID-Erogazione" posizione="1" stato="abilitato">
            <ns2:richiesta conversione="false"/>
            <ns2:risposta nome="GovWay-Transaction-ID-Erogazione" posizione="1" conversione="false">
                <ns2:header conversione-tipo="add" nome="GovWay-Transaction-ID-Erogazione" valore="${headerResponse:GovWay-Transaction-ID}" identificazione-fallita="blocca"/>
            </ns2:risposta>
        </ns2:regola>
    </ns2:trasformazioni>
    <ns2:proprieta-oggetto utente-richiedente="amministratore" data-creazione="2024-07-03T17:21:52.630+02:00" utente-ultima-modifica="amministratore" data-ultima-modifica="2024-07-03T17:27:46.507+02:00"/>
</ns2:porta-delegata>
