<?xml version="1.0" encoding="UTF-8" standalone="yes"?>
<ns2:porta-delegata xmlns:ns2="http://www.openspcoop2.org/core/config" nome="__gw_SoggettoInternoVaultTestFruitore/gw_SoggettoInternoVaultTest/gw_TestVaultXmlSecurity/v1__Specific1" descrizione="Internal Subscription 'Specific1' for gw_SoggettoInternoVaultTestFruitore/gw_SoggettoInternoVaultTest/gw_TestVaultXmlSecurity/v1" autenticazione="none" autenticazione-opzionale="disabilitato" autorizzazione="none" ricevuta-asincrona-simmetrica="abilitato" ricevuta-asincrona-asimmetrica="abilitato" allega-body="disabilitato" scarta-body="disabilitato" ricerca-porta-azione-delegata="disabilitato" stato="abilitato">
    <ns2:soggetto-erogatore tipo="gw" nome="SoggettoInternoVaultTest"/>
    <ns2:servizio tipo="gw" nome="TestVaultXmlSecurity" versione="1"/>
    <ns2:azione identificazione="delegatedBy" nome-porta-delegante="gw_SoggettoInternoVaultTestFruitore/gw_SoggettoInternoVaultTest/gw_TestVaultXmlSecurity/v1" force-interface-based="disabilitato">
        <ns2:azione-delegata>signature</ns2:azione-delegata>
    </ns2:azione>
    <ns2:message-security>
        <ns2:request-flow mode="messageSecurity.xml.sender.signature">
            <ns2:parameter nome="signaturePropRefId_@@@_org.apache.ws.security.crypto.merlin.file.byok" valore="openssl-pbkdf2-unwrap"/>
            <ns2:parameter nome="signaturePropRefId_@@@_org.apache.ws.security.crypto.merlin.file" valore="/etc/govway/keys/xca/ExampleClient2.p12.BYOK"/>
            <ns2:parameter nome="securityEngine" valore="xml"/>
            <ns2:parameter nome="signaturePassword" valore="123456"/>
            <ns2:parameter nome="signatureKeyInfo" valore="true"/>
            <ns2:parameter nome="keyInfo" valore="x509"/>
            <ns2:parameter nome="signatureAlgorithm" valore="http://www.w3.org/2001/04/xmldsig-more#rsa-sha256"/>
            <ns2:parameter nome="signaturePropRefId_@@@_org.apache.ws.security.crypto.merlin.keystore.type" valore="pkcs12"/>
            <ns2:parameter nome="signatureDigestAlgorithm" valore="http://www.w3.org/2001/04/xmlenc#sha256"/>
            <ns2:parameter nome="action" valore="Signature"/>
            <ns2:parameter nome="signatureUser" valore="ExampleClient2"/>
            <ns2:parameter nome="signatureC14nAlgorithm" valore="http://www.w3.org/2001/10/xml-exc-c14n#"/>
            <ns2:parameter nome="signaturePropRefId_@@@_org.apache.ws.security.crypto.merlin.keystore.password" valore="123456"/>
        </ns2:request-flow>
        <ns2:response-flow mode="messageSecurity.xml.receiver.signature">
            <ns2:parameter nome="signatureTrustStorePropRefId_@@@_org.apache.ws.security.crypto.merlin.keystore.password" valore="123456"/>
            <ns2:parameter nome="signatureTrustStorePropRefId_@@@_org.apache.ws.security.crypto.merlin.file" valore="/etc/govway/keys/xca/trustStore_certificati.jks"/>
            <ns2:parameter nome="action" valore="Signature"/>
            <ns2:parameter nome="signatureUser" valore="ExampleServer"/>
            <ns2:parameter nome="signatureTrustStorePropRefId_@@@_org.apache.ws.security.crypto.merlin.keystore.type" valore="jks"/>
            <ns2:parameter nome="securityEngine" valore="xml"/>
            <ns2:parameter nome="detachSecurityInfo" valore="true"/>
        </ns2:response-flow>
    </ns2:message-security>
    <ns2:dump realtime="abilitato">
        <ns2:richiesta-ingresso payload="disabilitato" payload-parsing="disabilitato" body="disabilitato" attachments="disabilitato" headers="disabilitato"/>
        <ns2:richiesta-uscita payload="abilitato" payload-parsing="disabilitato" body="disabilitato" attachments="disabilitato" headers="abilitato"/>
        <ns2:risposta-ingresso payload="abilitato" payload-parsing="disabilitato" body="disabilitato" attachments="disabilitato" headers="abilitato"/>
        <ns2:risposta-uscita payload="disabilitato" payload-parsing="disabilitato" body="disabilitato" attachments="disabilitato" headers="disabilitato"/>
    </ns2:dump>
    <ns2:trasformazioni>
        <ns2:regola nome="GovWay-Transaction-ID-Erogazione" posizione="1" stato="abilitato">
            <ns2:richiesta conversione="false"/>
            <ns2:risposta nome="GovWay-Transaction-ID-Erogazione" posizione="1" conversione="false">
                <ns2:header conversione-tipo="add" nome="GovWay-Transaction-ID-Erogazione" valore="${headerResponse:GovWay-Transaction-ID}" identificazione-fallita="blocca"/>
            </ns2:risposta>
        </ns2:regola>
    </ns2:trasformazioni>
    <ns2:proprieta-oggetto utente-richiedente="amministratore" data-creazione="2024-07-05T20:11:19.061+02:00" utente-ultima-modifica="amministratore" data-ultima-modifica="2024-07-06T19:08:19.741+02:00"/>
</ns2:porta-delegata>
