<?xml version="1.0" encoding="UTF-8" standalone="yes"?>
<ns2:porta-delegata xmlns:ns2="http://www.openspcoop2.org/core/config" nome="__gw_SoggettoInternoVaultTestFruitore/gw_SoggettoInternoVaultTest/gw_TestVaultJoseSecurity/v1__Specific2" descrizione="Internal Subscription 'Specific2' for gw_SoggettoInternoVaultTestFruitore/gw_SoggettoInternoVaultTest/gw_TestVaultJoseSecurity/v1" autenticazione="none" autenticazione-opzionale="disabilitato" autorizzazione="none" ricevuta-asincrona-simmetrica="abilitato" ricevuta-asincrona-asimmetrica="abilitato" allega-body="disabilitato" scarta-body="disabilitato" ricerca-porta-azione-delegata="disabilitato" stato="abilitato">
    <ns2:soggetto-erogatore tipo="gw" nome="SoggettoInternoVaultTest"/>
    <ns2:servizio tipo="gw" nome="TestVaultJoseSecurity" versione="1"/>
    <ns2:azione identificazione="delegatedBy" nome-porta-delegante="gw_SoggettoInternoVaultTestFruitore/gw_SoggettoInternoVaultTest/gw_TestVaultJoseSecurity/v1" force-interface-based="disabilitato">
        <ns2:azione-delegata>encrypt</ns2:azione-delegata>
    </ns2:azione>
    <ns2:message-security>
        <ns2:request-flow mode="messageSecurity.jose.sender.encrypt">
            <ns2:parameter nome="encryptionPropRefId_@@@_rs.security.encryption.include.cert" valore="true"/>
            <ns2:parameter nome="encryptionPropRefId_@@@_rs.security.keystore.type" valore="jks"/>
            <ns2:parameter nome="encryptionPropRefId_@@@_rs.security.keystore.password" valore="123456"/>
            <ns2:parameter nome="securityEngine" valore="jose"/>
            <ns2:parameter nome="encryptionPropRefId_@@@_rs.security.encryption.key.algorithm" valore="RSA1_5"/>
            <ns2:parameter nome="joseUseHeaders" valore="true"/>
            <ns2:parameter nome="joseContentType" valore="false"/>
            <ns2:parameter nome="encryptionPropRefId_@@@_rs.security.encryption.content.algorithm" valore="A256GCM"/>
            <ns2:parameter nome="encryptionMode" valore="json"/>
            <ns2:parameter nome="encryptionPropRefId_@@@_rs.security.keystore.file" valore="/etc/govway/keys/xca/trustStore_certificati.jks"/>
            <ns2:parameter nome="includeExtendedHeader" valore="false"/>
            <ns2:parameter nome="encryptionPropRefId_@@@_rs.security.encryption.include.key.id" valore="true"/>
            <ns2:parameter nome="action" valore="Encrypt"/>
            <ns2:parameter nome="encryptionPropRefId_@@@_rs.security.keystore.alias" valore="ExampleClient1"/>
            <ns2:parameter nome="includeCertMode" valore="x5c"/>
            <ns2:parameter nome="includeCertShaMode" valore="-"/>
            <ns2:parameter nome="encryptionPropRefId_@@@_rs.security.encryption.zip.algorithm" valore="NONE"/>
        </ns2:request-flow>
        <ns2:response-flow mode="messageSecurity.jose.receiver.encrypt">
            <ns2:parameter nome="joseUseHeaders" valore="false"/>
            <ns2:parameter nome="decryptionPropRefId_@@@_rs.security.keystore.type" valore="jwk"/>
            <ns2:parameter nome="decryptionPropRefId_@@@_rs.security.keystore.alias" valore="de606068-01cb-49a5-824d-fb171b5d5ae4"/>
            <ns2:parameter nome="decryptionPropRefId_@@@_rs.security.keystore.file" valore="/etc/govway/keys/testJWKprivate.jwk.BYOK"/>
            <ns2:parameter nome="decryptionPropRefId_@@@_rs.security.keystore.file.byok" valore="openssl-pbkdf2-unwrap"/>
            <ns2:parameter nome="decryptionMode" valore="compact"/>
            <ns2:parameter nome="action" valore="Decrypt"/>
            <ns2:parameter nome="securityEngine" valore="jose"/>
            <ns2:parameter nome="decryptionPropRefId_@@@_rs.security.encryption.key.algorithm" valore="RSA1_5"/>
            <ns2:parameter nome="decryptionPropRefId_@@@_rs.security.encryption.content.algorithm" valore="A256GCM"/>
            <ns2:parameter nome="detachSecurityInfo" valore="true"/>
        </ns2:response-flow>
    </ns2:message-security>
    <ns2:dump realtime="abilitato">
        <ns2:richiesta-ingresso payload="disabilitato" payload-parsing="disabilitato" body="disabilitato" attachments="disabilitato" headers="disabilitato"/>
        <ns2:richiesta-uscita payload="abilitato" payload-parsing="disabilitato" body="disabilitato" attachments="disabilitato" headers="abilitato"/>
        <ns2:risposta-ingresso payload="abilitato" payload-parsing="disabilitato" body="disabilitato" attachments="disabilitato" headers="abilitato"/>
        <ns2:risposta-uscita payload="disabilitato" payload-parsing="disabilitato" body="disabilitato" attachments="disabilitato" headers="disabilitato"/>
    </ns2:dump>
    <ns2:trasformazioni>
        <ns2:regola nome="GovWay-Transaction-ID-Erogazione" posizione="1" stato="abilitato">
            <ns2:richiesta conversione="false"/>
            <ns2:risposta nome="GovWay-Transaction-ID-Erogazione" posizione="1" conversione="false">
                <ns2:header conversione-tipo="add" nome="GovWay-Transaction-ID-Erogazione" valore="${headerResponse:GovWay-Transaction-ID}" identificazione-fallita="blocca"/>
            </ns2:risposta>
        </ns2:regola>
    </ns2:trasformazioni>
    <ns2:proprieta-oggetto utente-richiedente="amministratore" data-creazione="2024-07-05T20:11:18.640+02:00" utente-ultima-modifica="amministratore" data-ultima-modifica="2024-07-05T20:22:30.523+02:00"/>
</ns2:porta-delegata>
