<?xml version="1.0" encoding="UTF-8" standalone="yes"?>
<ns2:porta-delegata xmlns:ns2="http://www.openspcoop2.org/core/config" nome="__gw_SoggettoInternoVaultTestFruitore/gw_SoggettoInternoVaultTest/gw_TestVaultValidazioneAuthorizationServer/v1__Specific1" descrizione="Internal Subscription 'Specific1' for gw_SoggettoInternoVaultTestFruitore/gw_SoggettoInternoVaultTest/gw_TestVaultValidazioneAuthorizationServer/v1" autenticazione="none" autenticazione-opzionale="disabilitato" autorizzazione="none" ricevuta-asincrona-simmetrica="abilitato" ricevuta-asincrona-asimmetrica="abilitato" allega-body="disabilitato" scarta-body="disabilitato" ricerca-porta-azione-delegata="disabilitato" stato="abilitato">
    <ns2:soggetto-erogatore tipo="gw" nome="SoggettoInternoVaultTest"/>
    <ns2:servizio tipo="gw" nome="TestVaultValidazioneAuthorizationServer" versione="1"/>
    <ns2:azione identificazione="delegatedBy" nome-porta-delegante="gw_SoggettoInternoVaultTestFruitore/gw_SoggettoInternoVaultTest/gw_TestVaultValidazioneAuthorizationServer/v1" force-interface-based="disabilitato">
        <ns2:azione-delegata>Vault-ForwardGovWayJWS</ns2:azione-delegata>
    </ns2:azione>
    <ns2:gestione-token policy="Vault-ForwardGovWayJWS" token-opzionale="disabilitato" validazione="abilitato" introspection="disabilitato" userInfo="disabilitato" forward="abilitato"/>
    <ns2:dump realtime="abilitato">
        <ns2:richiesta-ingresso payload="disabilitato" payload-parsing="disabilitato" body="disabilitato" attachments="disabilitato" headers="disabilitato"/>
        <ns2:richiesta-uscita payload="abilitato" payload-parsing="disabilitato" body="disabilitato" attachments="disabilitato" headers="abilitato"/>
        <ns2:risposta-ingresso payload="disabilitato" payload-parsing="disabilitato" body="disabilitato" attachments="disabilitato" headers="disabilitato"/>
        <ns2:risposta-uscita payload="disabilitato" payload-parsing="disabilitato" body="disabilitato" attachments="disabilitato" headers="disabilitato"/>
    </ns2:dump>
    <ns2:trasformazioni>
        <ns2:regola nome="GovWay-Transaction-ID-Erogazione" posizione="1" stato="abilitato">
            <ns2:richiesta conversione="false"/>
            <ns2:risposta nome="GovWay-Transaction-ID-Erogazione" posizione="1" conversione="false">
                <ns2:header conversione-tipo="add" nome="GovWay-Transaction-ID-Erogazione" valore="${headerResponse:GovWay-Transaction-ID}" identificazione-fallita="blocca"/>
            </ns2:risposta>
        </ns2:regola>
    </ns2:trasformazioni>
    <ns2:proprieta-oggetto utente-richiedente="amministratore" data-creazione="2024-07-03T17:21:52.421+02:00" utente-ultima-modifica="amministratore" data-ultima-modifica="2024-07-03T17:27:46.237+02:00"/>
</ns2:porta-delegata>
