<?xml version="1.0" encoding="UTF-8" standalone="yes"?>
<ns2:porta-delegata xmlns:ns2="http://www.openspcoop2.org/core/config" nome="__gw_SoggettoInternoVaultTestFruitore/gw_SoggettoInternoVaultTest/gw_TestWSSecurity/v1__Specific5" descrizione="Internal Subscription 'Specific5' for gw_SoggettoInternoVaultTestFruitore/gw_SoggettoInternoVaultTest/gw_TestWSSecurity/v1" autenticazione="none" autenticazione-opzionale="disabilitato" autorizzazione="none" ricevuta-asincrona-simmetrica="abilitato" ricevuta-asincrona-asimmetrica="abilitato" allega-body="disabilitato" scarta-body="disabilitato" ricerca-porta-azione-delegata="disabilitato" stato="abilitato">
    <ns2:soggetto-erogatore tipo="gw" nome="SoggettoInternoVaultTest"/>
    <ns2:servizio tipo="gw" nome="TestWSSecurity" versione="1"/>
    <ns2:azione identificazione="delegatedBy" nome-porta-delegante="gw_SoggettoInternoVaultTestFruitore/gw_SoggettoInternoVaultTest/gw_TestWSSecurity/v1" force-interface-based="disabilitato">
        <ns2:azione-delegata>saml-holder-of-key</ns2:azione-delegata>
    </ns2:azione>
    <ns2:message-security>
        <ns2:request-flow mode="messageSecurity.wss4j.sender.saml">
            <ns2:parameter nome="mustUnderstand" valore="false"/>
            <ns2:parameter nome="samlPropRefId_@@@_openspcoop2.saml.attribute.statement.ATTR_2.values.separator" valore=","/>
            <ns2:parameter nome="securityEngine" valore="wss4j"/>
            <ns2:parameter nome="signaturePassword" valore="-"/>
            <ns2:parameter nome="signaturePropRefId_@@@_org.apache.ws.security.crypto.provider" valore="org.openspcoop2.security.keystore.MerlinProvider"/>
            <ns2:parameter nome="samlPropRefId_@@@_openspcoop2.saml.attribute.statement.ATTR_1.name.qualified" valore="QualfiiedProva1"/>
            <ns2:parameter nome="samlPropRefId_@@@_openspcoop2.saml.attribute.statement.ATTR_1.values.separator" valore=","/>
            <ns2:parameter nome="passwordCallbackRef" valore="true"/>
            <ns2:parameter nome="samlPropRefId_@@@_openspcoop2.saml.subject.nameID.format" valore="UNSPECIFIED"/>
            <ns2:parameter nome="action" valore="SAMLTokenUnsigned Signature"/>
            <ns2:parameter nome="signatureUser" valore="client2_hsm"/>
            <ns2:parameter nome="samlPropRefId_@@@_openspcoop2.saml.assertion.sign" valore="true"/>
            <ns2:parameter nome="subjectConfirmationMethodCustomChoise" valore="false"/>
            <ns2:parameter nome="samlPropRefId_@@@_openspcoop2.saml.attribute.statement.ATTR_2.values" valore="3,4"/>
            <ns2:parameter nome="samlPropRefId_@@@_openspcoop2.saml.attribute.statement.ATTR_1.values" valore="333"/>
            <ns2:parameter nome="samlPropRefId_@@@_openspcoop2.saml.assertion.sign.sendKeyValue" valore="true"/>
            <ns2:parameter nome="signatureC14nAlgorithmExclusive" valore="http://www.w3.org/2001/10/xml-exc-c14n#"/>
            <ns2:parameter nome="signaturePropRefId_convertParamsIntoSamlPropRefId" valore="samlPropRefId"/>
            <ns2:parameter nome="confirmationtTimeMode" valore="minutes"/>
            <ns2:parameter nome="samlPropRefId_@@@_openspcoop2.saml.attribute.statement.enabled" valore="true"/>
            <ns2:parameter nome="authnStatementTimeMode" valore="default"/>
            <ns2:parameter nome="attributeStatementFormatCustomChoise_2" valore="false"/>
            <ns2:parameter nome="signatureKeyIdentifier" valore="IssuerSerial"/>
            <ns2:parameter nome="samlPropRefId_@@@_openspcoop2.saml.attribute.statement.ATTR_2.name.qualified" valore="PROVA2"/>
            <ns2:parameter nome="attributeStatementFormatCustomChoise_1" valore="false"/>
            <ns2:parameter nome="samlPropRefId_@@@_openspcoop2.saml.subject.nameID.value" valore="TESTSubject"/>
            <ns2:parameter nome="authnContextClassRefCustomChoise" valore="false"/>
            <ns2:parameter nome="signatureSamlSubjectConfirmationHolderOfKey" valore="true"/>
            <ns2:parameter nome="includeSignatureToken" valore="true"/>
            <ns2:parameter nome="samlPropRefId_@@@_openspcoop2.saml.authn" valore="UNSPECIFIED"/>
            <ns2:parameter nome="signaturePropRefId_@@@_org.apache.ws.security.crypto.merlin.keystore.type" valore="pkcs11-client2"/>
            <ns2:parameter nome="samlPropRefId_@@@_openspcoop2.saml.conditions.notOnOrAfter.minutes" valore="60"/>
            <ns2:parameter nome="signatureDigestAlgorithm" valore="http://www.w3.org/2001/04/xmlenc#sha256"/>
            <ns2:parameter nome="signatureParts" valore="{Element}{SOAP_TEMPLATE_NS}Body; {Element}{SAML_TEMPLATE_NS}Assertion"/>
            <ns2:parameter nome="samlPropRefId_@@@_openspcoop2.saml.conditions.notBefore.minutes" valore="0"/>
            <ns2:parameter nome="samlPropRefId_@@@_openspcoop2.saml.subject.confirmation.method" valore="HOLDER_OF_KEY"/>
            <ns2:parameter nome="samlPropRefId_@@@_openspcoop2.saml.subject.confirmation.data.notBefore.minutes" valore="0"/>
            <ns2:parameter nome="___action" valore="signatureActionSignedConfirmation_@@_signatureActionSignedConfirmationSignature"/>
            <ns2:parameter nome="samlPropRefId_@@@_openspcoop2.saml.issuer.format" valore="UNSPECIFIED"/>
            <ns2:parameter nome="signaturePropRefId_@@@_org.apache.ws.security.crypto.merlin.file" valore="HSM-pkcs11-client2"/>
            <ns2:parameter nome="subjectFormatCustomChoise" valore="false"/>
            <ns2:parameter nome="samlPropRefId_@@@_openspcoop2.keystoreCache" valore="true"/>
            <ns2:parameter nome="signatureAlgorithm" valore="http://www.w3.org/2001/04/xmldsig-more#rsa-sha256"/>
            <ns2:parameter nome="samlPropRefId_@@@_openspcoop2.saml.version" valore="2.0"/>
            <ns2:parameter nome="samlPropRefId_@@@_openspcoop2.saml.attribute.statement.ATTR_1.name.format" valore="UNSPECIFIED"/>
            <ns2:parameter nome="samlPropRefId_@@@_openspcoop2.saml.attribute.statement.ATTR_2.name.format" valore="UNSPECIFIED"/>
            <ns2:parameter nome="signatureActionChoice" valore="true"/>
            <ns2:parameter nome="samlPropRefId_@@@_openspcoop2.saml.attribute.statement.ATTR_1.name.simple" valore="PROVA1"/>
            <ns2:parameter nome="samlPropRefId_@@@_openspcoop2.saml.subject.confirmation.data.notOnOrAfter.minutes" valore="60"/>
            <ns2:parameter nome="issuerFormatCustomChoise" valore="false"/>
            <ns2:parameter nome="attributeStatementNumber" valore="02"/>
            <ns2:parameter nome="signaturePropRefId_convertParamsIntoSamlPropRefId_holderOfKey" valore="samlPropRefId"/>
            <ns2:parameter nome="signaturePropRefId_@@@_org.apache.ws.security.crypto.merlin.keystore.password" valore="-"/>
            <ns2:parameter nome="samlPropRefId_@@@_openspcoop2.saml.issuer.value" valore="TEST"/>
            <ns2:parameter nome="samlPropRefId_@@@_openspcoop2.saml.authn.statement.enabled" valore="true"/>
        </ns2:request-flow>
        <ns2:response-flow mode="messageSecurity.wss4j.receiver.saml">
            <ns2:parameter nome="mustUnderstand" valore="true"/>
            <ns2:parameter nome="signaturePropRefId_@@@_org.apache.ws.security.crypto.merlin.file" valore="HSM-pkcs11-server"/>
            <ns2:parameter nome="isBSPCompliant" valore="false"/>
            <ns2:parameter nome="securityEngine" valore="wss4j"/>
            <ns2:parameter nome="samlVersion" valore="2.0"/>
            <ns2:parameter nome="signaturePropRefId_@@@_org.apache.ws.security.crypto.provider" valore="org.openspcoop2.security.keystore.MerlinProvider"/>
            <ns2:parameter nome="detachSecurityInfo" valore="true"/>
            <ns2:parameter nome="actor" valore="actorExample"/>
            <ns2:parameter nome="signatureActionChoice" valore="true"/>
            <ns2:parameter nome="enableRevocation" valore="false"/>
            <ns2:parameter nome="validateSamlSubjectConfirmation" valore="true"/>
            <ns2:parameter nome="signaturePropRefId_@@@_org.apache.ws.security.crypto.merlin.keystore.type" valore="pkcs11-server"/>
            <ns2:parameter nome="validateSamlSubjectConfirmationType" valore="holder-of-key"/>
            <ns2:parameter nome="action" valore="Signature SAMLTokenSigned"/>
            <ns2:parameter nome="signaturePropRefId_@@@_org.apache.ws.security.crypto.merlin.keystore.password" valore="-"/>
        </ns2:response-flow>
    </ns2:message-security>
    <ns2:dump realtime="abilitato">
        <ns2:richiesta-ingresso payload="disabilitato" payload-parsing="disabilitato" body="disabilitato" attachments="disabilitato" headers="disabilitato"/>
        <ns2:richiesta-uscita payload="abilitato" payload-parsing="disabilitato" body="disabilitato" attachments="disabilitato" headers="abilitato"/>
        <ns2:risposta-ingresso payload="abilitato" payload-parsing="disabilitato" body="disabilitato" attachments="disabilitato" headers="abilitato"/>
        <ns2:risposta-uscita payload="disabilitato" payload-parsing="disabilitato" body="disabilitato" attachments="disabilitato" headers="disabilitato"/>
    </ns2:dump>
    <ns2:trasformazioni>
        <ns2:regola nome="GovWay-Transaction-ID-Erogazione" posizione="1" stato="abilitato">
            <ns2:richiesta conversione="false"/>
            <ns2:risposta nome="GovWay-Transaction-ID-Erogazione" posizione="1" conversione="false">
                <ns2:header conversione-tipo="add" nome="GovWay-Transaction-ID-Erogazione" valore="${headerResponse:GovWay-Transaction-ID}" identificazione-fallita="blocca"/>
            </ns2:risposta>
        </ns2:regola>
    </ns2:trasformazioni>
    <ns2:proprieta-oggetto utente-richiedente="amministratore" data-creazione="2024-07-03T17:21:52.883+02:00" utente-ultima-modifica="amministratore" data-ultima-modifica="2024-07-03T17:27:46.715+02:00"/>
</ns2:porta-delegata>
