<?xml version="1.0" encoding="UTF-8" standalone="yes"?>
<fruitore xmlns="http://www.openspcoop2.org/core/registry" tipo="modipa" nome="DemoSoggettoFruitore" ora-registrazione="2021-09-03T14:58:57.062+02:00">
    <connettore tipo="http" nome="CNT_SF_modipa/DemoSoggettoFruitore_modipa/DemoSoggettoErogatore_modipa/RestBlockingIDAR0302HeaderDuplicatiCorniceSicurezzaCustomClaim/1">
        <property nome="location" valore="http://localhost:8090"/>
    </connettore>
    <protocol-property name="modipaSecurityMessageCorniceSicurezzaCodiceEnte"/>
    <protocol-property name="modipaSecurityMessageCorniceSicurezzaCodiceEnteMode" value="default"/>
    <protocol-property name="modipaSecurityMessageCorniceSicurezzaIPUser"/>
    <protocol-property name="modipaSecurityMessageCorniceSicurezzaIPUserMode" value="default"/>
    <protocol-property name="modipaSecurityMessageCorniceSicurezzaUser"/>
    <protocol-property name="modipaSecurityMessageCorniceSicurezzaUserMode" value="default"/>
    <protocol-property name="modipaSecurityMessageHttpHeaders" value="Digest,Content-Type,Content-Encoding"/>
    <protocol-property name="modipaSecurityMessageRequestAud" value="testsuite"/>
    <protocol-property name="modipaSecurityMessageRequestClaims" value="iss=${clientOrganizationConfig:iss}&#10;sub=${transportContext:credential.identity}&#10;user_ip=${query:userIP}&#10;custom_api=${config:pCustom}&#10;custom_api_ridefinito=${config:pCustom}&#10;custom_fruitore=${clientOrganizationConfig:pCustom}&#10;custom_erogatore=${providerOrganizationConfig:pCustom}&#10;custom_applicativo=${clientApplicationConfig:pCustom}&#10;custom_hdr=${header:GovWay-TestSuite-Test-ID}&#10;custom_json=${jsonPath:$.a.a2}&#10;custom_system=${system:SystemProperty1}&#10;custom_java=${java:JavaProperty1}&#10;custom_env=${env:EnvProperty1}"/>
    <protocol-property name="modipaSecurityMessageRequestClaimsAuth" value="iss=${clientOrganizationConfig:iss}Authorization&#10;custom_api_ridefinito=${config:pCustom}Authorization&#10;custom_fruitore_authorization=${clientOrganizationConfig:pCustom}Authorization&#10;custom_erogatore_authorization=${providerOrganizationConfig:pCustom}Authorization&#10;custom_applicativo_authorization=${clientApplicationConfig:pCustom}Authorization&#10;custom_hdr_authorization=${header:GovWay-TestSuite-Test-ID}Authorization&#10;custom_json_authorization=${jsonPath:$.a.a2}Authorization"/>
    <protocol-property name="modipaSecurityMessageRequestClaimsModi" value="sub=${transportContext:credential.identity}Integrity&#10;custom_api_ridefinito=${config:pCustom}Integrity&#10;custom_fruitore_integrity=${clientOrganizationConfig:pCustom}Integrity&#10;custom_erogatore_integrity=${providerOrganizationConfig:pCustom}Integrity&#10;custom_applicativo_integrity=${clientApplicationConfig:pCustom}Integrity&#10;custom_hdr_integrity=${header:GovWay-TestSuite-Test-ID}Integrity&#10;custom_json_integrity=${jsonPath:$.a.a2}Integrity"/>
    <protocol-property name="modipaSecurityMessageRequestExp" number-value="300"/>
    <protocol-property name="modipaSecurityMessageRequestIntegrityAud"/>
    <protocol-property name="modipaSecurityMessageRequestIntegrityAudMode" value="same"/>
    <protocol-property name="modipaSecurityMessageRequestJti" value="same"/>
    <protocol-property name="modipaSecurityMessageRequestJtiIdMsg" value="auth"/>
    <protocol-property name="modipaSecurityMessageResponseAud" boolean-value="false"/>
    <protocol-property name="modipaSecurityMessageResponseAudExpected"/>
    <protocol-property name="modipaSecurityMessageResponseDuplicateJti" value="auth"/>
    <protocol-property name="modipaSecurityMessageResponseIntegrityAud"/>
    <protocol-property name="modipaSecurityMessageResponseIntegrityAudMode" value="same"/>
    <protocol-property name="modipaSecurityMessageRestRequestAlg" value="RS256"/>
    <protocol-property name="modipaSecurityMessageRestRequestX509Cert" value="x5c,x5t"/>
    <protocol-property name="modipaSecurityMessageRestRequestX509CertUseCertificateChain" boolean-value="false"/>
    <protocol-property name="modipaSecurityMessageRestResponseX509Cert" value="x5c,x5t"/>
    <protocol-property name="modipaSecurityMessageRestResponseX509CertAsReq" value="true"/>
    <protocol-property name="modipaSslTruststoreCRLs"/>
    <protocol-property name="modipaSslTruststoreMode" value="default"/>
    <protocol-property name="modipaSslTruststorePassword"/>
    <protocol-property name="modipaSslTruststorePath"/>
    <protocol-property name="modipaSslTruststoreType" value="jks"/>
    <protocol-property name="modipaTruststoreCRLs"/>
    <protocol-property name="modipaTruststoreMode" value="default"/>
    <protocol-property name="modipaTruststorePassword"/>
    <protocol-property name="modipaTruststorePath"/>
    <protocol-property name="modipaTruststoreType" value="jks"/>
</fruitore>
